// Rockwell 20px — 97 glyphs, 17487 bytes
// Copyright (c) 1989 Adobe Systems Incorporated. All rights reserved.Rockwell is trademark of the Monotype Corporation plc
// Generated by Embedded Font Studio
// Usage (TFT_eSPI — requires #define SMOOTH_FONT in User_Setup.h):
//   tft.loadFont(Rockwell20);
//   tft.setTextColor(TFT_WHITE, TFT_BLACK); // fg AND bg: smooth fonts blend, no transparency
//   tft.drawString("Hello", 10, 10);
//   tft.unloadFont();

#include <pgmspace.h>

const uint8_t Rockwell20[] PROGMEM = {
  0x00, 0x00, 0x00, 0x61, 0x00, 0x00, 0x00, 0x0b, 0x00, 0x00, 0x00, 0x14, 0x00, 0x00, 0x00, 0x00,
  0x00, 0x00, 0x00, 0x12, 0x00, 0x00, 0x00, 0x04, 0x00, 0x00, 0x00, 0x20, 0x00, 0x00, 0x00, 0x00,
  0x00, 0x00, 0x00, 0x00, 0x00, 0x00, 0x00, 0x05, 0x00, 0x00, 0x00, 0x00, 0x00, 0x00, 0x00, 0x00,
  0x00, 0x00, 0x00, 0x00, 0x00, 0x00, 0x00, 0x21, 0x00, 0x00, 0x00, 0x0e, 0x00, 0x00, 0x00, 0x05,
  0x00, 0x00, 0x00, 0x07, 0x00, 0x00, 0x00, 0x0e, 0x00, 0x00, 0x00, 0x01, 0x00, 0x00, 0x00, 0x00,
  0x00, 0x00, 0x00, 0x22, 0x00, 0x00, 0x00, 0x07, 0x00, 0x00, 0x00, 0x09, 0x00, 0x00, 0x00, 0x0b,
  0x00, 0x00, 0x00, 0x0e, 0x00, 0x00, 0x00, 0x01, 0x00, 0x00, 0x00, 0x00, 0x00, 0x00, 0x00, 0x23,
  0x00, 0x00, 0x00, 0x0f, 0x00, 0x00, 0x00, 0x0d, 0x00, 0x00, 0x00, 0x0d, 0x00, 0x00, 0x00, 0x0e,
  0x00, 0x00, 0x00, 0x00, 0x00, 0x00, 0x00, 0x00, 0x00, 0x00, 0x00, 0x24, 0x00, 0x00, 0x00, 0x10,
  0x00, 0x00, 0x00, 0x0b, 0x00, 0x00, 0x00, 0x0b, 0x00, 0x00, 0x00, 0x0e, 0x00, 0x00, 0x00, 0x00,
  0x00, 0x00, 0x00, 0x00, 0x00, 0x00, 0x00, 0x25, 0x00, 0x00, 0x00, 0x0f, 0x00, 0x00, 0x00, 0x12,
  0x00, 0x00, 0x00, 0x13, 0x00, 0x00, 0x00, 0x0e, 0x00, 0x00, 0x00, 0x00, 0x00, 0x00, 0x00, 0x00,
  0x00, 0x00, 0x00, 0x26, 0x00, 0x00, 0x00, 0x0f, 0x00, 0x00, 0x00, 0x10, 0x00, 0x00, 0x00, 0x10,
  0x00, 0x00, 0x00, 0x0e, 0x00, 0x00, 0x00, 0x00, 0x00, 0x00, 0x00, 0x00, 0x00, 0x00, 0x00, 0x27,
  0x00, 0x00, 0x00, 0x07, 0x00, 0x00, 0x00, 0x04, 0x00, 0x00, 0x00, 0x06, 0x00, 0x00, 0x00, 0x0e,
  0x00, 0x00, 0x00, 0x01, 0x00, 0x00, 0x00, 0x00, 0x00, 0x00, 0x00, 0x28, 0x00, 0x00, 0x00, 0x13,
  0x00, 0x00, 0x00, 0x07, 0x00, 0x00, 0x00, 0x07, 0x00, 0x00, 0x00, 0x0e, 0x00, 0x00, 0x00, 0x00,
  0x00, 0x00, 0x00, 0x00, 0x00, 0x00, 0x00, 0x29, 0x00, 0x00, 0x00, 0x13, 0x00, 0x00, 0x00, 0x06,
  0x00, 0x00, 0x00, 0x07, 0x00, 0x00, 0x00, 0x0e, 0x00, 0x00, 0x00, 0x00, 0x00, 0x00, 0x00, 0x00,
  0x00, 0x00, 0x00, 0x2a, 0x00, 0x00, 0x00, 0x0a, 0x00, 0x00, 0x00, 0x0b, 0x00, 0x00, 0x00, 0x0b,
  0x00, 0x00, 0x00, 0x0e, 0x00, 0x00, 0x00, 0x00, 0x00, 0x00, 0x00, 0x00, 0x00, 0x00, 0x00, 0x2b,
  0x00, 0x00, 0x00, 0x0c, 0x00, 0x00, 0x00, 0x0c, 0x00, 0x00, 0x00, 0x0d, 0x00, 0x00, 0x00, 0x0d,
  0x00, 0x00, 0x00, 0x01, 0x00, 0x00, 0x00, 0x00, 0x00, 0x00, 0x00, 0x2c, 0x00, 0x00, 0x00, 0x08,
  0x00, 0x00, 0x00, 0x05, 0x00, 0x00, 0x00, 0x07, 0x00, 0x00, 0x00, 0x04, 0x00, 0x00, 0x00, 0x01,
  0x00, 0x00, 0x00, 0x00, 0x00, 0x00, 0x00, 0x2d, 0x00, 0x00, 0x00, 0x04, 0x00, 0x00, 0x00, 0x07,
  0x00, 0x00, 0x00, 0x07, 0x00, 0x00, 0x00, 0x07, 0x00, 0x00, 0x00, 0x00, 0x00, 0x00, 0x00, 0x00,
  0x00, 0x00, 0x00, 0x2e, 0x00, 0x00, 0x00, 0x04, 0x00, 0x00, 0x00, 0x05, 0x00, 0x00, 0x00, 0x07,
  0x00, 0x00, 0x00, 0x04, 0x00, 0x00, 0x00, 0x01, 0x00, 0x00, 0x00, 0x00, 0x00, 0x00, 0x00, 0x2f,
  0x00, 0x00, 0x00, 0x0f, 0x00, 0x00, 0x00, 0x0b, 0x00, 0x00, 0x00, 0x0a, 0x00, 0x00, 0x00, 0x0e,
  0x00, 0x00, 0x00, 0x00, 0x00, 0x00, 0x00, 0x00, 0x00, 0x00, 0x00, 0x30, 0x00, 0x00, 0x00, 0x0f,
  0x00, 0x00, 0x00, 0x0b, 0x00, 0x00, 0x00, 0x0b, 0x00, 0x00, 0x00, 0x0e, 0x00, 0x00, 0x00, 0x00,
  0x00, 0x00, 0x00, 0x00, 0x00, 0x00, 0x00, 0x31, 0x00, 0x00, 0x00, 0x0e, 0x00, 0x00, 0x00, 0x07,
  0x00, 0x00, 0x00, 0x0b, 0x00, 0x00, 0x00, 0x0e, 0x00, 0x00, 0x00, 0x02, 0x00, 0x00, 0x00, 0x00,
  0x00, 0x00, 0x00, 0x32, 0x00, 0x00, 0x00, 0x0e, 0x00, 0x00, 0x00, 0x0a, 0x00, 0x00, 0x00, 0x0b,
  0x00, 0x00, 0x00, 0x0e, 0x00, 0x00, 0x00, 0x00, 0x00, 0x00, 0x00, 0x00, 0x00, 0x00, 0x00, 0x33,
  0x00, 0x00, 0x00, 0x0f, 0x00, 0x00, 0x00, 0x0b, 0x00, 0x00, 0x00, 0x0b, 0x00, 0x00, 0x00, 0x0e,
  0x00, 0x00, 0x00, 0x00, 0x00, 0x00, 0x00, 0x00, 0x00, 0x00, 0x00, 0x34, 0x00, 0x00, 0x00, 0x0e,
  0x00, 0x00, 0x00, 0x0a, 0x00, 0x00, 0x00, 0x0b, 0x00, 0x00, 0x00, 0x0e, 0x00, 0x00, 0x00, 0x00,
  0x00, 0x00, 0x00, 0x00, 0x00, 0x00, 0x00, 0x35, 0x00, 0x00, 0x00, 0x0f, 0x00, 0x00, 0x00, 0x0a,
  0x00, 0x00, 0x00, 0x0b, 0x00, 0x00, 0x00, 0x0e, 0x00, 0x00, 0x00, 0x00, 0x00, 0x00, 0x00, 0x00,
  0x00, 0x00, 0x00, 0x36, 0x00, 0x00, 0x00, 0x0f, 0x00, 0x00, 0x00, 0x0a, 0x00, 0x00, 0x00, 0x0b,
  0x00, 0x00, 0x00, 0x0e, 0x00, 0x00, 0x00, 0x00, 0x00, 0x00, 0x00, 0x00, 0x00, 0x00, 0x00, 0x37,
  0x00, 0x00, 0x00, 0x0e, 0x00, 0x00, 0x00, 0x09, 0x00, 0x00, 0x00, 0x0b, 0x00, 0x00, 0x00, 0x0e,
  0x00, 0x00, 0x00, 0x01, 0x00, 0x00, 0x00, 0x00, 0x00, 0x00, 0x00, 0x38, 0x00, 0x00, 0x00, 0x0f,
  0x00, 0x00, 0x00, 0x0b, 0x00, 0x00, 0x00, 0x0b, 0x00, 0x00, 0x00, 0x0e, 0x00, 0x00, 0x00, 0x00,
  0x00, 0x00, 0x00, 0x00, 0x00, 0x00, 0x00, 0x39, 0x00, 0x00, 0x00, 0x0f, 0x00, 0x00, 0x00, 0x0a,
  0x00, 0x00, 0x00, 0x0b, 0x00, 0x00, 0x00, 0x0e, 0x00, 0x00, 0x00, 0x00, 0x00, 0x00, 0x00, 0x00,
  0x00, 0x00, 0x00, 0x3a, 0x00, 0x00, 0x00, 0x0a, 0x00, 0x00, 0x00, 0x05, 0x00, 0x00, 0x00, 0x07,
  0x00, 0x00, 0x00, 0x0a, 0x00, 0x00, 0x00, 0x01, 0x00, 0x00, 0x00, 0x00, 0x00, 0x00, 0x00, 0x3b,
  0x00, 0x00, 0x00, 0x0e, 0x00, 0x00, 0x00, 0x05, 0x00, 0x00, 0x00, 0x07, 0x00, 0x00, 0x00, 0x0a,
  0x00, 0x00, 0x00, 0x01, 0x00, 0x00, 0x00, 0x00, 0x00, 0x00, 0x00, 0x3c, 0x00, 0x00, 0x00, 0x0c,
  0x00, 0x00, 0x00, 0x0c, 0x00, 0x00, 0x00, 0x0d, 0x00, 0x00, 0x00, 0x0d, 0x00, 0x00, 0x00, 0x01,
  0x00, 0x00, 0x00, 0x00, 0x00, 0x00, 0x00, 0x3d, 0x00, 0x00, 0x00, 0x08, 0x00, 0x00, 0x00, 0x0c,
  0x00, 0x00, 0x00, 0x0d, 0x00, 0x00, 0x00, 0x0b, 0x00, 0x00, 0x00, 0x01, 0x00, 0x00, 0x00, 0x00,
  0x00, 0x00, 0x00, 0x3e, 0x00, 0x00, 0x00, 0x0c, 0x00, 0x00, 0x00, 0x0c, 0x00, 0x00, 0x00, 0x0d,
  0x00, 0x00, 0x00, 0x0d, 0x00, 0x00, 0x00, 0x01, 0x00, 0x00, 0x00, 0x00, 0x00, 0x00, 0x00, 0x3f,
  0x00, 0x00, 0x00, 0x0e, 0x00, 0x00, 0x00, 0x0b, 0x00, 0x00, 0x00, 0x0b, 0x00, 0x00, 0x00, 0x0e,
  0x00, 0x00, 0x00, 0x00, 0x00, 0x00, 0x00, 0x00, 0x00, 0x00, 0x00, 0x40, 0x00, 0x00, 0x00, 0x14,
  0x00, 0x00, 0x00, 0x14, 0x00, 0x00, 0x00, 0x14, 0x00, 0x00, 0x00, 0x0f, 0x00, 0x00, 0x00, 0x00,
  0x00, 0x00, 0x00, 0x00, 0x00, 0x00, 0x00, 0x41, 0x00, 0x00, 0x00, 0x0e, 0x00, 0x00, 0x00, 0x0f,
  0x00, 0x00, 0x00, 0x0e, 0x00, 0x00, 0x00, 0x0e, 0xff, 0xff, 0xff, 0xff, 0x00, 0x00, 0x00, 0x00,
  0x00, 0x00, 0x00, 0x42, 0x00, 0x00, 0x00, 0x0f, 0x00, 0x00, 0x00, 0x0d, 0x00, 0x00, 0x00, 0x0e,
  0x00, 0x00, 0x00, 0x0e, 0x00, 0x00, 0x00, 0x00, 0x00, 0x00, 0x00, 0x00, 0x00, 0x00, 0x00, 0x43,
  0x00, 0x00, 0x00, 0x0f, 0x00, 0x00, 0x00, 0x0f, 0x00, 0x00, 0x00, 0x10, 0x00, 0x00, 0x00, 0x0e,
  0x00, 0x00, 0x00, 0x00, 0x00, 0x00, 0x00, 0x00, 0x00, 0x00, 0x00, 0x44, 0x00, 0x00, 0x00, 0x0f,
  0x00, 0x00, 0x00, 0x10, 0x00, 0x00, 0x00, 0x10, 0x00, 0x00, 0x00, 0x0e, 0x00, 0x00, 0x00, 0x00,
  0x00, 0x00, 0x00, 0x00, 0x00, 0x00, 0x00, 0x45, 0x00, 0x00, 0x00, 0x0e, 0x00, 0x00, 0x00, 0x0d,
  0x00, 0x00, 0x00, 0x0d, 0x00, 0x00, 0x00, 0x0e, 0x00, 0x00, 0x00, 0x00, 0x00, 0x00, 0x00, 0x00,
  0x00, 0x00, 0x00, 0x46, 0x00, 0x00, 0x00, 0x0e, 0x00, 0x00, 0x00, 0x0d, 0x00, 0x00, 0x00, 0x0d,
  0x00, 0x00, 0x00, 0x0e, 0x00, 0x00, 0x00, 0x00, 0x00, 0x00, 0x00, 0x00, 0x00, 0x00, 0x00, 0x47,
  0x00, 0x00, 0x00, 0x0f, 0x00, 0x00, 0x00, 0x10, 0x00, 0x00, 0x00, 0x11, 0x00, 0x00, 0x00, 0x0e,
  0x00, 0x00, 0x00, 0x00, 0x00, 0x00, 0x00, 0x00, 0x00, 0x00, 0x00, 0x48, 0x00, 0x00, 0x00, 0x0e,
  0x00, 0x00, 0x00, 0x0f, 0x00, 0x00, 0x00, 0x0f, 0x00, 0x00, 0x00, 0x0e, 0x00, 0x00, 0x00, 0x00,
  0x00, 0x00, 0x00, 0x00, 0x00, 0x00, 0x00, 0x49, 0x00, 0x00, 0x00, 0x0e, 0x00, 0x00, 0x00, 0x09,
  0x00, 0x00, 0x00, 0x09, 0x00, 0x00, 0x00, 0x0e, 0x00, 0x00, 0x00, 0x00, 0x00, 0x00, 0x00, 0x00,
  0x00, 0x00, 0x00, 0x4a, 0x00, 0x00, 0x00, 0x13, 0x00, 0x00, 0x00, 0x09, 0x00, 0x00, 0x00, 0x08,
  0x00, 0x00, 0x00, 0x0e, 0xff, 0xff, 0xff, 0xff, 0x00, 0x00, 0x00, 0x00, 0x00, 0x00, 0x00, 0x4b,
  0x00, 0x00, 0x00, 0x0e, 0x00, 0x00, 0x00, 0x10, 0x00, 0x00, 0x00, 0x10, 0x00, 0x00, 0x00, 0x0e,
  0x00, 0x00, 0x00, 0x00, 0x00, 0x00, 0x00, 0x00, 0x00, 0x00, 0x00, 0x4c, 0x00, 0x00, 0x00, 0x0e,
  0x00, 0x00, 0x00, 0x0d, 0x00, 0x00, 0x00, 0x0d, 0x00, 0x00, 0x00, 0x0e, 0x00, 0x00, 0x00, 0x00,
  0x00, 0x00, 0x00, 0x00, 0x00, 0x00, 0x00, 0x4d, 0x00, 0x00, 0x00, 0x0e, 0x00, 0x00, 0x00, 0x15,
  0x00, 0x00, 0x00, 0x15, 0x00, 0x00, 0x00, 0x0e, 0x00, 0x00, 0x00, 0x00, 0x00, 0x00, 0x00, 0x00,
  0x00, 0x00, 0x00, 0x4e, 0x00, 0x00, 0x00, 0x0f, 0x00, 0x00, 0x00, 0x10, 0x00, 0x00, 0x00, 0x10,
  0x00, 0x00, 0x00, 0x0e, 0x00, 0x00, 0x00, 0x00, 0x00, 0x00, 0x00, 0x00, 0x00, 0x00, 0x00, 0x4f,
  0x00, 0x00, 0x00, 0x0f, 0x00, 0x00, 0x00, 0x11, 0x00, 0x00, 0x00, 0x11, 0x00, 0x00, 0x00, 0x0e,
  0x00, 0x00, 0x00, 0x00, 0x00, 0x00, 0x00, 0x00, 0x00, 0x00, 0x00, 0x50, 0x00, 0x00, 0x00, 0x0e,
  0x00, 0x00, 0x00, 0x0d, 0x00, 0x00, 0x00, 0x0d, 0x00, 0x00, 0x00, 0x0e, 0x00, 0x00, 0x00, 0x00,
  0x00, 0x00, 0x00, 0x00, 0x00, 0x00, 0x00, 0x51, 0x00, 0x00, 0x00, 0x12, 0x00, 0x00, 0x00, 0x11,
  0x00, 0x00, 0x00, 0x11, 0x00, 0x00, 0x00, 0x0e, 0x00, 0x00, 0x00, 0x00, 0x00, 0x00, 0x00, 0x00,
  0x00, 0x00, 0x00, 0x52, 0x00, 0x00, 0x00, 0x0e, 0x00, 0x00, 0x00, 0x0f, 0x00, 0x00, 0x00, 0x0f,
  0x00, 0x00, 0x00, 0x0e, 0x00, 0x00, 0x00, 0x00, 0x00, 0x00, 0x00, 0x00, 0x00, 0x00, 0x00, 0x53,
  0x00, 0x00, 0x00, 0x0f, 0x00, 0x00, 0x00, 0x0a, 0x00, 0x00, 0x00, 0x0b, 0x00, 0x00, 0x00, 0x0e,
  0x00, 0x00, 0x00, 0x00, 0x00, 0x00, 0x00, 0x00, 0x00, 0x00, 0x00, 0x54, 0x00, 0x00, 0x00, 0x0e,
  0x00, 0x00, 0x00, 0x0d, 0x00, 0x00, 0x00, 0x0e, 0x00, 0x00, 0x00, 0x0e, 0x00, 0x00, 0x00, 0x00,
  0x00, 0x00, 0x00, 0x00, 0x00, 0x00, 0x00, 0x55, 0x00, 0x00, 0x00, 0x0e, 0x00, 0x00, 0x00, 0x0e,
  0x00, 0x00, 0x00, 0x0e, 0x00, 0x00, 0x00, 0x0e, 0x00, 0x00, 0x00, 0x00, 0x00, 0x00, 0x00, 0x00,
  0x00, 0x00, 0x00, 0x56, 0x00, 0x00, 0x00, 0x0f, 0x00, 0x00, 0x00, 0x0f, 0x00, 0x00, 0x00, 0x0e,
  0x00, 0x00, 0x00, 0x0e, 0xff, 0xff, 0xff, 0xff, 0x00, 0x00, 0x00, 0x00, 0x00, 0x00, 0x00, 0x57,
  0x00, 0x00, 0x00, 0x0f, 0x00, 0x00, 0x00, 0x15, 0x00, 0x00, 0x00, 0x14, 0x00, 0x00, 0x00, 0x0e,
  0xff, 0xff, 0xff, 0xff, 0x00, 0x00, 0x00, 0x00, 0x00, 0x00, 0x00, 0x58, 0x00, 0x00, 0x00, 0x0e,
  0x00, 0x00, 0x00, 0x10, 0x00, 0x00, 0x00, 0x0f, 0x00, 0x00, 0x00, 0x0e, 0xff, 0xff, 0xff, 0xff,
  0x00, 0x00, 0x00, 0x00, 0x00, 0x00, 0x00, 0x59, 0x00, 0x00, 0x00, 0x0e, 0x00, 0x00, 0x00, 0x10,
  0x00, 0x00, 0x00, 0x0e, 0x00, 0x00, 0x00, 0x0e, 0xff, 0xff, 0xff, 0xff, 0x00, 0x00, 0x00, 0x00,
  0x00, 0x00, 0x00, 0x5a, 0x00, 0x00, 0x00, 0x0e, 0x00, 0x00, 0x00, 0x0b, 0x00, 0x00, 0x00, 0x0d,
  0x00, 0x00, 0x00, 0x0e, 0x00, 0x00, 0x00, 0x01, 0x00, 0x00, 0x00, 0x00, 0x00, 0x00, 0x00, 0x5b,
  0x00, 0x00, 0x00, 0x13, 0x00, 0x00, 0x00, 0x06, 0x00, 0x00, 0x00, 0x08, 0x00, 0x00, 0x00, 0x0e,
  0x00, 0x00, 0x00, 0x02, 0x00, 0x00, 0x00, 0x00, 0x00, 0x00, 0x00, 0x5c, 0x00, 0x00, 0x00, 0x0f,
  0x00, 0x00, 0x00, 0x0b, 0x00, 0x00, 0x00, 0x0a, 0x00, 0x00, 0x00, 0x0e, 0x00, 0x00, 0x00, 0x00,
  0x00, 0x00, 0x00, 0x00, 0x00, 0x00, 0x00, 0x5d, 0x00, 0x00, 0x00, 0x13, 0x00, 0x00, 0x00, 0x07,
  0x00, 0x00, 0x00, 0x08, 0x00, 0x00, 0x00, 0x0e, 0x00, 0x00, 0x00, 0x00, 0x00, 0x00, 0x00, 0x00,
  0x00, 0x00, 0x00, 0x5e, 0x00, 0x00, 0x00, 0x08, 0x00, 0x00, 0x00, 0x0a, 0x00, 0x00, 0x00, 0x0c,
  0x00, 0x00, 0x00, 0x0e, 0x00, 0x00, 0x00, 0x01, 0x00, 0x00, 0x00, 0x00, 0x00, 0x00, 0x00, 0x5f,
  0x00, 0x00, 0x00, 0x02, 0x00, 0x00, 0x00, 0x0c, 0x00, 0x00, 0x00, 0x0a, 0xff, 0xff, 0xff, 0xfd,
  0xff, 0xff, 0xff, 0xff, 0x00, 0x00, 0x00, 0x00, 0x00, 0x00, 0x00, 0x60, 0x00, 0x00, 0x00, 0x04,
  0x00, 0x00, 0x00, 0x05, 0x00, 0x00, 0x00, 0x07, 0x00, 0x00, 0x00, 0x0e, 0x00, 0x00, 0x00, 0x00,
  0x00, 0x00, 0x00, 0x00, 0x00, 0x00, 0x00, 0x61, 0x00, 0x00, 0x00, 0x0b, 0x00, 0x00, 0x00, 0x0c,
  0x00, 0x00, 0x00, 0x0c, 0x00, 0x00, 0x00, 0x0a, 0x00, 0x00, 0x00, 0x00, 0x00, 0x00, 0x00, 0x00,
  0x00, 0x00, 0x00, 0x62, 0x00, 0x00, 0x00, 0x0f, 0x00, 0x00, 0x00, 0x0c, 0x00, 0x00, 0x00, 0x0d,
  0x00, 0x00, 0x00, 0x0e, 0x00, 0x00, 0x00, 0x00, 0x00, 0x00, 0x00, 0x00, 0x00, 0x00, 0x00, 0x63,
  0x00, 0x00, 0x00, 0x0b, 0x00, 0x00, 0x00, 0x0b, 0x00, 0x00, 0x00, 0x0b, 0x00, 0x00, 0x00, 0x0a,
  0x00, 0x00, 0x00, 0x00, 0x00, 0x00, 0x00, 0x00, 0x00, 0x00, 0x00, 0x64, 0x00, 0x00, 0x00, 0x0f,
  0x00, 0x00, 0x00, 0x0d, 0x00, 0x00, 0x00, 0x0d, 0x00, 0x00, 0x00, 0x0e, 0x00, 0x00, 0x00, 0x00,
  0x00, 0x00, 0x00, 0x00, 0x00, 0x00, 0x00, 0x65, 0x00, 0x00, 0x00, 0x0b, 0x00, 0x00, 0x00, 0x0b,
  0x00, 0x00, 0x00, 0x0b, 0x00, 0x00, 0x00, 0x0a, 0x00, 0x00, 0x00, 0x00, 0x00, 0x00, 0x00, 0x00,
  0x00, 0x00, 0x00, 0x66, 0x00, 0x00, 0x00, 0x0e, 0x00, 0x00, 0x00, 0x09, 0x00, 0x00, 0x00, 0x07,
  0x00, 0x00, 0x00, 0x0e, 0x00, 0x00, 0x00, 0x00, 0x00, 0x00, 0x00, 0x00, 0x00, 0x00, 0x00, 0x67,
  0x00, 0x00, 0x00, 0x0f, 0x00, 0x00, 0x00, 0x0d, 0x00, 0x00, 0x00, 0x0d, 0x00, 0x00, 0x00, 0x0a,
  0x00, 0x00, 0x00, 0x00, 0x00, 0x00, 0x00, 0x00, 0x00, 0x00, 0x00, 0x68, 0x00, 0x00, 0x00, 0x0e,
  0x00, 0x00, 0x00, 0x0d, 0x00, 0x00, 0x00, 0x0d, 0x00, 0x00, 0x00, 0x0e, 0x00, 0x00, 0x00, 0x00,
  0x00, 0x00, 0x00, 0x00, 0x00, 0x00, 0x00, 0x69, 0x00, 0x00, 0x00, 0x0e, 0x00, 0x00, 0x00, 0x07,
  0x00, 0x00, 0x00, 0x07, 0x00, 0x00, 0x00, 0x0e, 0x00, 0x00, 0x00, 0x00, 0x00, 0x00, 0x00, 0x00,
  0x00, 0x00, 0x00, 0x6a, 0x00, 0x00, 0x00, 0x13, 0x00, 0x00, 0x00, 0x07, 0x00, 0x00, 0x00, 0x07,
  0x00, 0x00, 0x00, 0x0e, 0xff, 0xff, 0xff, 0xff, 0x00, 0x00, 0x00, 0x00, 0x00, 0x00, 0x00, 0x6b,
  0x00, 0x00, 0x00, 0x0e, 0x00, 0x00, 0x00, 0x0d, 0x00, 0x00, 0x00, 0x0d, 0x00, 0x00, 0x00, 0x0e,
  0x00, 0x00, 0x00, 0x00, 0x00, 0x00, 0x00, 0x00, 0x00, 0x00, 0x00, 0x6c, 0x00, 0x00, 0x00, 0x0e,
  0x00, 0x00, 0x00, 0x07, 0x00, 0x00, 0x00, 0x07, 0x00, 0x00, 0x00, 0x0e, 0x00, 0x00, 0x00, 0x00,
  0x00, 0x00, 0x00, 0x00, 0x00, 0x00, 0x00, 0x6d, 0x00, 0x00, 0x00, 0x0a, 0x00, 0x00, 0x00, 0x14,
  0x00, 0x00, 0x00, 0x14, 0x00, 0x00, 0x00, 0x0a, 0x00, 0x00, 0x00, 0x00, 0x00, 0x00, 0x00, 0x00,
  0x00, 0x00, 0x00, 0x6e, 0x00, 0x00, 0x00, 0x0a, 0x00, 0x00, 0x00, 0x0d, 0x00, 0x00, 0x00, 0x0d,
  0x00, 0x00, 0x00, 0x0a, 0x00, 0x00, 0x00, 0x00, 0x00, 0x00, 0x00, 0x00, 0x00, 0x00, 0x00, 0x6f,
  0x00, 0x00, 0x00, 0x0b, 0x00, 0x00, 0x00, 0x0b, 0x00, 0x00, 0x00, 0x0b, 0x00, 0x00, 0x00, 0x0a,
  0x00, 0x00, 0x00, 0x00, 0x00, 0x00, 0x00, 0x00, 0x00, 0x00, 0x00, 0x70, 0x00, 0x00, 0x00, 0x0f,
  0x00, 0x00, 0x00, 0x0c, 0x00, 0x00, 0x00, 0x0d, 0x00, 0x00, 0x00, 0x0a, 0x00, 0x00, 0x00, 0x00,
  0x00, 0x00, 0x00, 0x00, 0x00, 0x00, 0x00, 0x71, 0x00, 0x00, 0x00, 0x0f, 0x00, 0x00, 0x00, 0x0d,
  0x00, 0x00, 0x00, 0x0d, 0x00, 0x00, 0x00, 0x0a, 0x00, 0x00, 0x00, 0x00, 0x00, 0x00, 0x00, 0x00,
  0x00, 0x00, 0x00, 0x72, 0x00, 0x00, 0x00, 0x0a, 0x00, 0x00, 0x00, 0x09, 0x00, 0x00, 0x00, 0x09,
  0x00, 0x00, 0x00, 0x0a, 0x00, 0x00, 0x00, 0x00, 0x00, 0x00, 0x00, 0x00, 0x00, 0x00, 0x00, 0x73,
  0x00, 0x00, 0x00, 0x0b, 0x00, 0x00, 0x00, 0x0a, 0x00, 0x00, 0x00, 0x0a, 0x00, 0x00, 0x00, 0x0a,
  0x00, 0x00, 0x00, 0x00, 0x00, 0x00, 0x00, 0x00, 0x00, 0x00, 0x00, 0x74, 0x00, 0x00, 0x00, 0x0f,
  0x00, 0x00, 0x00, 0x07, 0x00, 0x00, 0x00, 0x07, 0x00, 0x00, 0x00, 0x0e, 0x00, 0x00, 0x00, 0x00,
  0x00, 0x00, 0x00, 0x00, 0x00, 0x00, 0x00, 0x75, 0x00, 0x00, 0x00, 0x0b, 0x00, 0x00, 0x00, 0x0d,
  0x00, 0x00, 0x00, 0x0d, 0x00, 0x00, 0x00, 0x0a, 0x00, 0x00, 0x00, 0x00, 0x00, 0x00, 0x00, 0x00,
  0x00, 0x00, 0x00, 0x76, 0x00, 0x00, 0x00, 0x0b, 0x00, 0x00, 0x00, 0x0d, 0x00, 0x00, 0x00, 0x0b,
  0x00, 0x00, 0x00, 0x0a, 0xff, 0xff, 0xff, 0xff, 0x00, 0x00, 0x00, 0x00, 0x00, 0x00, 0x00, 0x77,
  0x00, 0x00, 0x00, 0x0b, 0x00, 0x00, 0x00, 0x11, 0x00, 0x00, 0x00, 0x10, 0x00, 0x00, 0x00, 0x0a,
  0x00, 0x00, 0x00, 0x00, 0x00, 0x00, 0x00, 0x00, 0x00, 0x00, 0x00, 0x78, 0x00, 0x00, 0x00, 0x0a,
  0x00, 0x00, 0x00, 0x0b, 0x00, 0x00, 0x00, 0x0b, 0x00, 0x00, 0x00, 0x0a, 0x00, 0x00, 0x00, 0x00,
  0x00, 0x00, 0x00, 0x00, 0x00, 0x00, 0x00, 0x79, 0x00, 0x00, 0x00, 0x0f, 0x00, 0x00, 0x00, 0x0c,
  0x00, 0x00, 0x00, 0x0c, 0x00, 0x00, 0x00, 0x0a, 0x00, 0x00, 0x00, 0x00, 0x00, 0x00, 0x00, 0x00,
  0x00, 0x00, 0x00, 0x7a, 0x00, 0x00, 0x00, 0x0a, 0x00, 0x00, 0x00, 0x0a, 0x00, 0x00, 0x00, 0x0b,
  0x00, 0x00, 0x00, 0x0a, 0x00, 0x00, 0x00, 0x00, 0x00, 0x00, 0x00, 0x00, 0x00, 0x00, 0x00, 0x7b,
  0x00, 0x00, 0x00, 0x13, 0x00, 0x00, 0x00, 0x08, 0x00, 0x00, 0x00, 0x08, 0x00, 0x00, 0x00, 0x0e,
  0x00, 0x00, 0x00, 0x00, 0x00, 0x00, 0x00, 0x00, 0x00, 0x00, 0x00, 0x7c, 0x00, 0x00, 0x00, 0x12,
  0x00, 0x00, 0x00, 0x04, 0x00, 0x00, 0x00, 0x0c, 0x00, 0x00, 0x00, 0x11, 0x00, 0x00, 0x00, 0x04,
  0x00, 0x00, 0x00, 0x00, 0x00, 0x00, 0x00, 0x7d, 0x00, 0x00, 0x00, 0x13, 0x00, 0x00, 0x00, 0x08,
  0x00, 0x00, 0x00, 0x08, 0x00, 0x00, 0x00, 0x0e, 0x00, 0x00, 0x00, 0x00, 0x00, 0x00, 0x00, 0x00,
  0x00, 0x00, 0x00, 0x7e, 0x00, 0x00, 0x00, 0x05, 0x00, 0x00, 0x00, 0x0c, 0x00, 0x00, 0x00, 0x0c,
  0x00, 0x00, 0x00, 0x0b, 0x00, 0x00, 0x00, 0x00, 0x00, 0x00, 0x00, 0x00, 0x00, 0x00, 0x00, 0xb0,
  0x00, 0x00, 0x00, 0x07, 0x00, 0x00, 0x00, 0x08, 0x00, 0x00, 0x00, 0x08, 0x00, 0x00, 0x00, 0x0e,
  0x00, 0x00, 0x00, 0x00, 0x00, 0x00, 0x00, 0x00, 0x00, 0x00, 0x20, 0x14, 0x00, 0x00, 0x00, 0x04,
  0x00, 0x00, 0x00, 0x16, 0x00, 0x00, 0x00, 0x14, 0x00, 0x00, 0x00, 0x07, 0xff, 0xff, 0xff, 0xff,
  0x00, 0x00, 0x00, 0x00, 0x00, 0x80, 0x80, 0x80, 0x02, 0x00, 0xff, 0xff, 0xff, 0x05, 0x00, 0xff,
  0xff, 0xff, 0x05, 0x00, 0xff, 0xff, 0xff, 0x05, 0x00, 0xf3, 0xff, 0xf8, 0x01, 0x00, 0xcb, 0xff,
  0xd3, 0x00, 0x00, 0xa0, 0xff, 0xac, 0x00, 0x00, 0x76, 0xff, 0x85, 0x00, 0x00, 0x4b, 0xff, 0x5e,
  0x00, 0x00, 0x0c, 0x40, 0x11, 0x00, 0x03, 0x40, 0x40, 0x40, 0x0e, 0x0f, 0xff, 0xff, 0xff, 0x38,
  0x0f, 0xff, 0xff, 0xff, 0x38, 0x0f, 0xff, 0xff, 0xff, 0x38, 0x06, 0x90, 0xae, 0x2d, 0x00, 0x28,
  0xab, 0x97, 0x07, 0x3e, 0xff, 0xff, 0x92, 0x00, 0x89, 0xff, 0xff, 0x45, 0x2c, 0xff, 0xff, 0x76,
  0x00, 0x76, 0xff, 0xff, 0x26, 0x01, 0xef, 0xff, 0x3f, 0x00, 0x35, 0xff, 0xed, 0x00, 0x00, 0xac,
  0xf8, 0x04, 0x00, 0x01, 0xf3, 0xaf, 0x00, 0x00, 0x66, 0xbb, 0x00, 0x00, 0x00, 0xb1, 0x6f, 0x00,
  0x00, 0x1e, 0x60, 0x00, 0x00, 0x00, 0x59, 0x28, 0x00, 0x00, 0x00, 0x00, 0x00, 0x73, 0xc0, 0x5f,
  0x00, 0x00, 0x3b, 0xc0, 0x98, 0x00, 0x00, 0x00, 0x00, 0x00, 0xcb, 0xff, 0x4f, 0x00, 0x00, 0x7f,
  0xff, 0x9b, 0x00, 0x00, 0x00, 0x00, 0x09, 0xfa, 0xff, 0x15, 0x00, 0x00, 0xb5, 0xff, 0x64, 0x00,
  0x00, 0x00, 0x00, 0x3c, 0xff, 0xe3, 0x00, 0x00, 0x00, 0xea, 0xff, 0x2c, 0x00, 0x48, 0xff, 0xff,
  0xff, 0xff, 0xff, 0xff, 0xff, 0xff, 0xff, 0xff, 0xff, 0xa4, 0x48, 0xff, 0xff, 0xff, 0xff, 0xff,
  0xff, 0xff, 0xff, 0xff, 0xff, 0xff, 0xa4, 0x00, 0x00, 0x00, 0xd6, 0xff, 0x42, 0x00, 0x00, 0x86,
  0xff, 0x93, 0x00, 0x00, 0x00, 0x00, 0x0a, 0xfd, 0xff, 0x0f, 0x00, 0x00, 0xba, 0xff, 0x5f, 0x00,
  0x00, 0x12, 0x40, 0x68, 0xff, 0xe9, 0x40, 0x40, 0x40, 0xed, 0xff, 0x64, 0x40, 0x29, 0x48, 0xff,
  0xff, 0xff, 0xff, 0xff, 0xff, 0xff, 0xff, 0xff, 0xff, 0xff, 0xa4, 0x36, 0xc0, 0xef, 0xff, 0xd6,
  0xc0, 0xc0, 0xd9, 0xff, 0xec, 0xc0, 0xc0, 0x7b, 0x00, 0x00, 0xe0, 0xff, 0x39, 0x00, 0x00, 0x8a,
  0xff, 0x8f, 0x00, 0x00, 0x00, 0x00, 0x15, 0xff, 0xfd, 0x05, 0x00, 0x00, 0xc2, 0xff, 0x5a, 0x00,
  0x00, 0x00, 0x00, 0x4a, 0xff, 0xd1, 0x00, 0x00, 0x02, 0xf6, 0xff, 0x25, 0x00, 0x00, 0x00, 0x00,
  0x39, 0x80, 0x55, 0x00, 0x00, 0x11, 0x80, 0x7e, 0x00, 0x00, 0x00, 0x00, 0x00, 0x00, 0x00, 0x0c,
  0x69, 0xc0, 0x2c, 0x06, 0x00, 0x00, 0x00, 0x00, 0x01, 0x87, 0xfe, 0xff, 0xff, 0xff, 0xf0, 0x5e,
  0x00, 0x00, 0x00, 0x70, 0xff, 0xff, 0xf2, 0xff, 0xf2, 0xff, 0xff, 0x45, 0x00, 0x00, 0xc7, 0xff,
  0xb3, 0x62, 0xff, 0x1a, 0xf6, 0xff, 0x95, 0x00, 0x00, 0xcc, 0xff, 0xc6, 0x6d, 0xff, 0x00, 0x30,
  0x40, 0x2b, 0x00, 0x00, 0x87, 0xff, 0xff, 0xf6, 0xff, 0x00, 0x00, 0x00, 0x00, 0x00, 0x00, 0x0c,
  0xcc, 0xff, 0xff, 0xff, 0xe3, 0x69, 0x00, 0x00, 0x00, 0x00, 0x00, 0x0f, 0x8d, 0xf7, 0xff, 0xff,
  0xff, 0xc3, 0x18, 0x00, 0x00, 0x00, 0x00, 0x00, 0x60, 0xff, 0xf0, 0xff, 0xff, 0xc1, 0x00, 0x00,
  0x00, 0x00, 0x00, 0x60, 0xff, 0x10, 0xad, 0xff, 0xff, 0x1a, 0x0e, 0xc0, 0xc0, 0x40, 0x60, 0xff,
  0x00, 0x2d, 0xff, 0xff, 0x3e, 0x00, 0xee, 0xff, 0xae, 0x60, 0xff, 0x01, 0x76, 0xff, 0xff, 0x15,
  0x00, 0x57, 0xfe, 0xff, 0xed, 0xff, 0xe2, 0xff, 0xff, 0xa1, 0x00, 0x00, 0x00, 0x55, 0xd6, 0xff,
  0xff, 0xff, 0xfc, 0x92, 0x0b, 0x00, 0x00, 0x00, 0x00, 0x00, 0x78, 0xff, 0x2e, 0x08, 0x00, 0x00,
  0x00, 0x00, 0x00, 0x00, 0x00, 0x61, 0xff, 0x00, 0x00, 0x00, 0x00, 0x00, 0x00, 0x11, 0x7f, 0xb4,
  0x92, 0x26, 0x00, 0x00, 0x00, 0x00, 0x00, 0x00, 0x00, 0x70, 0x73, 0x00, 0x00, 0x00, 0x00, 0xb9,
  0xff, 0xb7, 0xfc, 0xf1, 0x0a, 0x00, 0x00, 0x00, 0x00, 0x00, 0x63, 0xff, 0x58, 0x00, 0x00, 0x00,
  0x16, 0xff, 0xf8, 0x01, 0xb4, 0xff, 0x57, 0x00, 0x00, 0x00, 0x00, 0x27, 0xf6, 0x9e, 0x00, 0x00,
  0x00, 0x00, 0x35, 0xff, 0xdc, 0x00, 0x97, 0xff, 0x78, 0x00, 0x00, 0x00, 0x07, 0xd4, 0xda, 0x0a,
  0x00, 0x00, 0x00, 0x00, 0x27, 0xff, 0xeb, 0x00, 0xa7, 0xff, 0x6d, 0x00, 0x00, 0x00, 0x93, 0xf9,
  0x2b, 0x00, 0x00, 0x00, 0x00, 0x00, 0x06, 0xeb, 0xff, 0x1f, 0xd7, 0xff, 0x34, 0x00, 0x00, 0x4c,
  0xff, 0x6e, 0x00, 0x00, 0x00, 0x00, 0x00, 0x00, 0x00, 0x67, 0xff, 0xf3, 0xff, 0xac, 0x00, 0x00,
  0x1b, 0xee, 0xb3, 0x00, 0x00, 0x01, 0x2b, 0x24, 0x00, 0x00, 0x00, 0x00, 0x38, 0x75, 0x50, 0x02,
  0x00, 0x02, 0xc0, 0xe4, 0x13, 0x00, 0x11, 0xcb, 0xff, 0xff, 0xb6, 0x08, 0x00, 0x00, 0x00, 0x00,
  0x00, 0x00, 0x00, 0x7d, 0xff, 0x3e, 0x00, 0x00, 0x83, 0xff, 0x7a, 0x98, 0xff, 0x66, 0x00, 0x00,
  0x00, 0x00, 0x00, 0x00, 0x36, 0xfd, 0x84, 0x00, 0x00, 0x00, 0xce, 0xff, 0x3c, 0x58, 0xff, 0xaf,
  0x00, 0x00, 0x00, 0x00, 0x00, 0x10, 0xe2, 0xc7, 0x02, 0x00, 0x00, 0x00, 0xe5, 0xff, 0x29, 0x44,
  0xff, 0xc8, 0x00, 0x00, 0x00, 0x00, 0x00, 0xb5, 0xf2, 0x1c, 0x00, 0x00, 0x00, 0x00, 0xce, 0xff,
  0x3f, 0x5d, 0xff, 0xb2, 0x00, 0x00, 0x00, 0x00, 0x67, 0xff, 0x52, 0x00, 0x00, 0x00, 0x00, 0x00,
  0x85, 0xff, 0xa4, 0xbf, 0xff, 0x67, 0x00, 0x00, 0x00, 0x2b, 0xf7, 0x98, 0x00, 0x00, 0x00, 0x00,
  0x00, 0x00, 0x11, 0xcb, 0xff, 0xff, 0xb8, 0x08, 0x00, 0x00, 0x00, 0x00, 0x00, 0x00, 0x00, 0x00,
  0x00, 0x00, 0x00, 0x00, 0x00, 0x00, 0x00, 0x00, 0x00, 0x00, 0x00, 0x00, 0x00, 0x00, 0x0e, 0x70,
  0xa6, 0xb1, 0x7c, 0x1a, 0x00, 0x00, 0x00, 0x00, 0x00, 0x00, 0x00, 0x00, 0x00, 0x10, 0xe0, 0xff,
  0xff, 0xff, 0xff, 0xf5, 0x24, 0x00, 0x00, 0x00, 0x00, 0x00, 0x00, 0x00, 0x00, 0x69, 0xff, 0xff,
  0x64, 0x17, 0xcd, 0xff, 0x9f, 0x00, 0x00, 0x00, 0x00, 0x00, 0x00, 0x00, 0x00, 0x7e, 0xff, 0xff,
  0x79, 0x0c, 0xda, 0xff, 0x96, 0x00, 0x00, 0x00, 0x00, 0x00, 0x00, 0x00, 0x00, 0x3e, 0xff, 0xff,
  0xf4, 0xed, 0xff, 0xfd, 0x39, 0x00, 0x00, 0x00, 0x00, 0x00, 0x00, 0x00, 0x00, 0x00, 0xbc, 0xff,
  0xff, 0xff, 0xdf, 0x38, 0x00, 0x01, 0x40, 0x40, 0x40, 0x0f, 0x00, 0x00, 0x18, 0xb0, 0xff, 0xff,
  0xff, 0xff, 0xc6, 0x04, 0x00, 0x62, 0xff, 0xff, 0xff, 0x3c, 0x00, 0x18, 0xda, 0xff, 0xfb, 0x82,
  0xdc, 0xff, 0xff, 0x8e, 0x15, 0xec, 0xff, 0xff, 0xff, 0x3c, 0x00, 0xc1, 0xff, 0xff, 0x4a, 0x00,
  0x2b, 0xf6, 0xff, 0xff, 0xd0, 0xff, 0xff, 0x4c, 0x00, 0x00, 0x1b, 0xff, 0xff, 0xf0, 0x00, 0x00,
  0x00, 0x53, 0xff, 0xff, 0xff, 0xff, 0xbb, 0x00, 0x00, 0x00, 0x29, 0xff, 0xff, 0xff, 0x32, 0x00,
  0x00, 0x07, 0xcf, 0xff, 0xff, 0xff, 0x22, 0x00, 0x00, 0x00, 0x02, 0xf0, 0xff, 0xff, 0xed, 0x73,
  0x69, 0xdd, 0xff, 0xff, 0xff, 0xff, 0xc5, 0x40, 0x40, 0x0f, 0x00, 0x4c, 0xff, 0xff, 0xff, 0xff,
  0xff, 0xff, 0xff, 0xc7, 0xeb, 0xff, 0xff, 0xff, 0xff, 0x3c, 0x00, 0x00, 0x3c, 0xdb, 0xff, 0xff,
  0xff, 0xd2, 0x61, 0x01, 0x3a, 0xfb, 0xff, 0xff, 0xff, 0x3c, 0x00, 0x00, 0x00, 0x01, 0x1c, 0x38,
  0x0c, 0x00, 0x00, 0x00, 0x00, 0x00, 0x00, 0x00, 0x00, 0x00, 0x2f, 0xaf, 0x8e, 0x03, 0x95, 0xff,
  0xff, 0x36, 0x89, 0xff, 0xff, 0x1a, 0x4e, 0xff, 0xe8, 0x00, 0x0b, 0xfb, 0xa1, 0x00, 0x00, 0xc3,
  0x5f, 0x00, 0x00, 0x65, 0x1b, 0x00, 0x00, 0x00, 0x00, 0x00, 0x0c, 0x7b, 0x3a, 0x00, 0x00, 0x00,
  0x0d, 0xcb, 0xff, 0x51, 0x00, 0x00, 0x00, 0xa4, 0xff, 0xe7, 0x1f, 0x00, 0x00, 0x4a, 0xff, 0xf0,
  0x1d, 0x00, 0x00, 0x0f, 0xe9, 0xff, 0xa0, 0x00, 0x00, 0x00, 0x5f, 0xff, 0xff, 0x4c, 0x00, 0x00,
  0x00, 0x91, 0xff, 0xff, 0x23, 0x00, 0x00, 0x00, 0xbf, 0xff, 0xff, 0x0d, 0x00, 0x00, 0x00, 0xf5,
  0xff, 0xff, 0x08, 0x00, 0x00, 0x0a, 0xff, 0xff, 0xff, 0x06, 0x00, 0x00, 0x00, 0xf4, 0xff, 0xff,
  0x0c, 0x00, 0x00, 0x00, 0xd8, 0xff, 0xff, 0x16, 0x00, 0x00, 0x00, 0x9c, 0xff, 0xff, 0x2f, 0x00,
  0x00, 0x00, 0x3f, 0xff, 0xff, 0x5f, 0x00, 0x00, 0x00, 0x01, 0xd8, 0xff, 0xb6, 0x00, 0x00, 0x00,
  0x00, 0x3c, 0xfd, 0xff, 0x48, 0x00, 0x00, 0x00, 0x00, 0x53, 0xf9, 0xfe, 0x42, 0x00, 0x00, 0x00,
  0x00, 0x22, 0xbe, 0x51, 0x00, 0x00, 0x00, 0x00, 0x00, 0x00, 0x0f, 0x51, 0x55, 0x00, 0x00, 0x00,
  0x00, 0x7a, 0xff, 0xbe, 0x11, 0x00, 0x00, 0x0d, 0xbf, 0xff, 0xd0, 0x06, 0x00, 0x00, 0x22, 0xfa,
  0xff, 0x71, 0x00, 0x00, 0x00, 0xb0, 0xff, 0xe3, 0x01, 0x00, 0x00, 0x70, 0xff, 0xff, 0x45, 0x00,
  0x00, 0x4f, 0xff, 0xff, 0x87, 0x00, 0x00, 0x3c, 0xff, 0xff, 0xa9, 0x00, 0x00, 0x35, 0xff, 0xff,
  0xce, 0x00, 0x00, 0x30, 0xff, 0xff, 0xe1, 0x00, 0x00, 0x38, 0xff, 0xff, 0xc6, 0x00, 0x00, 0x47,
  0xff, 0xff, 0xa8, 0x00, 0x00, 0x5e, 0xff, 0xff, 0x66, 0x00, 0x00, 0xa0, 0xff, 0xf8, 0x0b, 0x00,
  0x05, 0xf2, 0xff, 0x9d, 0x00, 0x04, 0xa7, 0xff, 0xda, 0x0e, 0x00, 0x71, 0xff, 0xef, 0x22, 0x00,
  0x00, 0x7b, 0xab, 0x1c, 0x00, 0x00, 0x00, 0x0d, 0x00, 0x00, 0x00, 0x00, 0x00, 0x00, 0x00, 0x00,
  0x00, 0x40, 0x80, 0x70, 0x00, 0x00, 0x00, 0x00, 0x00, 0x00, 0x00, 0x00, 0x80, 0xff, 0xe1, 0x00,
  0x00, 0x00, 0x00, 0x00, 0x1b, 0x04, 0x00, 0x49, 0xff, 0xa9, 0x00, 0x00, 0x1b, 0x00, 0x00, 0xb7,
  0xf1, 0x54, 0x03, 0xfb, 0x51, 0x18, 0xc5, 0xff, 0x24, 0x14, 0xfc, 0xff, 0xff, 0xac, 0xe5, 0x9e,
  0xec, 0xff, 0xff, 0x79, 0x01, 0x3a, 0x7b, 0x80, 0x9a, 0xff, 0xdf, 0x59, 0x56, 0x61, 0x11, 0x00,
  0x00, 0x00, 0x1c, 0xd5, 0xb4, 0xfe, 0x8b, 0x04, 0x00, 0x00, 0x00, 0x00, 0x46, 0xf7, 0xff, 0x1a,
  0xa8, 0xff, 0xc1, 0x05, 0x00, 0x00, 0x00, 0xcf, 0xff, 0xd0, 0x00, 0x52, 0xff, 0xff, 0x54, 0x00,
  0x00, 0x00, 0x0d, 0xb1, 0x37, 0x00, 0x00, 0xad, 0x54, 0x00, 0x00, 0x00, 0x00, 0x00, 0x00, 0x22,
  0x40, 0x38, 0x00, 0x00, 0x00, 0x00, 0x00, 0x00, 0x00, 0x00, 0x00, 0x8a, 0xff, 0xe1, 0x00, 0x00,
  0x00, 0x00, 0x00, 0x00, 0x00, 0x00, 0x00, 0x8a, 0xff, 0xe1, 0x00, 0x00, 0x00, 0x00, 0x00, 0x00,
  0x00, 0x00, 0x00, 0x8a, 0xff, 0xe1, 0x00, 0x00, 0x00, 0x00, 0x00, 0x00, 0x00, 0x00, 0x00, 0x8a,
  0xff, 0xe1, 0x00, 0x00, 0x00, 0x00, 0x00, 0x9d, 0xc0, 0xc0, 0xc0, 0xe2, 0xff, 0xf8, 0xc0, 0xc0,
  0xc0, 0xc0, 0x1e, 0xd2, 0xff, 0xff, 0xff, 0xff, 0xff, 0xff, 0xff, 0xff, 0xff, 0xff, 0x29, 0x69,
  0x80, 0x80, 0x80, 0xc5, 0xff, 0xf0, 0x80, 0x80, 0x80, 0x80, 0x14, 0x00, 0x00, 0x00, 0x00, 0x8a,
  0xff, 0xe1, 0x00, 0x00, 0x00, 0x00, 0x00, 0x00, 0x00, 0x00, 0x00, 0x8a, 0xff, 0xe1, 0x00, 0x00,
  0x00, 0x00, 0x00, 0x00, 0x00, 0x00, 0x00, 0x8a, 0xff, 0xe1, 0x00, 0x00, 0x00, 0x00, 0x00, 0x00,
  0x00, 0x00, 0x00, 0x67, 0xc0, 0xa8, 0x00, 0x00, 0x00, 0x00, 0x00, 0x05, 0x40, 0x40, 0x40, 0x0b,
  0x14, 0xff, 0xff, 0xff, 0x2e, 0x14, 0xff, 0xff, 0xff, 0x2e, 0x14, 0xff, 0xff, 0xff, 0x2d, 0x00,
  0x00, 0x8b, 0xff, 0x22, 0x00, 0x38, 0xe0, 0xf6, 0x04, 0x14, 0xff, 0xff, 0x94, 0x00, 0x0a, 0x80,
  0x67, 0x02, 0x00, 0x00, 0x0a, 0x0a, 0x0a, 0x0a, 0x0a, 0x00, 0x56, 0xff, 0xff, 0xff, 0xff, 0xff,
  0x1e, 0x56, 0xff, 0xff, 0xff, 0xff, 0xff, 0x1e, 0x34, 0x98, 0x98, 0x98, 0x98, 0x98, 0x12, 0x00,
  0x47, 0x47, 0x47, 0x0b, 0x19, 0xff, 0xff, 0xff, 0x28, 0x19, 0xff, 0xff, 0xff, 0x28, 0x19, 0xff,
  0xff, 0xff, 0x28, 0x00, 0x00, 0x00, 0x00, 0x00, 0x00, 0x00, 0xa8, 0xbf, 0xa7, 0x00, 0x00, 0x00,
  0x00, 0x00, 0x00, 0x00, 0x58, 0xff, 0xff, 0x70, 0x00, 0x00, 0x00, 0x00, 0x00, 0x00, 0x03, 0xdd,
  0xff, 0xe7, 0x08, 0x00, 0x00, 0x00, 0x00, 0x00, 0x00, 0x60, 0xff, 0xff, 0x68, 0x00, 0x00, 0x00,
  0x00, 0x00, 0x00, 0x03, 0xdd, 0xff, 0xdd, 0x03, 0x00, 0x00, 0x00, 0x00, 0x00, 0x00, 0x68, 0xff,
  0xff, 0x60, 0x00, 0x00, 0x00, 0x00, 0x00, 0x00, 0x08, 0xe8, 0xff, 0xdd, 0x03, 0x00, 0x00, 0x00,
  0x00, 0x00, 0x00, 0x70, 0xff, 0xff, 0x58, 0x00, 0x00, 0x00, 0x00, 0x00, 0x00, 0x0f, 0xe8, 0xff,
  0xd0, 0x00, 0x00, 0x00, 0x00, 0x00, 0x00, 0x00, 0x80, 0xff, 0xff, 0x50, 0x00, 0x00, 0x00, 0x00,
  0x00, 0x00, 0x0f, 0xf0, 0xff, 0xd0, 0x00, 0x00, 0x00, 0x00, 0x00, 0x00, 0x00, 0x80, 0xff, 0xff,
  0x50, 0x00, 0x00, 0x00, 0x00, 0x00, 0x00, 0x17, 0xf0, 0xff, 0xc1, 0x00, 0x00, 0x00, 0x00, 0x00,
  0x00, 0x00, 0x90, 0xff, 0xff, 0x40, 0x00, 0x00, 0x00, 0x00, 0x00, 0x00, 0x00, 0x38, 0x40, 0x3c,
  0x00, 0x00, 0x00, 0x00, 0x00, 0x00, 0x00, 0x00, 0x00, 0x00, 0x00, 0x2b, 0x7d, 0xb1, 0x84, 0x35,
  0x00, 0x00, 0x00, 0x00, 0x00, 0x55, 0xf9, 0xff, 0xff, 0xff, 0xfd, 0x6f, 0x00, 0x00, 0x00, 0x1c,
  0xfe, 0xff, 0xee, 0x92, 0xe5, 0xff, 0xff, 0x38, 0x00, 0x00, 0x84, 0xff, 0xff, 0x6d, 0x00, 0x51,
  0xff, 0xff, 0xa0, 0x00, 0x00, 0xc8, 0xff, 0xff, 0x35, 0x00, 0x17, 0xff, 0xff, 0xe4, 0x00, 0x00,
  0xe4, 0xff, 0xff, 0x11, 0x00, 0x00, 0xf5, 0xff, 0xfd, 0x04, 0x04, 0xfe, 0xff, 0xff, 0x02, 0x00,
  0x00, 0xe8, 0xff, 0xff, 0x1f, 0x10, 0xff, 0xff, 0xff, 0x03, 0x00, 0x00, 0xe0, 0xff, 0xff, 0x2e,
  0x00, 0xfa, 0xff, 0xff, 0x0f, 0x00, 0x00, 0xed, 0xff, 0xff, 0x16, 0x00, 0xdf, 0xff, 0xff, 0x23,
  0x00, 0x08, 0xfd, 0xff, 0xfa, 0x01, 0x00, 0xa4, 0xff, 0xff, 0x55, 0x00, 0x39, 0xff, 0xff, 0xbd,
  0x00, 0x00, 0x45, 0xff, 0xff, 0xd3, 0x28, 0xc2, 0xff, 0xff, 0x60, 0x00, 0x00, 0x01, 0xca, 0xff,
  0xff, 0xff, 0xff, 0xff, 0xe0, 0x0c, 0x00, 0x00, 0x00, 0x0b, 0xa8, 0xf7, 0xff, 0xfa, 0xb6, 0x13,
  0x00, 0x00, 0x00, 0x00, 0x00, 0x00, 0x06, 0x31, 0x09, 0x00, 0x00, 0x00, 0x00, 0x6b, 0x80, 0x80,
  0x80, 0x80, 0x12, 0x00, 0xd7, 0xff, 0xff, 0xff, 0xff, 0x24, 0x00, 0x6b, 0x80, 0xeb, 0xff, 0xff,
  0x24, 0x00, 0x00, 0x00, 0xd7, 0xff, 0xff, 0x24, 0x00, 0x00, 0x00, 0xd7, 0xff, 0xff, 0x24, 0x00,
  0x00, 0x00, 0xd7, 0xff, 0xff, 0x24, 0x00, 0x00, 0x00, 0xd7, 0xff, 0xff, 0x24, 0x00, 0x00, 0x00,
  0xd7, 0xff, 0xff, 0x24, 0x00, 0x00, 0x00, 0xd7, 0xff, 0xff, 0x24, 0x00, 0x00, 0x00, 0xd7, 0xff,
  0xff, 0x24, 0x00, 0x00, 0x00, 0xd7, 0xff, 0xff, 0x24, 0x00, 0x2e, 0x40, 0xe0, 0xff, 0xff, 0x5b,
  0x3b, 0xb8, 0xff, 0xff, 0xff, 0xff, 0xff, 0xec, 0xb8, 0xff, 0xff, 0xff, 0xff, 0xff, 0xec, 0x00,
  0x00, 0x00, 0x4e, 0x8a, 0xb6, 0x98, 0x46, 0x00, 0x00, 0x00, 0x08, 0xa9, 0xff, 0xff, 0xff, 0xff,
  0xff, 0x94, 0x00, 0x00, 0x78, 0xff, 0xff, 0x95, 0x6b, 0xf3, 0xff, 0xff, 0x3d, 0x00, 0xc4, 0xff,
  0xdb, 0x00, 0x00, 0x93, 0xff, 0xff, 0x7e, 0x00, 0xe4, 0xff, 0xa3, 0x00, 0x00, 0xaf, 0xff, 0xff,
  0x82, 0x00, 0x0a, 0x25, 0x22, 0x00, 0x41, 0xff, 0xff, 0xff, 0x37, 0x00, 0x00, 0x00, 0x00, 0x44,
  0xf4, 0xff, 0xff, 0xa7, 0x00, 0x00, 0x00, 0x00, 0x53, 0xfb, 0xff, 0xfd, 0x67, 0x02, 0x00, 0x00,
  0x00, 0x4f, 0xfd, 0xff, 0xfa, 0x54, 0x00, 0x00, 0x00, 0x00, 0x14, 0xef, 0xff, 0xe1, 0x31, 0x00,
  0x00, 0x00, 0x00, 0x00, 0x98, 0xff, 0xf3, 0x27, 0x00, 0x00, 0x78, 0xff, 0xae, 0x00, 0xea, 0xff,
  0xba, 0x40, 0x40, 0x40, 0x9b, 0xff, 0xa6, 0x0f, 0xff, 0xff, 0xff, 0xff, 0xff, 0xff, 0xff, 0xff,
  0x9e, 0x1c, 0xff, 0xff, 0xff, 0xff, 0xff, 0xff, 0xff, 0xff, 0x97, 0x00, 0x00, 0x00, 0x55, 0x9b,
  0xb7, 0x9c, 0x58, 0x00, 0x00, 0x00, 0x00, 0x00, 0xa6, 0xff, 0xff, 0xff, 0xff, 0xff, 0xb2, 0x00,
  0x00, 0x00, 0x4c, 0xff, 0xff, 0xbb, 0x8f, 0xe3, 0xff, 0xff, 0x54, 0x00, 0x00, 0x96, 0xff, 0xe9,
  0x00, 0x00, 0x58, 0xff, 0xff, 0x98, 0x00, 0x00, 0x05, 0x1f, 0x2e, 0x00, 0x00, 0x61, 0xff, 0xff,
  0x74, 0x00, 0x00, 0x00, 0x00, 0x00, 0x25, 0x86, 0xee, 0xff, 0xec, 0x1f, 0x00, 0x00, 0x00, 0x00,
  0x00, 0x79, 0xff, 0xff, 0xec, 0x1f, 0x00, 0x00, 0x00, 0x00, 0x00, 0x00, 0x7b, 0xff, 0xff, 0xff,
  0xb6, 0x17, 0x00, 0x00, 0x00, 0x00, 0x00, 0x00, 0x1f, 0x9b, 0xff, 0xff, 0xb0, 0x00, 0x06, 0x40,
  0x40, 0x21, 0x00, 0x00, 0x0b, 0xfe, 0xff, 0xf8, 0x0b, 0x02, 0xf6, 0xff, 0x9a, 0x00, 0x00, 0x0a,
  0xfd, 0xff, 0xff, 0x15, 0x00, 0xbb, 0xff, 0xed, 0x20, 0x00, 0x84, 0xff, 0xff, 0xe1, 0x00, 0x00,
  0x2b, 0xf7, 0xff, 0xff, 0xff, 0xff, 0xff, 0xfe, 0x46, 0x00, 0x00, 0x00, 0x27, 0xa9, 0xf6, 0xff,
  0xf8, 0xb1, 0x34, 0x00, 0x00, 0x00, 0x00, 0x00, 0x00, 0x05, 0x31, 0x07, 0x00, 0x00, 0x00, 0x00,
  0x00, 0x00, 0x00, 0x00, 0x00, 0x46, 0xc0, 0xc0, 0x6f, 0x00, 0x00, 0x00, 0x00, 0x00, 0x11, 0xea,
  0xff, 0xff, 0x94, 0x00, 0x00, 0x00, 0x00, 0x00, 0xb2, 0xff, 0xff, 0xff, 0x94, 0x00, 0x00, 0x00,
  0x00, 0x65, 0xff, 0xf7, 0xff, 0xff, 0x94, 0x00, 0x00, 0x00, 0x22, 0xf7, 0xfd, 0x69, 0xff, 0xff,
  0x93, 0x00, 0x00, 0x04, 0xcd, 0xff, 0x81, 0x38, 0xff, 0xff, 0x94, 0x00, 0x00, 0x87, 0xff, 0xcd,
  0x02, 0x38, 0xff, 0xff, 0x94, 0x00, 0x38, 0xfe, 0xf4, 0x22, 0x00, 0x38, 0xff, 0xff, 0x94, 0x00,
  0xcb, 0xff, 0xc9, 0x80, 0x80, 0x9c, 0xff, 0xff, 0xca, 0x73, 0x79, 0xff, 0xff, 0xff, 0xff, 0xff,
  0xff, 0xff, 0xff, 0xe5, 0x0e, 0x40, 0x40, 0x40, 0x40, 0x6a, 0xff, 0xff, 0xaf, 0x39, 0x00, 0x00,
  0x00, 0x00, 0x00, 0x38, 0xff, 0xff, 0x94, 0x00, 0x00, 0x00, 0x00, 0x00, 0xb8, 0xff, 0xff, 0xff,
  0xff, 0xbd, 0x00, 0x00, 0x00, 0x00, 0xb8, 0xff, 0xff, 0xff, 0xff, 0xbd, 0x00, 0x25, 0x80, 0x80,
  0x80, 0x80, 0x80, 0x80, 0x80, 0x2e, 0x00, 0x56, 0xff, 0xff, 0xff, 0xff, 0xff, 0xff, 0xff, 0x5c,
  0x00, 0x64, 0xff, 0xd5, 0x80, 0x80, 0x80, 0xe3, 0xff, 0x5c, 0x00, 0x74, 0xff, 0x9e, 0x00, 0x00,
  0x00, 0x57, 0x80, 0x2e, 0x00, 0x83, 0xff, 0x90, 0x00, 0x00, 0x00, 0x00, 0x00, 0x00, 0x00, 0x91,
  0xff, 0xaf, 0xad, 0xf1, 0xe7, 0xb0, 0x18, 0x00, 0x00, 0x9f, 0xff, 0xff, 0xff, 0xff, 0xff, 0xff,
  0xe6, 0x0e, 0x00, 0x49, 0xe3, 0xfe, 0x77, 0x63, 0xd8, 0xff, 0xff, 0x8b, 0x00, 0x00, 0x08, 0x49,
  0x00, 0x00, 0x62, 0xff, 0xff, 0xd4, 0x00, 0x00, 0x00, 0x00, 0x00, 0x00, 0x2b, 0xff, 0xff, 0xf3,
  0x21, 0xd4, 0xed, 0x64, 0x00, 0x00, 0x34, 0xff, 0xff, 0xd5, 0x01, 0xed, 0xff, 0xd7, 0x37, 0x02,
  0xa8, 0xff, 0xff, 0x9b, 0x00, 0x6c, 0xff, 0xff, 0xff, 0xff, 0xff, 0xff, 0xf0, 0x17, 0x00, 0x00,
  0x6f, 0xef, 0xff, 0xff, 0xff, 0xcc, 0x2b, 0x00, 0x00, 0x00, 0x00, 0x03, 0x25, 0x37, 0x18, 0x00,
  0x00, 0x00, 0x00, 0x00, 0x00, 0x26, 0x7d, 0xaf, 0x98, 0x53, 0x01, 0x00, 0x00, 0x00, 0x62, 0xff,
  0xff, 0xff, 0xff, 0xff, 0xbc, 0x0c, 0x00, 0x27, 0xfd, 0xff, 0xeb, 0x5d, 0x97, 0xff, 0xff, 0x81,
  0x00, 0x9a, 0xff, 0xff, 0x56, 0x00, 0x00, 0xc6, 0xe4, 0x93, 0x00, 0xda, 0xff, 0xfb, 0x09, 0x00,
  0x00, 0x00, 0x00, 0x00, 0x02, 0xfe, 0xff, 0xe5, 0x38, 0x9d, 0xb4, 0x87, 0x0c, 0x00, 0x0e, 0xff,
  0xff, 0xf7, 0xfe, 0xff, 0xff, 0xff, 0xd1, 0x0a, 0x11, 0xff, 0xff, 0xff, 0xcc, 0x92, 0xe0, 0xff,
  0xff, 0x86, 0x00, 0xf9, 0xff, 0xdb, 0x00, 0x00, 0x12, 0xf9, 0xff, 0xcd, 0x00, 0xe0, 0xff, 0xef,
  0x00, 0x00, 0x00, 0xd7, 0xff, 0xea, 0x00, 0xa4, 0xff, 0xff, 0x16, 0x00, 0x00, 0xe5, 0xff, 0xd1,
  0x00, 0x46, 0xff, 0xff, 0x90, 0x00, 0x41, 0xff, 0xff, 0xa0, 0x00, 0x03, 0xcb, 0xff, 0xff, 0xff,
  0xff, 0xff, 0xfd, 0x25, 0x00, 0x00, 0x08, 0x9a, 0xf3, 0xff, 0xff, 0xee, 0x48, 0x00, 0x00, 0x00,
  0x00, 0x00, 0x02, 0x2f, 0x27, 0x04, 0x00, 0x00, 0x52, 0x80, 0x80, 0x80, 0x80, 0x80, 0x80, 0x80,
  0x6b, 0xa4, 0xff, 0xff, 0xff, 0xff, 0xff, 0xff, 0xff, 0xd7, 0xa4, 0xff, 0xc5, 0x80, 0x80, 0x8d,
  0xff, 0xff, 0x8b, 0xa4, 0xff, 0x8a, 0x00, 0x00, 0x94, 0xff, 0xeb, 0x0d, 0x52, 0x80, 0x45, 0x00,
  0x2f, 0xff, 0xff, 0x82, 0x00, 0x00, 0x00, 0x00, 0x00, 0xb0, 0xff, 0xff, 0x22, 0x00, 0x00, 0x00,
  0x00, 0x17, 0xfd, 0xff, 0xd1, 0x00, 0x00, 0x00, 0x00, 0x00, 0x73, 0xff, 0xff, 0x79, 0x00, 0x00,
  0x00, 0x00, 0x00, 0xc1, 0xff, 0xff, 0x2a, 0x00, 0x00, 0x00, 0x00, 0x0e, 0xfe, 0xff, 0xf1, 0x00,
  0x00, 0x00, 0x00, 0x00, 0x44, 0xff, 0xff, 0xce, 0x00, 0x00, 0x00, 0x07, 0x40, 0x84, 0xff, 0xff,
  0xce, 0x40, 0x1c, 0x00, 0x1f, 0xff, 0xff, 0xff, 0xff, 0xff, 0xff, 0x71, 0x00, 0x1f, 0xff, 0xff,
  0xff, 0xff, 0xff, 0xff, 0x71, 0x00, 0x00, 0x00, 0x01, 0x5a, 0x9b, 0xb8, 0x9f, 0x64, 0x04, 0x00,
  0x00, 0x00, 0x02, 0xbe, 0xff, 0xff, 0xff, 0xff, 0xff, 0xd4, 0x14, 0x00, 0x00, 0x72, 0xff, 0xff,
  0xbd, 0x57, 0xb1, 0xff, 0xff, 0xa0, 0x00, 0x00, 0xba, 0xff, 0xfe, 0x0c, 0x00, 0x03, 0xef, 0xff,
  0xd4, 0x00, 0x00, 0x95, 0xff, 0xfe, 0x0a, 0x00, 0x01, 0xef, 0xff, 0xc7, 0x00, 0x00, 0x37, 0xf6,
  0xff, 0x76, 0x00, 0x5d, 0xff, 0xff, 0x54, 0x00, 0x00, 0x00, 0x31, 0xf9, 0xff, 0xff, 0xff, 0xff,
  0x59, 0x00, 0x00, 0x00, 0x1f, 0xc3, 0xff, 0xff, 0xd2, 0xfd, 0xff, 0xd4, 0x2b, 0x00, 0x00, 0xbd,
  0xff, 0xff, 0x4f, 0x00, 0x33, 0xfa, 0xff, 0xd5, 0x00, 0x09, 0xfa, 0xff, 0xce, 0x00, 0x00, 0x00,
  0xad, 0xff, 0xff, 0x19, 0x22, 0xff, 0xff, 0xcd, 0x00, 0x00, 0x00, 0xad, 0xff, 0xff, 0x3b, 0x02,
  0xf7, 0xff, 0xff, 0x4b, 0x00, 0x33, 0xfa, 0xff, 0xff, 0x10, 0x00, 0x68, 0xff, 0xff, 0xff, 0xff,
  0xff, 0xff, 0xff, 0x99, 0x00, 0x00, 0x00, 0x38, 0xb4, 0xf8, 0xff, 0xff, 0xf3, 0x88, 0x08, 0x00,
  0x00, 0x00, 0x00, 0x00, 0x07, 0x35, 0x21, 0x03, 0x00, 0x00, 0x00, 0x00, 0x00, 0x05, 0x75, 0xa7,
  0xaf, 0x72, 0x1e, 0x00, 0x00, 0x00, 0x0d, 0xce, 0xff, 0xff, 0xff, 0xff, 0xef, 0x3f, 0x00, 0x00,
  0x8c, 0xff, 0xff, 0x8c, 0x65, 0xf7, 0xff, 0xf1, 0x0b, 0x00, 0xf0, 0xff, 0xcc, 0x00, 0x00, 0x70,
  0xff, 0xff, 0x63, 0x17, 0xff, 0xff, 0xa0, 0x00, 0x00, 0x22, 0xff, 0xff, 0xa5, 0x08, 0xff, 0xff,
  0xc0, 0x00, 0x00, 0x05, 0xff, 0xff, 0xc1, 0x00, 0xd4, 0xff, 0xff, 0x69, 0x40, 0x75, 0xfe, 0xff,
  0xdd, 0x00, 0x43, 0xfe, 0xff, 0xff, 0xff, 0xff, 0xff, 0xff, 0xec, 0x00, 0x00, 0x4a, 0xd1, 0xfc,
  0xff, 0x98, 0xff, 0xff, 0xd3, 0x00, 0x00, 0x00, 0x00, 0x00, 0x00, 0x23, 0xff, 0xff, 0xbb, 0x00,
  0x77, 0xa8, 0x64, 0x00, 0x00, 0x5c, 0xff, 0xff, 0x7b, 0x00, 0xad, 0xff, 0xe1, 0x0d, 0x08, 0xd0,
  0xff, 0xfc, 0x19, 0x00, 0x40, 0xff, 0xff, 0xff, 0xff, 0xff, 0xff, 0xb2, 0x00, 0x00, 0x00, 0x63,
  0xf2, 0xff, 0xff, 0xe8, 0x90, 0x11, 0x00, 0x00, 0x00, 0x00, 0x06, 0x2f, 0x21, 0x00, 0x00, 0x00,
  0x00, 0x0a, 0x80, 0x80, 0x80, 0x17, 0x14, 0xff, 0xff, 0xff, 0x2e, 0x14, 0xff, 0xff, 0xff, 0x2e,
  0x0f, 0xc0, 0xc0, 0xc0, 0x22, 0x00, 0x00, 0x00, 0x00, 0x00, 0x00, 0x00, 0x00, 0x00, 0x00, 0x05,
  0x40, 0x40, 0x40, 0x0b, 0x14, 0xff, 0xff, 0xff, 0x2e, 0x14, 0xff, 0xff, 0xff, 0x2e, 0x14, 0xff,
  0xff, 0xff, 0x2e, 0x0d, 0x80, 0x80, 0x80, 0x17, 0x1a, 0xff, 0xff, 0xff, 0x2e, 0x1a, 0xff, 0xff,
  0xff, 0x2e, 0x13, 0xc0, 0xc0, 0xc0, 0x22, 0x00, 0x00, 0x00, 0x00, 0x00, 0x00, 0x00, 0x00, 0x00,
  0x00, 0x06, 0x40, 0x40, 0x40, 0x0b, 0x1a, 0xff, 0xff, 0xff, 0x2e, 0x1a, 0xff, 0xff, 0xff, 0x2e,
  0x19, 0xff, 0xff, 0xff, 0x2d, 0x00, 0x00, 0x92, 0xff, 0x22, 0x00, 0x0f, 0xe2, 0xf6, 0x04, 0x19,
  0xff, 0xff, 0x92, 0x00, 0x0c, 0x80, 0x64, 0x01, 0x00, 0x00, 0x00, 0x00, 0x00, 0x00, 0x00, 0x00,
  0x00, 0x00, 0x00, 0x09, 0x0a, 0x00, 0x00, 0x00, 0x00, 0x00, 0x00, 0x00, 0x00, 0x27, 0x91, 0xf0,
  0x29, 0x00, 0x00, 0x00, 0x00, 0x00, 0x05, 0x57, 0xc0, 0xff, 0xff, 0xff, 0x29, 0x00, 0x00, 0x00,
  0x1d, 0x85, 0xe8, 0xff, 0xff, 0xff, 0xe5, 0x82, 0x0b, 0x01, 0x4a, 0xb3, 0xfd, 0xff, 0xff, 0xfb,
  0xae, 0x4a, 0x02, 0x00, 0x00, 0xbe, 0xff, 0xff, 0xff, 0xde, 0x78, 0x17, 0x00, 0x00, 0x00, 0x00,
  0x00, 0xd1, 0xff, 0xff, 0xe7, 0x56, 0x03, 0x00, 0x00, 0x00, 0x00, 0x00, 0x00, 0x8b, 0xf9, 0xff,
  0xff, 0xff, 0xe6, 0x7b, 0x12, 0x00, 0x00, 0x00, 0x00, 0x00, 0x12, 0x73, 0xdb, 0xff, 0xff, 0xff,
  0xf8, 0xa0, 0x30, 0x00, 0x00, 0x00, 0x00, 0x00, 0x01, 0x46, 0xad, 0xfd, 0xff, 0xff, 0xff, 0xc8,
  0x14, 0x00, 0x00, 0x00, 0x00, 0x00, 0x00, 0x1a, 0x80, 0xe5, 0xff, 0xff, 0x29, 0x00, 0x00, 0x00,
  0x00, 0x00, 0x00, 0x00, 0x00, 0x04, 0x52, 0xbb, 0x28, 0x34, 0x40, 0x40, 0x40, 0x40, 0x40, 0x40,
  0x40, 0x40, 0x40, 0x40, 0x0a, 0xd2, 0xff, 0xff, 0xff, 0xff, 0xff, 0xff, 0xff, 0xff, 0xff, 0xff,
  0x29, 0xd2, 0xff, 0xff, 0xff, 0xff, 0xff, 0xff, 0xff, 0xff, 0xff, 0xff, 0x29, 0x34, 0x40, 0x40,
  0x40, 0x40, 0x40, 0x40, 0x40, 0x40, 0x40, 0x40, 0x0a, 0x00, 0x00, 0x00, 0x00, 0x00, 0x00, 0x00,
  0x00, 0x00, 0x00, 0x00, 0x00, 0x69, 0x80, 0x80, 0x80, 0x80, 0x80, 0x80, 0x80, 0x80, 0x80, 0x80,
  0x14, 0xd2, 0xff, 0xff, 0xff, 0xff, 0xff, 0xff, 0xff, 0xff, 0xff, 0xff, 0x29, 0xd2, 0xff, 0xff,
  0xff, 0xff, 0xff, 0xff, 0xff, 0xff, 0xff, 0xff, 0x29, 0x13, 0x00, 0x00, 0x00, 0x00, 0x00, 0x00,
  0x00, 0x00, 0x00, 0x00, 0x00, 0xd0, 0xb5, 0x4c, 0x02, 0x00, 0x00, 0x00, 0x00, 0x00, 0x00, 0x00,
  0x00, 0xd2, 0xff, 0xff, 0xe0, 0x7a, 0x16, 0x00, 0x00, 0x00, 0x00, 0x00, 0x00, 0x55, 0xc5, 0xff,
  0xff, 0xff, 0xfb, 0xa7, 0x40, 0x00, 0x00, 0x00, 0x00, 0x00, 0x00, 0x27, 0x8d, 0xeb, 0xff, 0xff,
  0xff, 0xd5, 0x6d, 0x0e, 0x00, 0x00, 0x00, 0x00, 0x00, 0x05, 0x56, 0xbb, 0xff, 0xff, 0xff, 0xf7,
  0x1e, 0x00, 0x00, 0x00, 0x00, 0x00, 0x00, 0x2a, 0xb9, 0xff, 0xff, 0xff, 0x28, 0x00, 0x00, 0x00,
  0x04, 0x59, 0xc3, 0xff, 0xff, 0xff, 0xff, 0xc6, 0x15, 0x00, 0x14, 0x7c, 0xe4, 0xff, 0xff, 0xff,
  0xf2, 0x97, 0x2d, 0x00, 0x00, 0x8b, 0xfa, 0xff, 0xff, 0xff, 0xd3, 0x69, 0x0b, 0x00, 0x00, 0x00,
  0x00, 0xd2, 0xff, 0xf8, 0xa3, 0x3a, 0x00, 0x00, 0x00, 0x00, 0x00, 0x00, 0x00, 0xaf, 0x75, 0x13,
  0x00, 0x00, 0x00, 0x00, 0x00, 0x00, 0x00, 0x00, 0x00, 0x00, 0x00, 0x15, 0x7a, 0xa3, 0xb8, 0x9e,
  0x6d, 0x08, 0x00, 0x00, 0x00, 0x51, 0xf8, 0xff, 0xff, 0xff, 0xff, 0xff, 0xea, 0x26, 0x00, 0x17,
  0xf5, 0xff, 0xf9, 0x8a, 0x5b, 0xc4, 0xff, 0xff, 0xc8, 0x00, 0x52, 0xff, 0xff, 0x99, 0x00, 0x00,
  0x08, 0xf9, 0xff, 0xff, 0x0d, 0x1c, 0x40, 0x40, 0x21, 0x00, 0x00, 0x08, 0xfb, 0xff, 0xff, 0x22,
  0x00, 0x00, 0x00, 0x00, 0x0c, 0x01, 0x93, 0xff, 0xff, 0xf2, 0x02, 0x00, 0x00, 0x00, 0x00, 0xf4,
  0xff, 0xff, 0xff, 0xfc, 0x53, 0x00, 0x00, 0x00, 0x00, 0x00, 0xe0, 0xff, 0xf2, 0xa0, 0x27, 0x00,
  0x00, 0x00, 0x00, 0x00, 0x00, 0xcc, 0xd9, 0x00, 0x00, 0x00, 0x00, 0x00, 0x00, 0x00, 0x00, 0x00,
  0x2f, 0x2b, 0x00, 0x00, 0x00, 0x00, 0x00, 0x00, 0x00, 0x00, 0x2b, 0x40, 0x40, 0x25, 0x00, 0x00,
  0x00, 0x00, 0x00, 0x00, 0x00, 0xae, 0xff, 0xff, 0x94, 0x00, 0x00, 0x00, 0x00, 0x00, 0x00, 0x00,
  0xae, 0xff, 0xff, 0x94, 0x00, 0x00, 0x00, 0x00, 0x00, 0x00, 0x00, 0xae, 0xff, 0xff, 0x94, 0x00,
  0x00, 0x00, 0x00, 0x00, 0x00, 0x00, 0x00, 0x00, 0x00, 0x00, 0x06, 0x2e, 0x55, 0x76, 0x5e, 0x38,
  0x0e, 0x00, 0x00, 0x00, 0x00, 0x00, 0x00, 0x00, 0x00, 0x00, 0x00, 0x00, 0x27, 0x9d, 0xf8, 0xff,
  0xff, 0xff, 0xff, 0xff, 0xff, 0xaf, 0x22, 0x00, 0x00, 0x00, 0x00, 0x00, 0x00, 0x00, 0x05, 0x9c,
  0xff, 0xfc, 0xb4, 0x75, 0x5c, 0x46, 0x71, 0x9d, 0xde, 0xff, 0xfb, 0x7d, 0x00, 0x00, 0x00, 0x00,
  0x00, 0x08, 0xb9, 0xff, 0xa9, 0x12, 0x00, 0x00, 0x00, 0x00, 0x00, 0x00, 0x02, 0x58, 0xde, 0xff,
  0x56, 0x00, 0x00, 0x00, 0x00, 0x95, 0xff, 0x99, 0x01, 0x00, 0x13, 0x59, 0x77, 0x58, 0x0d, 0x29,
  0x40, 0x3b, 0x21, 0xf1, 0xf3, 0x1f, 0x00, 0x00, 0x42, 0xff, 0xd9, 0x05, 0x00, 0x43, 0xea, 0xff,
  0xff, 0xff, 0xcc, 0xd5, 0xff, 0xcc, 0x00, 0x5e, 0xff, 0x82, 0x00, 0x00, 0xaa, 0xff, 0x4a, 0x00,
  0x3b, 0xf8, 0xff, 0xb0, 0x52, 0x80, 0xf5, 0xff, 0xff, 0x95, 0x00, 0x19, 0xff, 0xac, 0x00, 0x0f,
  0xfb, 0xe4, 0x00, 0x03, 0xd7, 0xff, 0xc3, 0x03, 0x00, 0x00, 0x93, 0xff, 0xff, 0x60, 0x00, 0x00,
  0xea, 0xd5, 0x00, 0x40, 0xff, 0x95, 0x00, 0x46, 0xff, 0xff, 0x46, 0x00, 0x00, 0x00, 0x6d, 0xff,
  0xff, 0x29, 0x00, 0x02, 0xf7, 0xd3, 0x00, 0x56, 0xff, 0x76, 0x00, 0x8d, 0xff, 0xf7, 0x00, 0x00,
  0x00, 0x00, 0x7d, 0xff, 0xf2, 0x00, 0x00, 0x2d, 0xff, 0xa6, 0x00, 0x58, 0xff, 0x67, 0x00, 0xad,
  0xff, 0xd4, 0x00, 0x00, 0x00, 0x00, 0xbf, 0xff, 0xbc, 0x00, 0x00, 0x94, 0xff, 0x77, 0x00, 0x2b,
  0xff, 0x8f, 0x00, 0x9b, 0xff, 0xda, 0x00, 0x00, 0x00, 0x31, 0xff, 0xff, 0x86, 0x00, 0x34, 0xff,
  0xf0, 0x19, 0x00, 0x03, 0xf9, 0xbf, 0x00, 0x68, 0xff, 0xff, 0x51, 0x00, 0x1f, 0xd8, 0xff, 0xff,
  0x6b, 0x37, 0xdd, 0xff, 0x5b, 0x00, 0x00, 0x00, 0xce, 0xfe, 0x36, 0x05, 0xcf, 0xff, 0xff, 0xd2,
  0xfb, 0xff, 0xff, 0xff, 0xff, 0xff, 0xf4, 0x5f, 0x00, 0x00, 0x00, 0x00, 0x58, 0xff, 0xdb, 0x09,
  0x06, 0x79, 0xd2, 0xee, 0xab, 0x3b, 0xd9, 0xfb, 0xcb, 0x95, 0x23, 0x00, 0x30, 0x40, 0x16, 0x00,
  0x00, 0x9f, 0xff, 0xaa, 0x0f, 0x00, 0x00, 0x00, 0x00, 0x00, 0x00, 0x00, 0x00, 0x00, 0x00, 0x5c,
  0xff, 0xd4, 0x07, 0x00, 0x00, 0x0b, 0xcf, 0xff, 0xee, 0x67, 0x02, 0x00, 0x00, 0x00, 0x00, 0x00,
  0x02, 0x3b, 0xaa, 0xff, 0xe3, 0x25, 0x00, 0x00, 0x00, 0x00, 0x03, 0x64, 0xe9, 0xff, 0xf7, 0xcd,
  0xab, 0x87, 0x9a, 0xb8, 0xf1, 0xff, 0xff, 0xbd, 0x13, 0x00, 0x00, 0x00, 0x00, 0x00, 0x00, 0x00,
  0x09, 0x73, 0xaf, 0xd9, 0xfd, 0xff, 0xff, 0xf5, 0xc7, 0x82, 0x35, 0x00, 0x00, 0x00, 0x00, 0x00,
  0x00, 0x00, 0x00, 0x00, 0x00, 0x00, 0x00, 0x00, 0x07, 0x34, 0x21, 0x01, 0x00, 0x00, 0x00, 0x00,
  0x00, 0x00, 0x00, 0x00, 0x00, 0x00, 0x42, 0x80, 0x80, 0x80, 0x80, 0x80, 0x80, 0x80, 0x80, 0x2b,
  0x00, 0x00, 0x00, 0x00, 0x00, 0x85, 0xff, 0xff, 0xff, 0xff, 0xff, 0xff, 0xff, 0xff, 0x57, 0x00,
  0x00, 0x00, 0x00, 0x00, 0x63, 0xc0, 0xef, 0xff, 0xff, 0xff, 0xff, 0xe3, 0xc0, 0x40, 0x00, 0x00,
  0x00, 0x00, 0x00, 0x00, 0x01, 0xea, 0xff, 0xcf, 0xff, 0xff, 0xbf, 0x00, 0x00, 0x00, 0x00, 0x00,
  0x00, 0x00, 0x00, 0x36, 0xff, 0xff, 0x58, 0xee, 0xff, 0xfe, 0x13, 0x00, 0x00, 0x00, 0x00, 0x00,
  0x00, 0x00, 0x83, 0xff, 0xfe, 0x0f, 0xac, 0xff, 0xff, 0x62, 0x00, 0x00, 0x00, 0x00, 0x00, 0x00,
  0x00, 0xcf, 0xff, 0xc7, 0x00, 0x69, 0xff, 0xff, 0xb2, 0x00, 0x00, 0x00, 0x00, 0x00, 0x00, 0x1a,
  0xff, 0xff, 0xc8, 0x80, 0x9b, 0xff, 0xff, 0xfa, 0x0b, 0x00, 0x00, 0x00, 0x00, 0x00, 0x67, 0xff,
  0xff, 0xff, 0xff, 0xff, 0xff, 0xff, 0xff, 0x53, 0x00, 0x00, 0x00, 0x00, 0x00, 0xb3, 0xff, 0xe6,
  0x80, 0x80, 0x80, 0xc3, 0xff, 0xff, 0xa3, 0x00, 0x00, 0x00, 0x00, 0x06, 0xf9, 0xff, 0x8f, 0x00,
  0x00, 0x00, 0x4f, 0xff, 0xff, 0xf1, 0x03, 0x00, 0x02, 0x40, 0x70, 0xff, 0xff, 0x75, 0x3e, 0x00,
  0x2b, 0x49, 0xff, 0xff, 0xff, 0x6b, 0x40, 0x0a, 0xff, 0xff, 0xff, 0xff, 0xff, 0xfb, 0x00, 0xae,
  0xff, 0xff, 0xff, 0xff, 0xff, 0xff, 0x0a, 0xff, 0xff, 0xff, 0xff, 0xff, 0xfb, 0x00, 0xae, 0xff,
  0xff, 0xff, 0xff, 0xff, 0xff, 0x2a, 0x80, 0x80, 0x80, 0x80, 0x80, 0x80, 0x80, 0x80, 0x64, 0x0d,
  0x00, 0x00, 0x56, 0xff, 0xff, 0xff, 0xff, 0xff, 0xff, 0xff, 0xff, 0xff, 0xf0, 0x44, 0x00, 0x40,
  0xc0, 0xea, 0xff, 0xff, 0xf8, 0xc1, 0xde, 0xfd, 0xff, 0xff, 0xf0, 0x09, 0x00, 0x00, 0xa8, 0xff,
  0xff, 0xe0, 0x00, 0x00, 0x4f, 0xff, 0xff, 0xff, 0x4c, 0x00, 0x00, 0xa8, 0xff, 0xff, 0xe0, 0x00,
  0x00, 0x2c, 0xff, 0xff, 0xff, 0x50, 0x00, 0x00, 0xa8, 0xff, 0xff, 0xe8, 0x40, 0x41, 0xae, 0xff,
  0xff, 0xe8, 0x13, 0x00, 0x00, 0xa8, 0xff, 0xff, 0xff, 0xff, 0xff, 0xff, 0xff, 0xd3, 0x19, 0x00,
  0x00, 0x00, 0xa9, 0xff, 0xff, 0xff, 0xff, 0xff, 0xff, 0xff, 0xfd, 0x8c, 0x06, 0x00, 0x00, 0xa8,
  0xff, 0xff, 0xe0, 0x00, 0x14, 0x71, 0xfd, 0xff, 0xff, 0x75, 0x00, 0x00, 0xa9, 0xff, 0xff, 0xe1,
  0x00, 0x00, 0x00, 0xc5, 0xff, 0xff, 0xc3, 0x00, 0x00, 0xa9, 0xff, 0xff, 0xe1, 0x00, 0x00, 0x00,
  0xc5, 0xff, 0xff, 0xda, 0x15, 0x40, 0xbe, 0xff, 0xff, 0xe8, 0x40, 0x64, 0xa9, 0xff, 0xff, 0xff,
  0x90, 0x55, 0xff, 0xff, 0xff, 0xff, 0xff, 0xff, 0xff, 0xff, 0xff, 0xff, 0xd9, 0x12, 0x55, 0xff,
  0xff, 0xff, 0xff, 0xff, 0xff, 0xff, 0xff, 0xef, 0x9e, 0x12, 0x00, 0x00, 0x00, 0x00, 0x00, 0x00,
  0x00, 0x00, 0x00, 0x00, 0x00, 0x00, 0x00, 0x00, 0x00, 0x00, 0x00, 0x00, 0x0c, 0x57, 0x81, 0xb1,
  0xaf, 0x92, 0x4b, 0x04, 0x80, 0x80, 0x20, 0x00, 0x00, 0x00, 0x44, 0xe4, 0xff, 0xff, 0xff, 0xff,
  0xff, 0xff, 0xc5, 0xff, 0xff, 0x42, 0x00, 0x00, 0x6c, 0xff, 0xff, 0xff, 0xf3, 0xab, 0x8c, 0xd7,
  0xff, 0xff, 0xff, 0xff, 0x40, 0x00, 0x27, 0xf7, 0xff, 0xff, 0xf2, 0x37, 0x00, 0x00, 0x00, 0x49,
  0xff, 0xff, 0xff, 0x41, 0x00, 0x96, 0xff, 0xff, 0xff, 0x5e, 0x00, 0x00, 0x00, 0x00, 0x00, 0x8b,
  0xff, 0xff, 0x43, 0x00, 0xd5, 0xff, 0xff, 0xda, 0x00, 0x00, 0x00, 0x00, 0x00, 0x00, 0x08, 0x40,
  0x40, 0x10, 0x12, 0xff, 0xff, 0xff, 0xa7, 0x00, 0x00, 0x00, 0x00, 0x00, 0x00, 0x00, 0x00, 0x00,
  0x00, 0x34, 0xff, 0xff, 0xff, 0x94, 0x00, 0x00, 0x00, 0x00, 0x00, 0x00, 0x00, 0x00, 0x00, 0x00,
  0x0b, 0xff, 0xff, 0xff, 0xb9, 0x00, 0x00, 0x00, 0x00, 0x00, 0x00, 0x05, 0x8f, 0x1c, 0x00, 0x00,
  0xe1, 0xff, 0xff, 0xf8, 0x19, 0x00, 0x00, 0x00, 0x00, 0x00, 0x53, 0xff, 0xfd, 0x7e, 0x00, 0x74,
  0xff, 0xff, 0xff, 0xab, 0x04, 0x00, 0x00, 0x00, 0x22, 0xea, 0xff, 0xff, 0x6d, 0x00, 0x01, 0xc6,
  0xff, 0xff, 0xff, 0xc2, 0x65, 0x4a, 0x7e, 0xf1, 0xff, 0xff, 0xcb, 0x07, 0x00, 0x00, 0x1d, 0xc0,
  0xff, 0xff, 0xff, 0xff, 0xff, 0xff, 0xff, 0xff, 0x9c, 0x08, 0x00, 0x00, 0x00, 0x00, 0x00, 0x65,
  0xd1, 0xfa, 0xff, 0xff, 0xee, 0xb3, 0x57, 0x00, 0x00, 0x00, 0x00, 0x00, 0x00, 0x00, 0x00, 0x00,
  0x03, 0x27, 0x2b, 0x00, 0x00, 0x00, 0x00, 0x00, 0x00, 0x2a, 0x80, 0x80, 0x80, 0x80, 0x80, 0x80,
  0x80, 0x80, 0x80, 0x61, 0x0f, 0x00, 0x00, 0x00, 0x00, 0x55, 0xff, 0xff, 0xff, 0xff, 0xff, 0xff,
  0xff, 0xff, 0xff, 0xff, 0xed, 0x59, 0x00, 0x00, 0x00, 0x40, 0xc0, 0xd2, 0xff, 0xff, 0xff, 0xcf,
  0xc0, 0xc1, 0xf8, 0xff, 0xff, 0xff, 0x77, 0x00, 0x00, 0x00, 0x00, 0x48, 0xff, 0xff, 0xff, 0x3c,
  0x00, 0x00, 0x26, 0xe6, 0xff, 0xff, 0xfc, 0x31, 0x00, 0x00, 0x00, 0x48, 0xff, 0xff, 0xff, 0x3d,
  0x00, 0x00, 0x00, 0x3b, 0xfd, 0xff, 0xff, 0xa5, 0x00, 0x00, 0x00, 0x48, 0xff, 0xff, 0xff, 0x3c,
  0x00, 0x00, 0x00, 0x00, 0xc5, 0xff, 0xff, 0xf8, 0x05, 0x00, 0x00, 0x48, 0xff, 0xff, 0xff, 0x3d,
  0x00, 0x00, 0x00, 0x00, 0x99, 0xff, 0xff, 0xff, 0x22, 0x00, 0x00, 0x48, 0xff, 0xff, 0xff, 0x3c,
  0x00, 0x00, 0x00, 0x00, 0x82, 0xff, 0xff, 0xff, 0x32, 0x00, 0x00, 0x48, 0xff, 0xff, 0xff, 0x3d,
  0x00, 0x00, 0x00, 0x00, 0xac, 0xff, 0xff, 0xff, 0x1a, 0x00, 0x00, 0x48, 0xff, 0xff, 0xff, 0x3d,
  0x00, 0x00, 0x00, 0x00, 0xd7, 0xff, 0xff, 0xde, 0x00, 0x00, 0x00, 0x48, 0xff, 0xff, 0xff, 0x3c,
  0x00, 0x00, 0x00, 0x7c, 0xff, 0xff, 0xff, 0x71, 0x00, 0x15, 0x40, 0x76, 0xff, 0xff, 0xff, 0x6d,
  0x4d, 0x75, 0xcc, 0xff, 0xff, 0xff, 0xc1, 0x02, 0x00, 0x57, 0xff, 0xff, 0xff, 0xff, 0xff, 0xff,
  0xff, 0xff, 0xff, 0xff, 0xff, 0xdc, 0x10, 0x00, 0x00, 0x55, 0xff, 0xff, 0xff, 0xff, 0xff, 0xff,
  0xff, 0xff, 0xf7, 0xbf, 0x73, 0x0d, 0x00, 0x00, 0x00, 0x00, 0x00, 0x00, 0x00, 0x00, 0x00, 0x00,
  0x00, 0x00, 0x00, 0x00, 0x00, 0x00, 0x00, 0x00, 0x00, 0x2b, 0x80, 0x80, 0x80, 0x80, 0x80, 0x80,
  0x80, 0x80, 0x80, 0x80, 0x80, 0x4f, 0x57, 0xff, 0xff, 0xff, 0xff, 0xff, 0xff, 0xff, 0xff, 0xff,
  0xff, 0xff, 0x9f, 0x40, 0xc0, 0xee, 0xff, 0xff, 0xf4, 0xc0, 0xc0, 0xc0, 0xc0, 0xfd, 0xff, 0x9d,
  0x00, 0x00, 0xb8, 0xff, 0xff, 0xd2, 0x00, 0x00, 0x00, 0x00, 0xf6, 0xff, 0x9f, 0x00, 0x00, 0xb8,
  0xff, 0xff, 0xd1, 0x00, 0x00, 0x00, 0x00, 0xb8, 0xc0, 0x76, 0x00, 0x00, 0xb8, 0xff, 0xff, 0xdd,
  0x40, 0x40, 0x40, 0x0e, 0x00, 0x00, 0x00, 0x00, 0x00, 0xb8, 0xff, 0xff, 0xff, 0xff, 0xff, 0xff,
  0x38, 0x00, 0x00, 0x00, 0x00, 0x00, 0xb8, 0xff, 0xff, 0xff, 0xff, 0xff, 0xff, 0x38, 0x00, 0x00,
  0x00, 0x00, 0x00, 0xb8, 0xff, 0xff, 0xdd, 0x40, 0x40, 0x40, 0x0e, 0x00, 0x00, 0x00, 0x00, 0x00,
  0xb8, 0xff, 0xff, 0xd1, 0x00, 0x00, 0x00, 0x00, 0x3d, 0x40, 0x27, 0x00, 0x00, 0xb8, 0xff, 0xff,
  0xd2, 0x00, 0x00, 0x00, 0x00, 0xf6, 0xff, 0x9f, 0x15, 0x40, 0xca, 0xff, 0xff, 0xdd, 0x40, 0x40,
  0x40, 0x40, 0xf8, 0xff, 0x9d, 0x57, 0xff, 0xff, 0xff, 0xff, 0xff, 0xff, 0xff, 0xff, 0xff, 0xff,
  0xff, 0x9f, 0x57, 0xff, 0xff, 0xff, 0xff, 0xff, 0xff, 0xff, 0xff, 0xff, 0xff, 0xff, 0x9f, 0x38,
  0x80, 0x80, 0x80, 0x80, 0x80, 0x80, 0x80, 0x80, 0x80, 0x80, 0x80, 0x5c, 0x71, 0xff, 0xff, 0xff,
  0xff, 0xff, 0xff, 0xff, 0xff, 0xff, 0xff, 0xff, 0xb8, 0x54, 0xc0, 0xe0, 0xff, 0xff, 0xff, 0xc2,
  0xc0, 0xc0, 0xc0, 0xf8, 0xff, 0xb8, 0x00, 0x00, 0x80, 0xff, 0xff, 0xff, 0x0a, 0x00, 0x00, 0x00,
  0xe1, 0xff, 0xb8, 0x00, 0x00, 0x80, 0xff, 0xff, 0xff, 0x0a, 0x00, 0x00, 0x00, 0x70, 0x80, 0x5c,
  0x00, 0x00, 0x80, 0xff, 0xff, 0xff, 0x47, 0x40, 0x3e, 0x00, 0x00, 0x00, 0x00, 0x00, 0x00, 0x80,
  0xff, 0xff, 0xff, 0xff, 0xff, 0xfb, 0x00, 0x00, 0x00, 0x00, 0x00, 0x00, 0x80, 0xff, 0xff, 0xff,
  0xff, 0xff, 0xfb, 0x00, 0x00, 0x00, 0x00, 0x00, 0x00, 0x80, 0xff, 0xff, 0xff, 0x47, 0x40, 0x3e,
  0x00, 0x00, 0x00, 0x00, 0x00, 0x00, 0x80, 0xff, 0xff, 0xff, 0x0a, 0x00, 0x00, 0x00, 0x00, 0x00,
  0x00, 0x00, 0x00, 0x80, 0xff, 0xff, 0xff, 0x0a, 0x00, 0x00, 0x00, 0x00, 0x00, 0x00, 0x1c, 0x40,
  0xa0, 0xff, 0xff, 0xff, 0x47, 0x40, 0x09, 0x00, 0x00, 0x00, 0x00, 0x71, 0xff, 0xff, 0xff, 0xff,
  0xff, 0xff, 0xff, 0x24, 0x00, 0x00, 0x00, 0x00, 0x71, 0xff, 0xff, 0xff, 0xff, 0xff, 0xff, 0xff,
  0x24, 0x00, 0x00, 0x00, 0x00, 0x00, 0x00, 0x00, 0x00, 0x00, 0x45, 0x78, 0xa3, 0xb7, 0x9d, 0x78,
  0x11, 0x4a, 0x80, 0x5c, 0x00, 0x00, 0x00, 0x00, 0x22, 0xc0, 0xff, 0xff, 0xff, 0xff, 0xff, 0xff,
  0xef, 0xd5, 0xff, 0xb8, 0x00, 0x00, 0x00, 0x36, 0xf9, 0xff, 0xff, 0xfc, 0xb0, 0x8a, 0xae, 0xf6,
  0xff, 0xff, 0xff, 0xb8, 0x00, 0x00, 0x08, 0xd9, 0xff, 0xff, 0xef, 0x3a, 0x00, 0x00, 0x00, 0x12,
  0xad, 0xff, 0xff, 0xb8, 0x00, 0x00, 0x58, 0xff, 0xff, 0xff, 0x6e, 0x00, 0x00, 0x00, 0x00, 0x00,
  0x04, 0xe8, 0xff, 0xb8, 0x00, 0x00, 0x99, 0xff, 0xff, 0xf9, 0x06, 0x00, 0x00, 0x00, 0x00, 0x00,
  0x00, 0x28, 0x40, 0x2e, 0x00, 0x00, 0xda, 0xff, 0xff, 0xd6, 0x00, 0x00, 0x00, 0x00, 0x00, 0x00,
  0x00, 0x00, 0x00, 0x00, 0x00, 0x00, 0xf9, 0xff, 0xff, 0xd2, 0x00, 0x00, 0x00, 0x00, 0x5b, 0xc0,
  0xc0, 0xc0, 0xc0, 0xc0, 0xa8, 0x00, 0xd2, 0xff, 0xff, 0xf6, 0x00, 0x00, 0x00, 0x00, 0x7b, 0xff,
  0xff, 0xff, 0xff, 0xff, 0xc7, 0x00, 0xa5, 0xff, 0xff, 0xff, 0x4d, 0x00, 0x00, 0x00, 0x3d, 0x80,
  0x98, 0xff, 0xff, 0xff, 0xa8, 0x00, 0x37, 0xfe, 0xff, 0xff, 0xda, 0x18, 0x00, 0x00, 0x00, 0x04,
  0xa1, 0xff, 0xff, 0xff, 0x54, 0x00, 0x00, 0x82, 0xff, 0xff, 0xff, 0xe8, 0x76, 0x4a, 0x6e, 0xd6,
  0xff, 0xff, 0xff, 0xb1, 0x00, 0x00, 0x00, 0x04, 0x8b, 0xfe, 0xff, 0xff, 0xff, 0xff, 0xff, 0xff,
  0xff, 0xff, 0xb0, 0x08, 0x00, 0x00, 0x00, 0x00, 0x00, 0x30, 0xb8, 0xef, 0xff, 0xff, 0xff, 0xf9,
  0xb9, 0x5b, 0x00, 0x00, 0x00, 0x00, 0x00, 0x00, 0x00, 0x00, 0x00, 0x00, 0x17, 0x38, 0x21, 0x04,
  0x00, 0x00, 0x00, 0x00, 0x00, 0x30, 0x80, 0x80, 0x80, 0x80, 0x80, 0x80, 0x17, 0x76, 0x80, 0x80,
  0x80, 0x80, 0x80, 0x4d, 0x60, 0xff, 0xff, 0xff, 0xff, 0xff, 0xff, 0x2d, 0xec, 0xff, 0xff, 0xff,
  0xff, 0xff, 0x9a, 0x48, 0xc0, 0xec, 0xff, 0xff, 0xef, 0xc0, 0x22, 0xb1, 0xe3, 0xff, 0xff, 0xf8,
  0xc0, 0x73, 0x00, 0x00, 0xb3, 0xff, 0xff, 0xbd, 0x00, 0x00, 0x00, 0x8f, 0xff, 0xff, 0xe1, 0x00,
  0x00, 0x00, 0x00, 0xb3, 0xff, 0xff, 0xbd, 0x00, 0x00, 0x00, 0x8f, 0xff, 0xff, 0xe1, 0x00, 0x00,
  0x00, 0x00, 0xb1, 0xff, 0xff, 0xcd, 0x40, 0x40, 0x40, 0xaa, 0xff, 0xff, 0xe0, 0x00, 0x00, 0x00,
  0x00, 0xb3, 0xff, 0xff, 0xff, 0xff, 0xff, 0xff, 0xff, 0xff, 0xff, 0xe1, 0x00, 0x00, 0x00, 0x00,
  0xb3, 0xff, 0xff, 0xff, 0xff, 0xff, 0xff, 0xff, 0xff, 0xff, 0xe1, 0x00, 0x00, 0x00, 0x00, 0xb3,
  0xff, 0xff, 0xbd, 0x00, 0x00, 0x00, 0x8f, 0xff, 0xff, 0xe1, 0x00, 0x00, 0x00, 0x00, 0xb3, 0xff,
  0xff, 0xbd, 0x00, 0x00, 0x00, 0x8f, 0xff, 0xff, 0xe1, 0x00, 0x00, 0x00, 0x00, 0xb3, 0xff, 0xff,
  0xbd, 0x00, 0x00, 0x00, 0x8f, 0xff, 0xff, 0xe1, 0x00, 0x00, 0x18, 0x40, 0xc5, 0xff, 0xff, 0xcd,
  0x40, 0x0b, 0x3b, 0xaa, 0xff, 0xff, 0xe8, 0x40, 0x26, 0x60, 0xff, 0xff, 0xff, 0xff, 0xff, 0xff,
  0x2d, 0xec, 0xff, 0xff, 0xff, 0xff, 0xff, 0x9a, 0x60, 0xff, 0xff, 0xff, 0xff, 0xff, 0xff, 0x2d,
  0xec, 0xff, 0xff, 0xff, 0xff, 0xff, 0x9a, 0x4d, 0x80, 0x80, 0x80, 0x80, 0x80, 0x80, 0x80, 0x0a,
  0x9a, 0xff, 0xff, 0xff, 0xff, 0xff, 0xff, 0xff, 0x14, 0x73, 0xc0, 0xe2, 0xff, 0xff, 0xff, 0xc0,
  0xc0, 0x0f, 0x00, 0x00, 0x8a, 0xff, 0xff, 0xff, 0x00, 0x00, 0x00, 0x00, 0x00, 0x8a, 0xff, 0xff,
  0xff, 0x00, 0x00, 0x00, 0x00, 0x00, 0x8a, 0xff, 0xff, 0xff, 0x00, 0x00, 0x00, 0x00, 0x00, 0x8a,
  0xff, 0xff, 0xff, 0x00, 0x00, 0x00, 0x00, 0x00, 0x8a, 0xff, 0xff, 0xff, 0x00, 0x00, 0x00, 0x00,
  0x00, 0x8a, 0xff, 0xff, 0xff, 0x00, 0x00, 0x00, 0x00, 0x00, 0x8a, 0xff, 0xff, 0xff, 0x00, 0x00,
  0x00, 0x00, 0x00, 0x8a, 0xff, 0xff, 0xff, 0x00, 0x00, 0x00, 0x26, 0x40, 0xa7, 0xff, 0xff, 0xff,
  0x40, 0x40, 0x05, 0x9a, 0xff, 0xff, 0xff, 0xff, 0xff, 0xff, 0xff, 0x14, 0x9a, 0xff, 0xff, 0xff,
  0xff, 0xff, 0xff, 0xff, 0x14, 0x00, 0x40, 0x80, 0x80, 0x80, 0x80, 0x80, 0x80, 0x73, 0x00, 0x80,
  0xff, 0xff, 0xff, 0xff, 0xff, 0xff, 0xe6, 0x00, 0x60, 0xc0, 0xde, 0xff, 0xff, 0xff, 0xc3, 0xac,
  0x00, 0x00, 0x00, 0x7b, 0xff, 0xff, 0xff, 0x0f, 0x00, 0x00, 0x00, 0x00, 0x7b, 0xff, 0xff, 0xff,
  0x0f, 0x00, 0x00, 0x00, 0x00, 0x7b, 0xff, 0xff, 0xff, 0x0f, 0x00, 0x00, 0x00, 0x00, 0x7b, 0xff,
  0xff, 0xff, 0x0f, 0x00, 0x00, 0x00, 0x00, 0x7b, 0xff, 0xff, 0xff, 0x0f, 0x00, 0x00, 0x00, 0x00,
  0x7b, 0xff, 0xff, 0xff, 0x0f, 0x00, 0x00, 0x00, 0x00, 0x7b, 0xff, 0xff, 0xff, 0x0f, 0x00, 0x00,
  0x00, 0x00, 0x7b, 0xff, 0xff, 0xff, 0x0f, 0x00, 0x00, 0x00, 0x00, 0x7b, 0xff, 0xff, 0xff, 0x0f,
  0x00, 0x00, 0x00, 0x00, 0x7b, 0xff, 0xff, 0xff, 0x0f, 0x00, 0x00, 0x00, 0x00, 0x7d, 0xff, 0xff,
  0xff, 0x0c, 0x00, 0x00, 0x00, 0x00, 0x9a, 0xff, 0xff, 0xf6, 0x00, 0x00, 0x03, 0x5e, 0x71, 0xf1,
  0xff, 0xff, 0xcd, 0x00, 0x00, 0x05, 0xff, 0xff, 0xff, 0xff, 0xff, 0x53, 0x00, 0x00, 0x04, 0xff,
  0xff, 0xff, 0xce, 0x4b, 0x00, 0x00, 0x00, 0x00, 0x1f, 0x40, 0x1c, 0x00, 0x00, 0x00, 0x00, 0x00,
  0x4d, 0x80, 0x80, 0x80, 0x80, 0x80, 0x80, 0x40, 0x29, 0x80, 0x80, 0x80, 0x80, 0x80, 0x80, 0x29,
  0x9a, 0xff, 0xff, 0xff, 0xff, 0xff, 0xff, 0x80, 0x52, 0xff, 0xff, 0xff, 0xff, 0xff, 0xff, 0x52,
  0x73, 0xc0, 0xf0, 0xff, 0xff, 0xf2, 0xc0, 0x60, 0x3d, 0xc0, 0xf4, 0xff, 0xff, 0xe2, 0xc0, 0x3d,
  0x00, 0x00, 0xc3, 0xff, 0xff, 0xc8, 0x00, 0x00, 0x00, 0x83, 0xff, 0xff, 0xd4, 0x11, 0x00, 0x00,
  0x00, 0x00, 0xc3, 0xff, 0xff, 0xc8, 0x00, 0x02, 0xa4, 0xff, 0xff, 0xcf, 0x11, 0x00, 0x00, 0x00,
  0x00, 0x00, 0xc2, 0xff, 0xff, 0xc7, 0x08, 0xb6, 0xff, 0xff, 0xca, 0x0e, 0x00, 0x00, 0x00, 0x00,
  0x00, 0x00, 0xc0, 0xff, 0xff, 0xca, 0xc7, 0xff, 0xff, 0xfa, 0x17, 0x00, 0x00, 0x00, 0x00, 0x00,
  0x00, 0x00, 0xc2, 0xff, 0xff, 0xc7, 0x81, 0xff, 0xff, 0xff, 0xb3, 0x01, 0x00, 0x00, 0x00, 0x00,
  0x00, 0x00, 0xc2, 0xff, 0xff, 0xc7, 0x01, 0xaf, 0xff, 0xff, 0xff, 0x89, 0x00, 0x00, 0x00, 0x00,
  0x00, 0x00, 0xc3, 0xff, 0xff, 0xc8, 0x00, 0x09, 0xd3, 0xff, 0xff, 0xff, 0x5a, 0x00, 0x00, 0x00,
  0x00, 0x00, 0xc3, 0xff, 0xff, 0xc8, 0x00, 0x00, 0x1d, 0xed, 0xff, 0xff, 0xfa, 0x3f, 0x00, 0x00,
  0x26, 0x40, 0xd1, 0xff, 0xff, 0xd6, 0x40, 0x17, 0x26, 0x7f, 0xff, 0xff, 0xff, 0xee, 0x4b, 0x2c,
  0x9a, 0xff, 0xff, 0xff, 0xff, 0xff, 0xff, 0x5c, 0x9a, 0xff, 0xff, 0xff, 0xff, 0xff, 0xff, 0xb3,
  0x9a, 0xff, 0xff, 0xff, 0xff, 0xff, 0xff, 0x5c, 0x9a, 0xff, 0xff, 0xff, 0xff, 0xff, 0xff, 0xb3,
  0x38, 0x80, 0x80, 0x80, 0x80, 0x80, 0x80, 0x80, 0x02, 0x00, 0x00, 0x00, 0x00, 0x71, 0xff, 0xff,
  0xff, 0xff, 0xff, 0xff, 0xff, 0x05, 0x00, 0x00, 0x00, 0x00, 0x54, 0xc0, 0xe0, 0xff, 0xff, 0xff,
  0xc2, 0xc0, 0x03, 0x00, 0x00, 0x00, 0x00, 0x00, 0x00, 0x80, 0xff, 0xff, 0xff, 0x0a, 0x00, 0x00,
  0x00, 0x00, 0x00, 0x00, 0x00, 0x00, 0x80, 0xff, 0xff, 0xff, 0x0a, 0x00, 0x00, 0x00, 0x00, 0x00,
  0x00, 0x00, 0x00, 0x80, 0xff, 0xff, 0xff, 0x0a, 0x00, 0x00, 0x00, 0x00, 0x00, 0x00, 0x00, 0x00,
  0x80, 0xff, 0xff, 0xff, 0x0a, 0x00, 0x00, 0x00, 0x00, 0x00, 0x00, 0x00, 0x00, 0x80, 0xff, 0xff,
  0xff, 0x0a, 0x00, 0x00, 0x00, 0x78, 0x80, 0x59, 0x00, 0x00, 0x80, 0xff, 0xff, 0xff, 0x0a, 0x00,
  0x00, 0x00, 0xf1, 0xff, 0xb3, 0x00, 0x00, 0x80, 0xff, 0xff, 0xff, 0x0a, 0x00, 0x00, 0x00, 0xf1,
  0xff, 0xb3, 0x00, 0x00, 0x80, 0xff, 0xff, 0xff, 0x0a, 0x00, 0x00, 0x00, 0xf1, 0xff, 0xb3, 0x1c,
  0x40, 0xa0, 0xff, 0xff, 0xff, 0x47, 0x40, 0x40, 0x40, 0xf4, 0xff, 0xb1, 0x71, 0xff, 0xff, 0xff,
  0xff, 0xff, 0xff, 0xff, 0xff, 0xff, 0xff, 0xff, 0xb3, 0x71, 0xff, 0xff, 0xff, 0xff, 0xff, 0xff,
  0xff, 0xff, 0xff, 0xff, 0xff, 0xb3, 0x3b, 0x80, 0x80, 0x80, 0x80, 0x80, 0x80, 0x37, 0x00, 0x00,
  0x00, 0x00, 0x00, 0x62, 0x80, 0x80, 0x80, 0x80, 0x80, 0x80, 0x21, 0x76, 0xff, 0xff, 0xff, 0xff,
  0xff, 0xff, 0xb7, 0x00, 0x00, 0x00, 0x00, 0x10, 0xfa, 0xff, 0xff, 0xff, 0xff, 0xff, 0xff, 0x43,
  0x58, 0xc0, 0xec, 0xff, 0xe8, 0xff, 0xff, 0xfc, 0x16, 0x00, 0x00, 0x00, 0x6c, 0xff, 0xed, 0xfb,
  0xff, 0xff, 0xe0, 0xc0, 0x31, 0x00, 0x00, 0xb2, 0xff, 0x80, 0xe5, 0xff, 0xff, 0x76, 0x00, 0x00,
  0x00, 0xcb, 0xff, 0x79, 0xec, 0xff, 0xff, 0x80, 0x00, 0x00, 0x00, 0x00, 0xb2, 0xff, 0x7f, 0x84,
  0xff, 0xff, 0xd7, 0x00, 0x00, 0x28, 0xff, 0xfe, 0x1a, 0xec, 0xff, 0xff, 0x80, 0x00, 0x00, 0x00,
  0x00, 0xb2, 0xff, 0x7f, 0x20, 0xff, 0xff, 0xff, 0x37, 0x00, 0x8b, 0xff, 0xba, 0x00, 0xec, 0xff,
  0xff, 0x80, 0x00, 0x00, 0x00, 0x00, 0xb3, 0xff, 0x80, 0x00, 0xc3, 0xff, 0xff, 0x97, 0x02, 0xea,
  0xff, 0x59, 0x00, 0xec, 0xff, 0xff, 0x80, 0x00, 0x00, 0x00, 0x00, 0xb3, 0xff, 0x80, 0x00, 0x61,
  0xff, 0xff, 0xef, 0x4e, 0xff, 0xf4, 0x08, 0x00, 0xec, 0xff, 0xff, 0x80, 0x00, 0x00, 0x00, 0x00,
  0xb1, 0xff, 0x80, 0x00, 0x0c, 0xf8, 0xff, 0xff, 0xe6, 0xff, 0x98, 0x00, 0x00, 0xec, 0xff, 0xff,
  0x80, 0x00, 0x00, 0x00, 0x00, 0xb3, 0xff, 0x80, 0x00, 0x00, 0xa1, 0xff, 0xff, 0xff, 0xff, 0x38,
  0x00, 0x00, 0xec, 0xff, 0xff, 0x80, 0x00, 0x00, 0x00, 0x00, 0xb3, 0xff, 0x80, 0x00, 0x00, 0x40,
  0xff, 0xff, 0xff, 0xde, 0x00, 0x00, 0x00, 0xec, 0xff, 0xff, 0x80, 0x00, 0x00, 0x1d, 0x40, 0xc5,
  0xff, 0xa0, 0x40, 0x12, 0x01, 0xdd, 0xff, 0xff, 0x76, 0x00, 0x25, 0x40, 0xf1, 0xff, 0xff, 0xa0,
  0x40, 0x10, 0x76, 0xff, 0xff, 0xff, 0xff, 0xff, 0x48, 0x00, 0x7f, 0xff, 0xfd, 0x15, 0x00, 0x94,
  0xff, 0xff, 0xff, 0xff, 0xff, 0xff, 0x43, 0x76, 0xff, 0xff, 0xff, 0xff, 0xff, 0x48, 0x00, 0x1a,
  0xfe, 0xb7, 0x00, 0x00, 0x94, 0xff, 0xff, 0xff, 0xff, 0xff, 0xff, 0x43, 0x33, 0x80, 0x80, 0x80,
  0x80, 0x80, 0x36, 0x00, 0x00, 0x3d, 0x80, 0x80, 0x80, 0x80, 0x80, 0x4f, 0x66, 0xff, 0xff, 0xff,
  0xff, 0xff, 0xdc, 0x05, 0x00, 0x7b, 0xff, 0xff, 0xff, 0xff, 0xff, 0x9f, 0x4c, 0xc0, 0xe6, 0xff,
  0xff, 0xff, 0xff, 0x71, 0x00, 0x5b, 0xc0, 0xec, 0xff, 0xee, 0xc0, 0x76, 0x00, 0x00, 0x9a, 0xff,
  0xff, 0xff, 0xff, 0xf2, 0x15, 0x00, 0x00, 0xb3, 0xff, 0xb8, 0x00, 0x00, 0x00, 0x00, 0x99, 0xff,
  0xd7, 0xd5, 0xff, 0xff, 0x9d, 0x00, 0x00, 0xb3, 0xff, 0xb8, 0x00, 0x00, 0x00, 0x00, 0x99, 0xff,
  0xd6, 0x3e, 0xff, 0xff, 0xff, 0x2f, 0x00, 0xb3, 0xff, 0xb8, 0x00, 0x00, 0x00, 0x00, 0x99, 0xff,
  0xd6, 0x00, 0xac, 0xff, 0xff, 0xc9, 0x00, 0xb3, 0xff, 0xb8, 0x00, 0x00, 0x00, 0x00, 0x9a, 0xff,
  0xd7, 0x00, 0x1e, 0xf8, 0xff, 0xff, 0x5e, 0xb3, 0xff, 0xb8, 0x00, 0x00, 0x00, 0x00, 0x9a, 0xff,
  0xd7, 0x00, 0x00, 0x82, 0xff, 0xff, 0xea, 0xbc, 0xff, 0xb7, 0x00, 0x00, 0x00, 0x00, 0x9a, 0xff,
  0xd7, 0x00, 0x00, 0x0a, 0xe6, 0xff, 0xff, 0xff, 0xff, 0xb8, 0x00, 0x00, 0x00, 0x00, 0x9a, 0xff,
  0xd7, 0x00, 0x00, 0x00, 0x5a, 0xff, 0xff, 0xff, 0xff, 0xb8, 0x00, 0x00, 0x19, 0x40, 0xb3, 0xff,
  0xe0, 0x40, 0x22, 0x00, 0x00, 0xc6, 0xff, 0xff, 0xff, 0xb8, 0x00, 0x00, 0x66, 0xff, 0xff, 0xff,
  0xff, 0xff, 0x8a, 0x00, 0x00, 0x30, 0xfe, 0xff, 0xff, 0xb8, 0x00, 0x00, 0x66, 0xff, 0xff, 0xff,
  0xff, 0xff, 0x8a, 0x00, 0x00, 0x00, 0x9d, 0xff, 0xff, 0xb8, 0x00, 0x00, 0x00, 0x00, 0x00, 0x00,
  0x00, 0x00, 0x00, 0x00, 0x00, 0x00, 0x00, 0x00, 0x00, 0x00, 0x00, 0x00, 0x00, 0x00, 0x00, 0x00,
  0x00, 0x33, 0x6b, 0x95, 0xb6, 0x98, 0x6e, 0x38, 0x00, 0x00, 0x00, 0x00, 0x00, 0x00, 0x00, 0x00,
  0x13, 0xa4, 0xff, 0xff, 0xff, 0xff, 0xff, 0xff, 0xff, 0xad, 0x19, 0x00, 0x00, 0x00, 0x00, 0x00,
  0x24, 0xee, 0xff, 0xff, 0xff, 0xee, 0xc8, 0xe9, 0xff, 0xff, 0xff, 0xf2, 0x31, 0x00, 0x00, 0x00,
  0x04, 0xce, 0xff, 0xff, 0xfc, 0x6d, 0x00, 0x00, 0x00, 0x5b, 0xfb, 0xff, 0xff, 0xd7, 0x08, 0x00,
  0x00, 0x4e, 0xff, 0xff, 0xff, 0x90, 0x00, 0x00, 0x00, 0x00, 0x00, 0x7e, 0xff, 0xff, 0xff, 0x59,
  0x00, 0x00, 0x91, 0xff, 0xff, 0xff, 0x17, 0x00, 0x00, 0x00, 0x00, 0x00, 0x0c, 0xf9, 0xff, 0xff,
  0x9b, 0x00, 0x00, 0xd5, 0xff, 0xff, 0xe7, 0x00, 0x00, 0x00, 0x00, 0x00, 0x00, 0x00, 0xd5, 0xff,
  0xff, 0xde, 0x00, 0x00, 0xf6, 0xff, 0xff, 0xd6, 0x00, 0x00, 0x00, 0x00, 0x00, 0x00, 0x00, 0xc3,
  0xff, 0xff, 0xfe, 0x05, 0x00, 0xca, 0xff, 0xff, 0xfc, 0x00, 0x00, 0x00, 0x00, 0x00, 0x00, 0x00,
  0xe8, 0xff, 0xff, 0xd7, 0x00, 0x00, 0x9b, 0xff, 0xff, 0xff, 0x4f, 0x00, 0x00, 0x00, 0x00, 0x00,
  0x36, 0xff, 0xff, 0xff, 0xa7, 0x00, 0x00, 0x2f, 0xfc, 0xff, 0xff, 0xd7, 0x11, 0x00, 0x00, 0x00,
  0x0c, 0xc9, 0xff, 0xff, 0xfe, 0x37, 0x00, 0x00, 0x00, 0x75, 0xff, 0xff, 0xff, 0xe0, 0x6e, 0x49,
  0x69, 0xd3, 0xff, 0xff, 0xff, 0x83, 0x00, 0x00, 0x00, 0x00, 0x01, 0x82, 0xfb, 0xff, 0xff, 0xff,
  0xff, 0xff, 0xff, 0xff, 0xfe, 0x8d, 0x04, 0x00, 0x00, 0x00, 0x00, 0x00, 0x00, 0x28, 0xb4, 0xeb,
  0xff, 0xff, 0xff, 0xef, 0xbb, 0x30, 0x00, 0x00, 0x00, 0x00, 0x00, 0x00, 0x00, 0x00, 0x00, 0x00,
  0x00, 0x12, 0x37, 0x18, 0x00, 0x00, 0x00, 0x00, 0x00, 0x00, 0x00, 0x36, 0x80, 0x80, 0x80, 0x80,
  0x80, 0x80, 0x7f, 0x6a, 0x49, 0x0c, 0x00, 0x00, 0x6c, 0xff, 0xff, 0xff, 0xff, 0xff, 0xff, 0xff,
  0xff, 0xff, 0xf2, 0x75, 0x00, 0x51, 0xc0, 0xeb, 0xff, 0xff, 0xf5, 0xc0, 0xd1, 0xfe, 0xff, 0xff,
  0xff, 0x60, 0x00, 0x00, 0xad, 0xff, 0xff, 0xd5, 0x00, 0x00, 0x36, 0xff, 0xff, 0xff, 0xbc, 0x00,
  0x00, 0xad, 0xff, 0xff, 0xd5, 0x00, 0x00, 0x00, 0xd0, 0xff, 0xff, 0xe6, 0x00, 0x00, 0xad, 0xff,
  0xff, 0xd5, 0x00, 0x00, 0x00, 0xeb, 0xff, 0xff, 0xdd, 0x00, 0x00, 0xad, 0xff, 0xff, 0xe0, 0x40,
  0x4f, 0x9e, 0xff, 0xff, 0xff, 0x93, 0x00, 0x00, 0xad, 0xff, 0xff, 0xff, 0xff, 0xff, 0xff, 0xff,
  0xff, 0xd0, 0x10, 0x00, 0x00, 0xad, 0xff, 0xff, 0xff, 0xff, 0xff, 0xff, 0xe7, 0x8d, 0x09, 0x00,
  0x00, 0x00, 0xae, 0xff, 0xff, 0xd7, 0x00, 0x00, 0x00, 0x00, 0x00, 0x00, 0x00, 0x00, 0x00, 0xae,
  0xff, 0xff, 0xd7, 0x00, 0x00, 0x00, 0x00, 0x00, 0x00, 0x00, 0x1b, 0x40, 0xc2, 0xff, 0xff, 0xe0,
  0x40, 0x2f, 0x00, 0x00, 0x00, 0x00, 0x00, 0x6c, 0xff, 0xff, 0xff, 0xff, 0xff, 0xff, 0xbd, 0x00,
  0x00, 0x00, 0x00, 0x00, 0x6c, 0xff, 0xff, 0xff, 0xff, 0xff, 0xff, 0xbd, 0x00, 0x00, 0x00, 0x00,
  0x00, 0x00, 0x00, 0x00, 0x00, 0x00, 0x33, 0x6b, 0x95, 0xb6, 0x98, 0x6e, 0x38, 0x00, 0x00, 0x00,
  0x00, 0x00, 0x00, 0x00, 0x00, 0x13, 0xa4, 0xff, 0xff, 0xff, 0xff, 0xff, 0xff, 0xff, 0xad, 0x19,
  0x00, 0x00, 0x00, 0x00, 0x00, 0x24, 0xee, 0xff, 0xff, 0xff, 0xee, 0xc8, 0xea, 0xff, 0xff, 0xff,
  0xf2, 0x31, 0x00, 0x00, 0x00, 0x04, 0xce, 0xff, 0xff, 0xfc, 0x6d, 0x00, 0x00, 0x00, 0x5b, 0xfb,
  0xff, 0xff, 0xd7, 0x06, 0x00, 0x00, 0x4c, 0xff, 0xff, 0xff, 0x90, 0x00, 0x00, 0x00, 0x00, 0x00,
  0x80, 0xff, 0xff, 0xff, 0x57, 0x00, 0x00, 0x8f, 0xff, 0xff, 0xff, 0x17, 0x00, 0x00, 0x00, 0x00,
  0x00, 0x0b, 0xf8, 0xff, 0xff, 0x9b, 0x00, 0x00, 0xd3, 0xff, 0xff, 0xe7, 0x00, 0x00, 0x00, 0x00,
  0x00, 0x00, 0x00, 0xd6, 0xff, 0xff, 0xdf, 0x00, 0x00, 0xf8, 0xff, 0xff, 0xd6, 0x00, 0x00, 0x00,
  0x00, 0x00, 0x00, 0x00, 0xc3, 0xff, 0xff, 0xff, 0x07, 0x00, 0xd3, 0xff, 0xff, 0xfc, 0x00, 0x00,
  0x00, 0x00, 0x00, 0x00, 0x00, 0xe8, 0xff, 0xff, 0xec, 0x00, 0x00, 0xac, 0xff, 0xff, 0xff, 0x4f,
  0x00, 0x00, 0x00, 0x00, 0x00, 0x36, 0xff, 0xff, 0xff, 0xac, 0x00, 0x00, 0x41, 0xff, 0xff, 0xff,
  0xd7, 0x13, 0x00, 0x00, 0x00, 0x0c, 0xc9, 0xff, 0xff, 0xff, 0x49, 0x00, 0x00, 0x00, 0x86, 0xff,
  0xff, 0xff, 0xe0, 0x6e, 0x49, 0x69, 0xd2, 0xff, 0xff, 0xff, 0xae, 0x00, 0x00, 0x00, 0x00, 0x00,
  0x74, 0xff, 0xff, 0xff, 0xff, 0xff, 0xff, 0xff, 0xff, 0xff, 0xb6, 0x10, 0x00, 0x00, 0x00, 0x00,
  0x00, 0x00, 0x2c, 0xa3, 0xfc, 0xff, 0xff, 0xff, 0xf7, 0xc3, 0x6d, 0x00, 0x00, 0x00, 0x00, 0x00,
  0x00, 0x00, 0x00, 0x38, 0xad, 0xfc, 0xff, 0xff, 0xeb, 0x6b, 0x16, 0x00, 0x00, 0x00, 0x00, 0x00,
  0x00, 0x00, 0x00, 0x00, 0xa1, 0xff, 0xd8, 0xe8, 0xff, 0xff, 0xff, 0xff, 0xd8, 0x48, 0x00, 0x00,
  0x00, 0x00, 0x00, 0x00, 0x00, 0x1a, 0x34, 0x00, 0x00, 0x21, 0x6a, 0xdf, 0xff, 0xfa, 0x12, 0x00,
  0x00, 0x00, 0x00, 0x00, 0x00, 0x00, 0x00, 0x00, 0x00, 0x00, 0x00, 0x00, 0x07, 0x68, 0x62, 0x00,
  0x00, 0x00, 0x00, 0x44, 0x80, 0x80, 0x80, 0x80, 0x80, 0x80, 0x80, 0x7e, 0x5d, 0x31, 0x02, 0x00,
  0x00, 0x00, 0x8a, 0xff, 0xff, 0xff, 0xff, 0xff, 0xff, 0xff, 0xff, 0xff, 0xff, 0xd9, 0x12, 0x00,
  0x00, 0x67, 0xc0, 0xeb, 0xff, 0xff, 0xf7, 0xc0, 0xcf, 0xff, 0xff, 0xff, 0xff, 0x87, 0x00, 0x00,
  0x00, 0x00, 0xad, 0xff, 0xff, 0xdc, 0x00, 0x00, 0x27, 0xf7, 0xff, 0xff, 0xe0, 0x00, 0x00, 0x00,
  0x00, 0xad, 0xff, 0xff, 0xdc, 0x00, 0x00, 0x00, 0xd5, 0xff, 0xff, 0xf7, 0x00, 0x00, 0x00, 0x00,
  0xad, 0xff, 0xff, 0xdc, 0x00, 0x20, 0x7c, 0xff, 0xff, 0xff, 0xca, 0x00, 0x00, 0x00, 0x00, 0xad,
  0xff, 0xff, 0xff, 0xff, 0xff, 0xff, 0xff, 0xff, 0xf8, 0x39, 0x00, 0x00, 0x00, 0x00, 0xad, 0xff,
  0xff, 0xff, 0xff, 0xff, 0xff, 0xff, 0xe1, 0x2a, 0x00, 0x00, 0x00, 0x00, 0x00, 0xae, 0xff, 0xff,
  0xdc, 0x00, 0x53, 0xff, 0xff, 0xff, 0x28, 0x00, 0x00, 0x00, 0x00, 0x00, 0xae, 0xff, 0xff, 0xdc,
  0x00, 0x00, 0xd6, 0xff, 0xff, 0xb0, 0x00, 0x00, 0x00, 0x00, 0x00, 0xae, 0xff, 0xff, 0xdc, 0x00,
  0x00, 0x4f, 0xff, 0xff, 0xff, 0x2f, 0x00, 0x00, 0x22, 0x40, 0xc2, 0xff, 0xff, 0xe5, 0x40, 0x23,
  0x00, 0xcd, 0xff, 0xff, 0xbd, 0x40, 0x27, 0x8a, 0xff, 0xff, 0xff, 0xff, 0xff, 0xff, 0x8f, 0x00,
  0x4b, 0xff, 0xff, 0xff, 0xff, 0x9f, 0x8a, 0xff, 0xff, 0xff, 0xff, 0xff, 0xff, 0x8f, 0x00, 0x00,
  0xcf, 0xff, 0xff, 0xff, 0x9f, 0x00, 0x00, 0x33, 0x97, 0xb7, 0x8d, 0x18, 0x80, 0x80, 0x1e, 0x00,
  0x4f, 0xfe, 0xff, 0xff, 0xff, 0xd7, 0xff, 0xff, 0x3c, 0x00, 0xe4, 0xff, 0xfc, 0xa1, 0xad, 0xfc,
  0xff, 0xff, 0x3c, 0x1d, 0xff, 0xff, 0xb3, 0x00, 0x00, 0x6e, 0xff, 0xff, 0x3c, 0x1c, 0xff, 0xff,
  0xeb, 0x38, 0x00, 0x11, 0x80, 0x80, 0x1e, 0x00, 0xe0, 0xff, 0xff, 0xfe, 0xa7, 0x31, 0x00, 0x00,
  0x00, 0x00, 0x30, 0xe9, 0xff, 0xff, 0xff, 0xff, 0xb0, 0x16, 0x00, 0x00, 0x00, 0x15, 0x97, 0xfc,
  0xff, 0xff, 0xff, 0xd8, 0x08, 0x00, 0x00, 0x00, 0x00, 0x29, 0xcb, 0xff, 0xff, 0xff, 0x81, 0x0a,
  0x80, 0x80, 0x21, 0x00, 0x04, 0xae, 0xff, 0xff, 0xcb, 0x14, 0xff, 0xff, 0x6c, 0x00, 0x00, 0x4a,
  0xff, 0xff, 0xd0, 0x14, 0xff, 0xff, 0xeb, 0x53, 0x41, 0xb7, 0xff, 0xff, 0x96, 0x14, 0xff, 0xff,
  0xf4, 0xff, 0xff, 0xff, 0xff, 0xe8, 0x1f, 0x14, 0xff, 0xff, 0x4d, 0xbf, 0xff, 0xff, 0xce, 0x2d,
  0x00, 0x00, 0x00, 0x00, 0x00, 0x00, 0x1c, 0x22, 0x00, 0x00, 0x00, 0x2b, 0x80, 0x80, 0x80, 0x80,
  0x80, 0x80, 0x80, 0x80, 0x80, 0x80, 0x80, 0x7b, 0x57, 0xff, 0xff, 0xff, 0xff, 0xff, 0xff, 0xff,
  0xff, 0xff, 0xff, 0xff, 0xf6, 0x55, 0xff, 0xff, 0xc0, 0xc0, 0xfd, 0xff, 0xff, 0xe3, 0xc0, 0xd4,
  0xff, 0xf5, 0x57, 0xff, 0xff, 0x00, 0x00, 0xf6, 0xff, 0xff, 0x8f, 0x00, 0x52, 0xff, 0xf6, 0x57,
  0xff, 0xff, 0x00, 0x00, 0xf6, 0xff, 0xff, 0x8f, 0x00, 0x52, 0xff, 0xf6, 0x57, 0xff, 0xff, 0x00,
  0x00, 0xf6, 0xff, 0xff, 0x8f, 0x00, 0x52, 0xff, 0xf6, 0x00, 0x00, 0x00, 0x00, 0x00, 0xf6, 0xff,
  0xff, 0x8f, 0x00, 0x00, 0x00, 0x00, 0x00, 0x00, 0x00, 0x00, 0x00, 0xf6, 0xff, 0xff, 0x8f, 0x00,
  0x00, 0x00, 0x00, 0x00, 0x00, 0x00, 0x00, 0x00, 0xf6, 0xff, 0xff, 0x8f, 0x00, 0x00, 0x00, 0x00,
  0x00, 0x00, 0x00, 0x00, 0x00, 0xf6, 0xff, 0xff, 0x8f, 0x00, 0x00, 0x00, 0x00, 0x00, 0x00, 0x00,
  0x00, 0x00, 0xf6, 0xff, 0xff, 0x8f, 0x00, 0x00, 0x00, 0x00, 0x00, 0x00, 0x00, 0x40, 0x40, 0xf8,
  0xff, 0xff, 0xaa, 0x40, 0x27, 0x00, 0x00, 0x00, 0x00, 0x00, 0xff, 0xff, 0xff, 0xff, 0xff, 0xff,
  0xff, 0x9f, 0x00, 0x00, 0x00, 0x00, 0x00, 0xff, 0xff, 0xff, 0xff, 0xff, 0xff, 0xff, 0x9f, 0x00,
  0x00, 0x59, 0x80, 0x80, 0x80, 0x80, 0x80, 0x64, 0x1e, 0x80, 0x80, 0x80, 0x80, 0x80, 0x14, 0xb2,
  0xff, 0xff, 0xff, 0xff, 0xff, 0xc7, 0x3d, 0xff, 0xff, 0xff, 0xff, 0xff, 0x29, 0x85, 0xc6, 0xff,
  0xff, 0xff, 0xdc, 0x96, 0x2d, 0xc0, 0xfb, 0xff, 0xe0, 0xc0, 0x1e, 0x00, 0x1a, 0xff, 0xff, 0xff,
  0x71, 0x00, 0x00, 0x00, 0xec, 0xff, 0x80, 0x00, 0x00, 0x00, 0x1a, 0xff, 0xff, 0xff, 0x71, 0x00,
  0x00, 0x00, 0xec, 0xff, 0x80, 0x00, 0x00, 0x00, 0x1a, 0xff, 0xff, 0xff, 0x71, 0x00, 0x00, 0x00,
  0xec, 0xff, 0x80, 0x00, 0x00, 0x00, 0x1a, 0xff, 0xff, 0xff, 0x71, 0x00, 0x00, 0x00, 0xec, 0xff,
  0x80, 0x00, 0x00, 0x00, 0x1a, 0xff, 0xff, 0xff, 0x71, 0x00, 0x00, 0x00, 0xec, 0xff, 0x80, 0x00,
  0x00, 0x00, 0x19, 0xff, 0xff, 0xff, 0x70, 0x00, 0x00, 0x00, 0xec, 0xff, 0x80, 0x00, 0x00, 0x00,
  0x17, 0xff, 0xff, 0xff, 0x74, 0x00, 0x00, 0x00, 0xf0, 0xff, 0x7d, 0x00, 0x00, 0x00, 0x0b, 0xff,
  0xff, 0xff, 0x8f, 0x00, 0x00, 0x0d, 0xfe, 0xff, 0x72, 0x00, 0x00, 0x00, 0x00, 0xc8, 0xff, 0xff,
  0xef, 0x5d, 0x53, 0xc7, 0xff, 0xff, 0x3e, 0x00, 0x00, 0x00, 0x00, 0x2f, 0xe5, 0xff, 0xff, 0xff,
  0xff, 0xff, 0xff, 0x9c, 0x00, 0x00, 0x00, 0x00, 0x00, 0x00, 0x12, 0x8b, 0xc0, 0xf0, 0xdb, 0xa4,
  0x45, 0x00, 0x00, 0x00, 0x00, 0x02, 0x80, 0x80, 0x80, 0x80, 0x80, 0x80, 0x73, 0x00, 0x80, 0x80,
  0x80, 0x80, 0x80, 0x80, 0x05, 0xff, 0xff, 0xff, 0xff, 0xff, 0xff, 0xe6, 0x00, 0xff, 0xff, 0xff,
  0xff, 0xff, 0xff, 0x03, 0xc0, 0xd6, 0xff, 0xff, 0xff, 0xcb, 0xac, 0x00, 0xc0, 0xd3, 0xff, 0xff,
  0xd4, 0xc0, 0x00, 0x00, 0x1c, 0xff, 0xff, 0xff, 0x64, 0x00, 0x00, 0x00, 0x83, 0xff, 0xfe, 0x17,
  0x00, 0x00, 0x00, 0x00, 0xc5, 0xff, 0xff, 0xbb, 0x00, 0x00, 0x00, 0xdb, 0xff, 0xc0, 0x00, 0x00,
  0x00, 0x00, 0x00, 0x69, 0xff, 0xff, 0xfc, 0x11, 0x00, 0x30, 0xff, 0xff, 0x67, 0x00, 0x00, 0x00,
  0x00, 0x00, 0x11, 0xfc, 0xff, 0xff, 0x68, 0x00, 0x87, 0xff, 0xfc, 0x11, 0x00, 0x00, 0x00, 0x00,
  0x00, 0x00, 0xb2, 0xff, 0xff, 0xbe, 0x00, 0xe2, 0xff, 0xb5, 0x00, 0x00, 0x00, 0x00, 0x00, 0x00,
  0x00, 0x55, 0xff, 0xff, 0xfe, 0x4a, 0xff, 0xff, 0x5b, 0x00, 0x00, 0x00, 0x00, 0x00, 0x00, 0x00,
  0x08, 0xf1, 0xff, 0xff, 0xe4, 0xff, 0xf8, 0x0c, 0x00, 0x00, 0x00, 0x00, 0x00, 0x00, 0x00, 0x00,
  0x9f, 0xff, 0xff, 0xff, 0xff, 0xab, 0x00, 0x00, 0x00, 0x00, 0x00, 0x00, 0x00, 0x00, 0x00, 0x43,
  0xff, 0xff, 0xff, 0xff, 0x52, 0x00, 0x00, 0x00, 0x00, 0x00, 0x00, 0x00, 0x00, 0x00, 0x01, 0xe9,
  0xff, 0xff, 0xf3, 0x05, 0x00, 0x00, 0x00, 0x00, 0x00, 0x00, 0x00, 0x00, 0x00, 0x00, 0x8b, 0xff,
  0xff, 0xa0, 0x00, 0x00, 0x00, 0x00, 0x00, 0x00, 0x00, 0x00, 0x00, 0x00, 0x00, 0x00, 0x00, 0x00,
  0x00, 0x00, 0x00, 0x00, 0x00, 0x00, 0x02, 0x80, 0x80, 0x80, 0x80, 0x80, 0x80, 0x0d, 0x21, 0x80,
  0x80, 0x80, 0x80, 0x4f, 0x00, 0x4f, 0x80, 0x80, 0x80, 0x80, 0x69, 0x05, 0xff, 0xff, 0xff, 0xff,
  0xff, 0xff, 0x1a, 0x43, 0xff, 0xff, 0xff, 0xff, 0x9f, 0x00, 0x9f, 0xff, 0xff, 0xff, 0xff, 0xd2,
  0x03, 0xc0, 0xe2, 0xff, 0xff, 0xef, 0xc0, 0x13, 0x31, 0xc3, 0xff, 0xff, 0xd9, 0x76, 0x00, 0x76,
  0xd3, 0xff, 0xff, 0xd3, 0x9d, 0x00, 0x00, 0x51, 0xff, 0xff, 0xf2, 0x03, 0x00, 0x00, 0x41, 0xff,
  0xff, 0x9c, 0x00, 0x00, 0x00, 0x82, 0xff, 0xfe, 0x17, 0x00, 0x00, 0x00, 0x05, 0xf3, 0xff, 0xff,
  0x48, 0x00, 0x00, 0x93, 0xff, 0xff, 0xed, 0x03, 0x00, 0x00, 0xda, 0xff, 0xc1, 0x00, 0x00, 0x00,
  0x00, 0x00, 0xa1, 0xff, 0xff, 0x9e, 0x00, 0x00, 0xe6, 0xff, 0xff, 0xff, 0x48, 0x00, 0x2a, 0xff,
  0xff, 0x6b, 0x00, 0x00, 0x00, 0x00, 0x00, 0x49, 0xff, 0xff, 0xf2, 0x03, 0x35, 0xff, 0xff, 0xff,
  0xff, 0x9f, 0x00, 0x7f, 0xff, 0xfe, 0x17, 0x00, 0x00, 0x00, 0x00, 0x00, 0x03, 0xee, 0xff, 0xff,
  0x48, 0x85, 0xff, 0xff, 0xff, 0xff, 0xf2, 0x05, 0xd3, 0xff, 0xc0, 0x00, 0x00, 0x00, 0x00, 0x00,
  0x00, 0x00, 0x98, 0xff, 0xff, 0x9d, 0xd8, 0xff, 0xb6, 0xe9, 0xff, 0xff, 0x6f, 0xff, 0xff, 0x69,
  0x00, 0x00, 0x00, 0x00, 0x00, 0x00, 0x00, 0x3f, 0xff, 0xff, 0xf7, 0xff, 0xff, 0x5f, 0x8c, 0xff,
  0xff, 0xf7, 0xff, 0xff, 0x15, 0x00, 0x00, 0x00, 0x00, 0x00, 0x00, 0x00, 0x01, 0xe8, 0xff, 0xff,
  0xff, 0xfc, 0x0d, 0x33, 0xff, 0xff, 0xff, 0xff, 0xbe, 0x00, 0x00, 0x00, 0x00, 0x00, 0x00, 0x00,
  0x00, 0x00, 0x90, 0xff, 0xff, 0xff, 0xb6, 0x00, 0x00, 0xdc, 0xff, 0xff, 0xff, 0x69, 0x00, 0x00,
  0x00, 0x00, 0x00, 0x00, 0x00, 0x00, 0x00, 0x38, 0xff, 0xff, 0xff, 0x61, 0x00, 0x00, 0x7f, 0xff,
  0xff, 0xfe, 0x12, 0x00, 0x00, 0x00, 0x00, 0x00, 0x00, 0x00, 0x00, 0x00, 0x00, 0xe2, 0xff, 0xfc,
  0x0d, 0x00, 0x00, 0x23, 0xff, 0xff, 0xbd, 0x00, 0x00, 0x00, 0x00, 0x00, 0x00, 0x00, 0x00, 0x00,
  0x00, 0x00, 0x00, 0x00, 0x00, 0x00, 0x00, 0x00, 0x00, 0x00, 0x00, 0x00, 0x00, 0x00, 0x00, 0x00,
  0x00, 0x00, 0x73, 0x80, 0x80, 0x80, 0x80, 0x80, 0x80, 0x0a, 0x4a, 0x80, 0x80, 0x80, 0x80, 0x80,
  0x38, 0x00, 0xe6, 0xff, 0xff, 0xff, 0xff, 0xff, 0xff, 0x14, 0x94, 0xff, 0xff, 0xff, 0xff, 0xff,
  0x71, 0x00, 0xac, 0xc0, 0xfe, 0xff, 0xff, 0xf8, 0x83, 0x0a, 0x4a, 0xc4, 0xff, 0xff, 0xdd, 0xc0,
  0x54, 0x00, 0x00, 0x00, 0x74, 0xff, 0xff, 0xff, 0x96, 0x00, 0x20, 0xf5, 0xff, 0xeb, 0x18, 0x00,
  0x00, 0x00, 0x00, 0x00, 0x00, 0xb2, 0xff, 0xff, 0xff, 0x65, 0xcf, 0xff, 0xff, 0x44, 0x00, 0x00,
  0x00, 0x00, 0x00, 0x00, 0x00, 0x0c, 0xdb, 0xff, 0xff, 0xff, 0xff, 0xff, 0x92, 0x00, 0x00, 0x00,
  0x00, 0x00, 0x00, 0x00, 0x00, 0x00, 0x29, 0xf5, 0xff, 0xff, 0xff, 0xd3, 0x06, 0x00, 0x00, 0x00,
  0x00, 0x00, 0x00, 0x00, 0x00, 0x00, 0x1f, 0xf2, 0xff, 0xff, 0xff, 0x8e, 0x00, 0x00, 0x00, 0x00,
  0x00, 0x00, 0x00, 0x00, 0x00, 0x01, 0xc7, 0xff, 0xff, 0xff, 0xff, 0xff, 0x4b, 0x00, 0x00, 0x00,
  0x00, 0x00, 0x00, 0x00, 0x00, 0x77, 0xff, 0xff, 0x7e, 0xbf, 0xff, 0xff, 0xf3, 0x23, 0x00, 0x00,
  0x00, 0x00, 0x00, 0x00, 0x2d, 0xfb, 0xff, 0xc3, 0x01, 0x13, 0xe8, 0xff, 0xff, 0xd7, 0x0a, 0x00,
  0x00, 0x02, 0x40, 0x40, 0xd8, 0xff, 0xfc, 0x58, 0x0f, 0x17, 0x7c, 0xff, 0xff, 0xff, 0xac, 0x40,
  0x35, 0x0a, 0xff, 0xff, 0xff, 0xff, 0xff, 0xff, 0x3d, 0x5c, 0xff, 0xff, 0xff, 0xff, 0xff, 0xff,
  0xd7, 0x0a, 0xff, 0xff, 0xff, 0xff, 0xff, 0xff, 0x3d, 0x5c, 0xff, 0xff, 0xff, 0xff, 0xff, 0xff,
  0xd7, 0x05, 0x80, 0x80, 0x80, 0x80, 0x80, 0x80, 0x61, 0x00, 0x7b, 0x80, 0x80, 0x80, 0x80, 0x80,
  0x02, 0x0a, 0xff, 0xff, 0xff, 0xff, 0xff, 0xff, 0xc3, 0x00, 0xf6, 0xff, 0xff, 0xff, 0xff, 0xff,
  0x05, 0x07, 0xc0, 0xd2, 0xff, 0xff, 0xff, 0xdf, 0x91, 0x00, 0xb8, 0xea, 0xff, 0xff, 0xd0, 0xc0,
  0x03, 0x00, 0x00, 0x06, 0xd8, 0xff, 0xff, 0xdd, 0x05, 0x00, 0x18, 0xf3, 0xff, 0xd6, 0x04, 0x00,
  0x00, 0x00, 0x00, 0x00, 0x2d, 0xf9, 0xff, 0xff, 0x7b, 0x00, 0xab, 0xff, 0xfb, 0x2f, 0x00, 0x00,
  0x00, 0x00, 0x00, 0x00, 0x00, 0x73, 0xff, 0xff, 0xf8, 0x64, 0xff, 0xff, 0x80, 0x00, 0x00, 0x00,
  0x00, 0x00, 0x00, 0x00, 0x00, 0x01, 0xc7, 0xff, 0xff, 0xff, 0xff, 0xd6, 0x04, 0x00, 0x00, 0x00,
  0x00, 0x00, 0x00, 0x00, 0x00, 0x00, 0x1d, 0xf1, 0xff, 0xff, 0xfb, 0x2f, 0x00, 0x00, 0x00, 0x00,
  0x00, 0x00, 0x00, 0x00, 0x00, 0x00, 0x00, 0xb3, 0xff, 0xff, 0xd7, 0x00, 0x00, 0x00, 0x00, 0x00,
  0x00, 0x00, 0x00, 0x00, 0x00, 0x00, 0x00, 0xb3, 0xff, 0xff, 0xd7, 0x00, 0x00, 0x00, 0x00, 0x00,
  0x00, 0x00, 0x00, 0x00, 0x00, 0x00, 0x00, 0xb3, 0xff, 0xff, 0xd7, 0x00, 0x00, 0x00, 0x00, 0x00,
  0x00, 0x00, 0x00, 0x00, 0x00, 0x27, 0x40, 0xc5, 0xff, 0xff, 0xe0, 0x40, 0x2e, 0x00, 0x00, 0x00,
  0x00, 0x00, 0x00, 0x00, 0x00, 0x9f, 0xff, 0xff, 0xff, 0xff, 0xff, 0xff, 0xb8, 0x00, 0x00, 0x00,
  0x00, 0x00, 0x00, 0x00, 0x00, 0x9f, 0xff, 0xff, 0xff, 0xff, 0xff, 0xff, 0xb8, 0x00, 0x00, 0x00,
  0x00, 0x52, 0x80, 0x80, 0x80, 0x80, 0x80, 0x80, 0x80, 0x80, 0x80, 0x6e, 0xa4, 0xff, 0xff, 0xff,
  0xff, 0xff, 0xff, 0xff, 0xff, 0xff, 0xdc, 0xa4, 0xff, 0xea, 0xc0, 0xc0, 0xc0, 0xe9, 0xff, 0xff,
  0xff, 0xc4, 0xa4, 0xff, 0xa9, 0x00, 0x00, 0x21, 0xf4, 0xff, 0xff, 0xf9, 0x2c, 0xa4, 0xff, 0xa9,
  0x00, 0x04, 0xce, 0xff, 0xff, 0xff, 0x6c, 0x00, 0x29, 0x40, 0x2a, 0x00, 0x86, 0xff, 0xff, 0xff,
  0xb4, 0x00, 0x00, 0x00, 0x00, 0x00, 0x3e, 0xfe, 0xff, 0xff, 0xeb, 0x14, 0x00, 0x00, 0x00, 0x00,
  0x11, 0xe7, 0xff, 0xff, 0xff, 0x44, 0x00, 0x00, 0x00, 0x00, 0x00, 0xb4, 0xff, 0xff, 0xff, 0x8d,
  0x00, 0x00, 0x00, 0x00, 0x00, 0x65, 0xff, 0xff, 0xff, 0xd3, 0x06, 0x00, 0x52, 0xff, 0xfb, 0x26,
  0xf7, 0xff, 0xff, 0xf7, 0x26, 0x00, 0x00, 0x52, 0xff, 0xfb, 0xcd, 0xff, 0xff, 0xff, 0x9d, 0x40,
  0x40, 0x40, 0x7d, 0xff, 0xf9, 0xff, 0xff, 0xff, 0xff, 0xff, 0xff, 0xff, 0xff, 0xff, 0xff, 0xfb,
  0xff, 0xff, 0xff, 0xff, 0xff, 0xff, 0xff, 0xff, 0xff, 0xff, 0xfb, 0x66, 0x80, 0x80, 0x80, 0x80,
  0x5c, 0xcd, 0xff, 0xff, 0xff, 0xff, 0xb8, 0xcc, 0xff, 0xff, 0x9c, 0x80, 0x5c, 0xcd, 0xff, 0xff,
  0x38, 0x00, 0x00, 0xcd, 0xff, 0xff, 0x38, 0x00, 0x00, 0xcd, 0xff, 0xff, 0x38, 0x00, 0x00, 0xcd,
  0xff, 0xff, 0x38, 0x00, 0x00, 0xcd, 0xff, 0xff, 0x38, 0x00, 0x00, 0xcd, 0xff, 0xff, 0x38, 0x00,
  0x00, 0xcd, 0xff, 0xff, 0x38, 0x00, 0x00, 0xcd, 0xff, 0xff, 0x38, 0x00, 0x00, 0xcd, 0xff, 0xff,
  0x38, 0x00, 0x00, 0xcd, 0xff, 0xff, 0x38, 0x00, 0x00, 0xcd, 0xff, 0xff, 0x38, 0x00, 0x00, 0xcd,
  0xff, 0xff, 0x38, 0x00, 0x00, 0xcd, 0xff, 0xff, 0x38, 0x00, 0x00, 0xcd, 0xff, 0xff, 0xff, 0xff,
  0xb8, 0xcd, 0xff, 0xff, 0xff, 0xff, 0xb8, 0x00, 0x00, 0x00, 0x00, 0x00, 0x00, 0x8f, 0xbf, 0xbc,
  0x0f, 0x00, 0x00, 0x00, 0x00, 0x00, 0x00, 0x00, 0x48, 0xff, 0xff, 0x80, 0x00, 0x00, 0x00, 0x00,
  0x00, 0x00, 0x00, 0x00, 0xc0, 0xff, 0xf0, 0x0f, 0x00, 0x00, 0x00, 0x00, 0x00, 0x00, 0x00, 0x40,
  0xff, 0xff, 0x88, 0x00, 0x00, 0x00, 0x00, 0x00, 0x00, 0x00, 0x00, 0xc0, 0xff, 0xf7, 0x18, 0x00,
  0x00, 0x00, 0x00, 0x00, 0x00, 0x00, 0x3e, 0xff, 0xff, 0x90, 0x00, 0x00, 0x00, 0x00, 0x00, 0x00,
  0x00, 0x00, 0xb0, 0xff, 0xf7, 0x18, 0x00, 0x00, 0x00, 0x00, 0x00, 0x00, 0x00, 0x2f, 0xff, 0xff,
  0x98, 0x00, 0x00, 0x00, 0x00, 0x00, 0x00, 0x00, 0x00, 0xb0, 0xff, 0xfc, 0x22, 0x00, 0x00, 0x00,
  0x00, 0x00, 0x00, 0x00, 0x2f, 0xfc, 0xff, 0xa0, 0x00, 0x00, 0x00, 0x00, 0x00, 0x00, 0x00, 0x00,
  0xa0, 0xff, 0xfc, 0x22, 0x00, 0x00, 0x00, 0x00, 0x00, 0x00, 0x00, 0x22, 0xfc, 0xff, 0xa8, 0x00,
  0x00, 0x00, 0x00, 0x00, 0x00, 0x00, 0x00, 0xa0, 0xff, 0xff, 0x2f, 0x00, 0x00, 0x00, 0x00, 0x00,
  0x00, 0x00, 0x22, 0xfc, 0xff, 0xb0, 0x00, 0x00, 0x00, 0x00, 0x00, 0x00, 0x00, 0x00, 0x34, 0x40,
  0x40, 0x00, 0x30, 0x80, 0x80, 0x80, 0x80, 0x80, 0x0a, 0x61, 0xff, 0xff, 0xff, 0xff, 0xff, 0x14,
  0x30, 0x80, 0x80, 0xf8, 0xff, 0xff, 0x14, 0x00, 0x00, 0x00, 0xf1, 0xff, 0xff, 0x14, 0x00, 0x00,
  0x00, 0xf1, 0xff, 0xff, 0x14, 0x00, 0x00, 0x00, 0xf1, 0xff, 0xff, 0x14, 0x00, 0x00, 0x00, 0xf1,
  0xff, 0xff, 0x14, 0x00, 0x00, 0x00, 0xf1, 0xff, 0xff, 0x14, 0x00, 0x00, 0x00, 0xf1, 0xff, 0xff,
  0x14, 0x00, 0x00, 0x00, 0xf1, 0xff, 0xff, 0x14, 0x00, 0x00, 0x00, 0xf1, 0xff, 0xff, 0x14, 0x00,
  0x00, 0x00, 0xf1, 0xff, 0xff, 0x14, 0x00, 0x00, 0x00, 0xf1, 0xff, 0xff, 0x14, 0x00, 0x00, 0x00,
  0xf1, 0xff, 0xff, 0x14, 0x00, 0x00, 0x00, 0xf1, 0xff, 0xff, 0x14, 0x00, 0x00, 0x00, 0xf1, 0xff,
  0xff, 0x14, 0x61, 0xff, 0xff, 0xff, 0xff, 0xff, 0x14, 0x61, 0xff, 0xff, 0xff, 0xff, 0xff, 0x14,
  0x00, 0x00, 0x00, 0x00, 0x00, 0x00, 0x00, 0x00, 0x00, 0x00, 0x00, 0x54, 0x35, 0x00, 0x00, 0x00,
  0x00, 0x00, 0x00, 0x00, 0x1e, 0xf8, 0xd5, 0x01, 0x00, 0x00, 0x00, 0x00, 0x00, 0x00, 0xab, 0xdb,
  0xff, 0x66, 0x00, 0x00, 0x00, 0x00, 0x00, 0x3e, 0xff, 0x31, 0xa4, 0xea, 0x0a, 0x00, 0x00, 0x00,
  0x01, 0xd5, 0xa6, 0x00, 0x19, 0xf8, 0x87, 0x00, 0x00, 0x00, 0x66, 0xf8, 0x1a, 0x00, 0x00, 0x7e,
  0xf8, 0x1a, 0x00, 0x0d, 0xea, 0x84, 0x00, 0x00, 0x00, 0x07, 0xe6, 0xa7, 0x00, 0x34, 0x80, 0x0a,
  0x00, 0x00, 0x00, 0x00, 0x3e, 0x80, 0x07, 0x2c, 0xf4, 0xf4, 0xf4, 0xf4, 0xf4, 0xf4, 0xf4, 0xf4,
  0xf4, 0xf4, 0x2c, 0x0e, 0x51, 0x51, 0x51, 0x51, 0x51, 0x51, 0x51, 0x51, 0x51, 0x51, 0x0e, 0x1c,
  0x40, 0x40, 0x24, 0x00, 0x0c, 0xcd, 0xff, 0xdb, 0x04, 0x00, 0x12, 0xcd, 0xff, 0x58, 0x00, 0x00,
  0x12, 0x80, 0x58, 0x00, 0x00, 0x26, 0x6a, 0x92, 0xba, 0xa4, 0x85, 0x10, 0x00, 0x00, 0x00, 0x00,
  0x33, 0xf2, 0xff, 0xff, 0xff, 0xff, 0xff, 0xd8, 0x1c, 0x00, 0x00, 0x02, 0x91, 0xd2, 0xda, 0x68,
  0x6b, 0xde, 0xff, 0xff, 0xa1, 0x00, 0x00, 0x00, 0x00, 0x00, 0x00, 0x00, 0x00, 0x43, 0xff, 0xff,
  0xd0, 0x00, 0x00, 0x00, 0x00, 0x5d, 0xcd, 0xf6, 0xce, 0xa6, 0xff, 0xff, 0xda, 0x00, 0x00, 0x00,
  0x80, 0xff, 0xff, 0xf7, 0xe4, 0xff, 0xff, 0xff, 0xdc, 0x00, 0x00, 0x09, 0xfc, 0xff, 0xea, 0x18,
  0x03, 0x74, 0xff, 0xff, 0xdc, 0x00, 0x00, 0x1f, 0xff, 0xff, 0xdb, 0x00, 0x02, 0x87, 0xff, 0xff,
  0xe5, 0x40, 0x19, 0x00, 0xd7, 0xff, 0xff, 0xd2, 0xe9, 0xff, 0xff, 0xff, 0xff, 0xff, 0x65, 0x00,
  0x18, 0xba, 0xff, 0xff, 0xf5, 0x91, 0xff, 0xff, 0xff, 0xff, 0x65, 0x00, 0x00, 0x00, 0x1d, 0x33,
  0x07, 0x00, 0x00, 0x00, 0x00, 0x00, 0x00, 0x5c, 0x80, 0x80, 0x80, 0x78, 0x00, 0x00, 0x00, 0x00,
  0x00, 0x00, 0x00, 0xb8, 0xff, 0xff, 0xff, 0xf1, 0x00, 0x00, 0x00, 0x00, 0x00, 0x00, 0x00, 0x5c,
  0x8f, 0xff, 0xff, 0xf0, 0x00, 0x00, 0x00, 0x00, 0x00, 0x00, 0x00, 0x00, 0x1f, 0xff, 0xff, 0xf1,
  0x00, 0x00, 0x00, 0x00, 0x00, 0x00, 0x00, 0x00, 0x1d, 0xff, 0xff, 0xf0, 0x10, 0x8a, 0xb7, 0x9f,
  0x46, 0x00, 0x00, 0x00, 0x1d, 0xff, 0xff, 0xf8, 0xe2, 0xff, 0xff, 0xff, 0xfc, 0x52, 0x00, 0x00,
  0x1d, 0xff, 0xff, 0xff, 0xff, 0xd6, 0xf4, 0xff, 0xff, 0xf0, 0x11, 0x00, 0x1d, 0xff, 0xff, 0xff,
  0x7d, 0x00, 0x13, 0xdd, 0xff, 0xff, 0x73, 0x00, 0x1d, 0xff, 0xff, 0xff, 0x07, 0x00, 0x00, 0x7c,
  0xff, 0xff, 0x9a, 0x00, 0x1d, 0xff, 0xff, 0xf6, 0x00, 0x00, 0x00, 0x6a, 0xff, 0xff, 0xab, 0x00,
  0x1d, 0xff, 0xff, 0xff, 0x2d, 0x00, 0x00, 0xa3, 0xff, 0xff, 0x8a, 0x2e, 0x55, 0xff, 0xff, 0xff,
  0xda, 0x5a, 0x8b, 0xff, 0xff, 0xff, 0x47, 0xb8, 0xff, 0xff, 0xff, 0xff, 0xff, 0xff, 0xff, 0xff,
  0xff, 0xba, 0x00, 0xb8, 0xff, 0xff, 0xff, 0xf0, 0x6f, 0xfc, 0xff, 0xf7, 0x94, 0x07, 0x00, 0x00,
  0x00, 0x00, 0x00, 0x00, 0x00, 0x0b, 0x35, 0x07, 0x00, 0x00, 0x00, 0x00, 0x00, 0x00, 0x2e, 0x62,
  0x78, 0x4f, 0x0d, 0x58, 0x80, 0x2e, 0x00, 0x06, 0x98, 0xff, 0xff, 0xff, 0xff, 0xf9, 0xef, 0xff,
  0x5c, 0x00, 0x84, 0xff, 0xff, 0xff, 0xde, 0xf1, 0xff, 0xff, 0xff, 0x5c, 0x11, 0xfe, 0xff, 0xff,
  0x6e, 0x00, 0x07, 0x95, 0xff, 0xff, 0x5c, 0x3d, 0xff, 0xff, 0xd9, 0x00, 0x00, 0x00, 0x04, 0x79,
  0x80, 0x2e, 0x4d, 0xff, 0xff, 0xc7, 0x00, 0x00, 0x00, 0x00, 0x00, 0x00, 0x00, 0x22, 0xff, 0xff,
  0xf2, 0x0a, 0x00, 0x00, 0x04, 0x94, 0x3d, 0x00, 0x00, 0xb8, 0xff, 0xff, 0xa1, 0x40, 0x47, 0xba,
  0xff, 0xff, 0x63, 0x00, 0x1c, 0xe9, 0xff, 0xff, 0xff, 0xff, 0xff, 0xff, 0xc9, 0x04, 0x00, 0x00,
  0x0d, 0x8d, 0xea, 0xff, 0xff, 0xf7, 0x9e, 0x0e, 0x00, 0x00, 0x00, 0x00, 0x00, 0x00, 0x22, 0x2e,
  0x06, 0x00, 0x00, 0x00, 0x00, 0x00, 0x00, 0x00, 0x00, 0x00, 0x73, 0x80, 0x80, 0x80, 0x52, 0x00,
  0x00, 0x00, 0x00, 0x00, 0x00, 0x00, 0x00, 0xe6, 0xff, 0xff, 0xff, 0xa4, 0x00, 0x00, 0x00, 0x00,
  0x00, 0x00, 0x00, 0x00, 0x73, 0xb6, 0xff, 0xff, 0xa4, 0x00, 0x00, 0x00, 0x00, 0x00, 0x00, 0x00,
  0x00, 0x00, 0x6c, 0xff, 0xff, 0xa4, 0x00, 0x00, 0x00, 0x00, 0x07, 0x82, 0xb5, 0xa5, 0x55, 0x6c,
  0xff, 0xff, 0xa4, 0x00, 0x00, 0x00, 0x08, 0xc0, 0xff, 0xff, 0xff, 0xff, 0xd5, 0xff, 0xff, 0xa4,
  0x00, 0x00, 0x00, 0x80, 0xff, 0xff, 0xff, 0xd7, 0xf6, 0xff, 0xff, 0xff, 0xa4, 0x00, 0x00, 0x00,
  0xf5, 0xff, 0xff, 0x6e, 0x00, 0x19, 0xe3, 0xff, 0xff, 0xa4, 0x00, 0x00, 0x22, 0xff, 0xff, 0xf2,
  0x02, 0x00, 0x00, 0x80, 0xff, 0xff, 0xa4, 0x00, 0x00, 0x31, 0xff, 0xff, 0xe5, 0x00, 0x00, 0x00,
  0x6f, 0xff, 0xff, 0xa4, 0x00, 0x00, 0x0f, 0xff, 0xff, 0xfe, 0x1f, 0x00, 0x00, 0xa8, 0xff, 0xff,
  0xa4, 0x00, 0x00, 0x00, 0xca, 0xff, 0xff, 0xd2, 0x57, 0x8e, 0xff, 0xff, 0xff, 0xbb, 0x40, 0x09,
  0x00, 0x39, 0xfa, 0xff, 0xff, 0xff, 0xff, 0xff, 0xff, 0xff, 0xff, 0xff, 0x24, 0x00, 0x00, 0x34,
  0xd2, 0xff, 0xff, 0xcb, 0x8a, 0xff, 0xff, 0xff, 0xff, 0x24, 0x00, 0x00, 0x00, 0x00, 0x25, 0x22,
  0x01, 0x00, 0x00, 0x00, 0x00, 0x00, 0x00, 0x00, 0x00, 0x00, 0x42, 0x96, 0xb5, 0xac, 0x89, 0x13,
  0x00, 0x00, 0x00, 0x00, 0x7c, 0xfe, 0xff, 0xff, 0xff, 0xff, 0xe3, 0x2c, 0x00, 0x00, 0x4b, 0xff,
  0xff, 0xc2, 0x5a, 0x87, 0xf5, 0xff, 0xd2, 0x01, 0x00, 0xe0, 0xff, 0xfc, 0x16, 0x00, 0x00, 0x7a,
  0xff, 0xff, 0x5a, 0x19, 0xff, 0xff, 0xf4, 0xc0, 0xc0, 0xc0, 0xd4, 0xff, 0xff, 0x8e, 0x3b, 0xff,
  0xff, 0xff, 0xff, 0xff, 0xff, 0xff, 0xff, 0xff, 0xb5, 0x19, 0xff, 0xff, 0xc7, 0x00, 0x00, 0x00,
  0x00, 0x00, 0x00, 0x00, 0x00, 0xda, 0xff, 0xfc, 0x37, 0x00, 0x00, 0x2f, 0xa7, 0x5d, 0x0f, 0x00,
  0x38, 0xfe, 0xff, 0xff, 0xc7, 0xc7, 0xff, 0xff, 0xf7, 0x3e, 0x00, 0x00, 0x33, 0xc9, 0xff, 0xff,
  0xff, 0xfd, 0x9f, 0x1f, 0x00, 0x00, 0x00, 0x00, 0x00, 0x14, 0x31, 0x31, 0x08, 0x00, 0x00, 0x00,
  0x00, 0x00, 0x00, 0x3d, 0x8f, 0xb7, 0xa2, 0x6b, 0x01, 0x00, 0x00, 0x6c, 0xff, 0xff, 0xff, 0xff,
  0xff, 0x76, 0x00, 0x00, 0xdd, 0xff, 0xff, 0x6d, 0xcd, 0x86, 0x02, 0x00, 0x04, 0xfd, 0xff, 0xfc,
  0x02, 0x0d, 0x00, 0x00, 0x29, 0x85, 0xff, 0xff, 0xfd, 0x80, 0x3b, 0x00, 0x00, 0x52, 0xff, 0xff,
  0xff, 0xff, 0xff, 0x76, 0x00, 0x00, 0x3d, 0xc2, 0xff, 0xff, 0xfe, 0xc0, 0x58, 0x00, 0x00, 0x00,
  0x0a, 0xff, 0xff, 0xfb, 0x00, 0x00, 0x00, 0x00, 0x00, 0x0a, 0xff, 0xff, 0xfb, 0x00, 0x00, 0x00,
  0x00, 0x00, 0x0a, 0xff, 0xff, 0xfb, 0x00, 0x00, 0x00, 0x00, 0x00, 0x0a, 0xff, 0xff, 0xfb, 0x00,
  0x00, 0x00, 0x00, 0x1b, 0x47, 0xff, 0xff, 0xfb, 0x40, 0x1d, 0x00, 0x00, 0x6c, 0xff, 0xff, 0xff,
  0xff, 0xff, 0x76, 0x00, 0x00, 0x6c, 0xff, 0xff, 0xff, 0xff, 0xff, 0x76, 0x00, 0x00, 0x00, 0x00,
  0x00, 0x45, 0x75, 0x65, 0x22, 0x36, 0x80, 0x80, 0x80, 0x80, 0x14, 0x00, 0x09, 0xb2, 0xff, 0xff,
  0xff, 0xf3, 0xaf, 0xff, 0xff, 0xff, 0xff, 0x28, 0x00, 0x83, 0xff, 0xff, 0xff, 0xd2, 0xf8, 0xff,
  0xff, 0xff, 0xe6, 0xc0, 0x1e, 0x03, 0xf6, 0xff, 0xff, 0x6c, 0x00, 0x1b, 0xe6, 0xff, 0xff, 0x99,
  0x00, 0x00, 0x22, 0xff, 0xff, 0xf2, 0x02, 0x00, 0x00, 0x87, 0xff, 0xff, 0x99, 0x00, 0x00, 0x31,
  0xff, 0xff, 0xe5, 0x00, 0x00, 0x00, 0x77, 0xff, 0xff, 0x99, 0x00, 0x00, 0x0f, 0xff, 0xff, 0xfe,
  0x1f, 0x00, 0x00, 0xb3, 0xff, 0xff, 0x99, 0x00, 0x00, 0x00, 0xcb, 0xff, 0xff, 0xd2, 0x55, 0x96,
  0xff, 0xff, 0xff, 0x98, 0x00, 0x00, 0x00, 0x3d, 0xfd, 0xff, 0xff, 0xff, 0xff, 0xf4, 0xff, 0xff,
  0x99, 0x00, 0x00, 0x00, 0x00, 0x3f, 0xcc, 0xf5, 0xdc, 0x7a, 0x70, 0xff, 0xff, 0x98, 0x00, 0x00,
  0x00, 0x00, 0x00, 0x00, 0x00, 0x00, 0x00, 0x8c, 0xff, 0xff, 0x7c, 0x00, 0x00, 0x00, 0x00, 0x28,
  0x3e, 0x00, 0x01, 0x4e, 0xeb, 0xff, 0xff, 0x54, 0x00, 0x00, 0x00, 0x11, 0xde, 0xff, 0xff, 0xff,
  0xff, 0xff, 0xff, 0xdf, 0x0a, 0x00, 0x00, 0x00, 0x2c, 0xb4, 0xff, 0xff, 0xff, 0xff, 0xff, 0xca,
  0x25, 0x00, 0x00, 0x00, 0x00, 0x00, 0x00, 0x0f, 0x45, 0x76, 0x67, 0x45, 0x02, 0x00, 0x00, 0x00,
  0x00, 0x3b, 0x80, 0x80, 0x80, 0x80, 0x0a, 0x00, 0x00, 0x00, 0x00, 0x00, 0x00, 0x00, 0x76, 0xff,
  0xff, 0xff, 0xff, 0x14, 0x00, 0x00, 0x00, 0x00, 0x00, 0x00, 0x00, 0x3b, 0x82, 0xff, 0xff, 0xff,
  0x14, 0x00, 0x00, 0x00, 0x00, 0x00, 0x00, 0x00, 0x00, 0x05, 0xff, 0xff, 0xff, 0x14, 0x00, 0x00,
  0x00, 0x00, 0x00, 0x00, 0x00, 0x00, 0x04, 0xff, 0xff, 0xff, 0x2a, 0x7c, 0xb2, 0x84, 0x20, 0x00,
  0x00, 0x00, 0x00, 0x04, 0xff, 0xff, 0xff, 0xf4, 0xff, 0xff, 0xff, 0xef, 0x25, 0x00, 0x00, 0x00,
  0x04, 0xff, 0xff, 0xff, 0xff, 0xd4, 0xfa, 0xff, 0xff, 0x8e, 0x00, 0x00, 0x00, 0x04, 0xff, 0xff,
  0xff, 0x49, 0x00, 0x6a, 0xff, 0xff, 0xa3, 0x00, 0x00, 0x00, 0x05, 0xff, 0xff, 0xff, 0x14, 0x00,
  0x5c, 0xff, 0xff, 0xa9, 0x00, 0x00, 0x00, 0x05, 0xff, 0xff, 0xff, 0x14, 0x00, 0x5c, 0xff, 0xff,
  0xa9, 0x00, 0x00, 0x00, 0x05, 0xff, 0xff, 0xff, 0x14, 0x00, 0x5c, 0xff, 0xff, 0xa9, 0x00, 0x00,
  0x1d, 0x43, 0xff, 0xff, 0xff, 0x4f, 0x1b, 0x5c, 0xff, 0xff, 0xbe, 0x40, 0x02, 0x76, 0xff, 0xff,
  0xff, 0xff, 0xff, 0x6c, 0x5c, 0xff, 0xff, 0xff, 0xff, 0x0a, 0x76, 0xff, 0xff, 0xff, 0xff, 0xff,
  0x6c, 0x5c, 0xff, 0xff, 0xff, 0xff, 0x0a, 0x00, 0x00, 0x23, 0x9d, 0x70, 0x04, 0x00, 0x00, 0x00,
  0xc2, 0xff, 0xff, 0x5e, 0x00, 0x00, 0x00, 0xa8, 0xff, 0xff, 0x41, 0x00, 0x00, 0x00, 0x07, 0x5f,
  0x36, 0x00, 0x00, 0x14, 0x80, 0x80, 0x80, 0x80, 0x26, 0x00, 0x29, 0xff, 0xff, 0xff, 0xff, 0x4d,
  0x00, 0x1e, 0xc0, 0xf0, 0xff, 0xff, 0x4c, 0x00, 0x00, 0x00, 0xc3, 0xff, 0xff, 0x4d, 0x00, 0x00,
  0x00, 0xc3, 0xff, 0xff, 0x4d, 0x00, 0x00, 0x00, 0xc3, 0xff, 0xff, 0x4d, 0x00, 0x00, 0x00, 0xc3,
  0xff, 0xff, 0x4d, 0x00, 0x0a, 0x40, 0xd1, 0xff, 0xff, 0x79, 0x2c, 0x29, 0xff, 0xff, 0xff, 0xff,
  0xff, 0xb3, 0x29, 0xff, 0xff, 0xff, 0xff, 0xff, 0xb3, 0x00, 0x00, 0x00, 0x33, 0xa5, 0x5e, 0x00,
  0x00, 0x00, 0x00, 0xe4, 0xff, 0xff, 0x36, 0x00, 0x00, 0x00, 0xdd, 0xff, 0xfe, 0x34, 0x00, 0x00,
  0x00, 0x0f, 0x66, 0x27, 0x00, 0x00, 0x1c, 0x80, 0x80, 0x80, 0x80, 0x21, 0x00, 0x38, 0xff, 0xff,
  0xff, 0xff, 0x43, 0x00, 0x2a, 0xc0, 0xf2, 0xff, 0xff, 0x41, 0x00, 0x00, 0x00, 0xc8, 0xff, 0xff,
  0x43, 0x00, 0x00, 0x00, 0xc8, 0xff, 0xff, 0x43, 0x00, 0x00, 0x00, 0xc8, 0xff, 0xff, 0x43, 0x00,
  0x00, 0x00, 0xc8, 0xff, 0xff, 0x43, 0x00, 0x00, 0x00, 0xc8, 0xff, 0xff, 0x43, 0x00, 0x00, 0x00,
  0xc8, 0xff, 0xff, 0x43, 0x00, 0x00, 0x00, 0xc8, 0xff, 0xff, 0x43, 0x00, 0x00, 0x00, 0xd3, 0xff,
  0xff, 0x3b, 0x09, 0x40, 0x5d, 0xfc, 0xff, 0xff, 0x17, 0x24, 0xff, 0xff, 0xff, 0xff, 0xbe, 0x00,
  0x24, 0xff, 0xff, 0xf1, 0xa4, 0x1c, 0x00, 0x09, 0x40, 0x25, 0x01, 0x00, 0x00, 0x00, 0x26, 0x80,
  0x80, 0x80, 0x80, 0x1e, 0x00, 0x00, 0x00, 0x00, 0x00, 0x00, 0x00, 0x4d, 0xff, 0xff, 0xff, 0xff,
  0x3d, 0x00, 0x00, 0x00, 0x00, 0x00, 0x00, 0x00, 0x26, 0x80, 0xeb, 0xff, 0xff, 0x3c, 0x00, 0x00,
  0x00, 0x00, 0x00, 0x00, 0x00, 0x00, 0x00, 0xd7, 0xff, 0xff, 0x3d, 0x00, 0x00, 0x00, 0x00, 0x00,
  0x00, 0x00, 0x00, 0x00, 0xd6, 0xff, 0xff, 0x3c, 0x42, 0x80, 0x80, 0x80, 0x80, 0x80, 0x19, 0x00,
  0x00, 0xd7, 0xff, 0xff, 0x3d, 0x85, 0xff, 0xff, 0xff, 0xff, 0xff, 0x33, 0x00, 0x00, 0xd5, 0xff,
  0xff, 0x3c, 0x21, 0x42, 0xcc, 0xff, 0xf2, 0x84, 0x18, 0x00, 0x00, 0xd7, 0xff, 0xff, 0x3d, 0x15,
  0xc0, 0xff, 0xdb, 0x24, 0x00, 0x00, 0x00, 0x00, 0xd4, 0xff, 0xff, 0x74, 0xe5, 0xff, 0xc9, 0x0f,
  0x00, 0x00, 0x00, 0x00, 0x00, 0xd6, 0xff, 0xff, 0x8a, 0xfe, 0xff, 0xf3, 0x26, 0x00, 0x00, 0x00,
  0x00, 0x00, 0xd6, 0xff, 0xff, 0x3c, 0x7c, 0xff, 0xff, 0xde, 0x11, 0x00, 0x00, 0x13, 0x40, 0xe0,
  0xff, 0xff, 0x3c, 0x00, 0xa9, 0xff, 0xff, 0xc2, 0x40, 0x13, 0x4c, 0xff, 0xff, 0xff, 0xff, 0xff,
  0x5b, 0x09, 0xcf, 0xff, 0xff, 0xff, 0x4d, 0x4d, 0xff, 0xff, 0xff, 0xff, 0xff, 0x5c, 0x00, 0x19,
  0xea, 0xff, 0xff, 0x4d, 0x21, 0x80, 0x80, 0x80, 0x80, 0x24, 0x00, 0x43, 0xff, 0xff, 0xff, 0xff,
  0x48, 0x00, 0x21, 0x80, 0xe9, 0xff, 0xff, 0x48, 0x00, 0x00, 0x00, 0xd2, 0xff, 0xff, 0x48, 0x00,
  0x00, 0x00, 0xd2, 0xff, 0xff, 0x48, 0x00, 0x00, 0x00, 0xd2, 0xff, 0xff, 0x48, 0x00, 0x00, 0x00,
  0xd2, 0xff, 0xff, 0x48, 0x00, 0x00, 0x00, 0xd2, 0xff, 0xff, 0x48, 0x00, 0x00, 0x00, 0xd2, 0xff,
  0xff, 0x48, 0x00, 0x00, 0x00, 0xd2, 0xff, 0xff, 0x48, 0x00, 0x00, 0x00, 0xd2, 0xff, 0xff, 0x48,
  0x00, 0x10, 0x40, 0xdd, 0xff, 0xff, 0x76, 0x26, 0x43, 0xff, 0xff, 0xff, 0xff, 0xff, 0x9a, 0x43,
  0xff, 0xff, 0xff, 0xff, 0xff, 0x9a, 0x4c, 0x80, 0x80, 0x80, 0x80, 0x14, 0x2f, 0x63, 0x77, 0x4c,
  0x02, 0x00, 0x13, 0x53, 0x74, 0x68, 0x2d, 0x00, 0x00, 0x00, 0x98, 0xff, 0xff, 0xff, 0xff, 0xe7,
  0xff, 0xff, 0xff, 0xff, 0xb6, 0x7c, 0xf3, 0xff, 0xff, 0xff, 0xfd, 0x67, 0x00, 0x00, 0x73, 0xc0,
  0xf5, 0xff, 0xff, 0xff, 0xff, 0xff, 0xff, 0xff, 0xff, 0xff, 0xff, 0xff, 0xff, 0xff, 0xff, 0xef,
  0x00, 0x00, 0x00, 0x00, 0xd4, 0xff, 0xff, 0x83, 0x35, 0x10, 0xa4, 0xff, 0xff, 0xc9, 0x4c, 0x12,
  0x51, 0xff, 0xff, 0xff, 0x0c, 0x00, 0x00, 0x00, 0xd5, 0xff, 0xff, 0x28, 0x00, 0x00, 0x69, 0xff,
  0xff, 0x99, 0x00, 0x00, 0x03, 0xf8, 0xff, 0xff, 0x13, 0x00, 0x00, 0x00, 0xd7, 0xff, 0xff, 0x29,
  0x00, 0x00, 0x66, 0xff, 0xff, 0x9a, 0x00, 0x00, 0x00, 0xf1, 0xff, 0xff, 0x14, 0x00, 0x00, 0x00,
  0xd7, 0xff, 0xff, 0x29, 0x00, 0x00, 0x66, 0xff, 0xff, 0x9a, 0x00, 0x00, 0x00, 0xf1, 0xff, 0xff,
  0x14, 0x00, 0x26, 0x40, 0xe0, 0xff, 0xff, 0x5e, 0x39, 0x00, 0x65, 0xff, 0xff, 0xb3, 0x40, 0x15,
  0x00, 0xf0, 0xff, 0xff, 0x4f, 0x3d, 0x9a, 0xff, 0xff, 0xff, 0xff, 0xff, 0xe6, 0x00, 0x66, 0xff,
  0xff, 0xff, 0xff, 0x57, 0x00, 0xf1, 0xff, 0xff, 0xff, 0xf6, 0x9a, 0xff, 0xff, 0xff, 0xff, 0xff,
  0xe6, 0x00, 0x66, 0xff, 0xff, 0xff, 0xff, 0x57, 0x00, 0xf1, 0xff, 0xff, 0xff, 0xf6, 0x20, 0x80,
  0x80, 0x80, 0x80, 0x1c, 0x29, 0x6c, 0x6c, 0x28, 0x00, 0x00, 0x00, 0x40, 0xff, 0xff, 0xff, 0xff,
  0xc5, 0xff, 0xff, 0xff, 0xf9, 0x38, 0x00, 0x00, 0x31, 0xc0, 0xf3, 0xff, 0xff, 0xff, 0xff, 0xff,
  0xff, 0xff, 0xa5, 0x00, 0x00, 0x00, 0x00, 0xcc, 0xff, 0xff, 0x87, 0x1e, 0x63, 0xff, 0xff, 0xc8,
  0x00, 0x00, 0x00, 0x00, 0xcc, 0xff, 0xff, 0x38, 0x00, 0x29, 0xff, 0xff, 0xd5, 0x00, 0x00, 0x00,
  0x00, 0xcd, 0xff, 0xff, 0x38, 0x00, 0x29, 0xff, 0xff, 0xd7, 0x00, 0x00, 0x00, 0x00, 0xcd, 0xff,
  0xff, 0x38, 0x00, 0x29, 0xff, 0xff, 0xd7, 0x00, 0x00, 0x10, 0x40, 0xd9, 0xff, 0xff, 0x6a, 0x2a,
  0x28, 0xff, 0xff, 0xe0, 0x40, 0x10, 0x43, 0xff, 0xff, 0xff, 0xff, 0xff, 0xa9, 0x29, 0xff, 0xff,
  0xff, 0xff, 0x43, 0x43, 0xff, 0xff, 0xff, 0xff, 0xff, 0xa9, 0x29, 0xff, 0xff, 0xff, 0xff, 0x43,
  0x00, 0x00, 0x00, 0x51, 0x9a, 0xb7, 0xa8, 0x80, 0x0b, 0x00, 0x00, 0x00, 0x00, 0x8e, 0xff, 0xff,
  0xff, 0xff, 0xff, 0xd8, 0x20, 0x00, 0x00, 0x67, 0xff, 0xff, 0xff, 0xd5, 0xf8, 0xff, 0xff, 0xcd,
  0x04, 0x00, 0xf1, 0xff, 0xff, 0x3f, 0x00, 0x0d, 0xcd, 0xff, 0xff, 0x5b, 0x23, 0xff, 0xff, 0xe6,
  0x00, 0x00, 0x00, 0x7f, 0xff, 0xff, 0x8c, 0x35, 0xff, 0xff, 0xde, 0x00, 0x00, 0x00, 0x72, 0xff,
  0xff, 0xa0, 0x0b, 0xff, 0xff, 0xfb, 0x11, 0x00, 0x00, 0x97, 0xff, 0xff, 0x76, 0x00, 0xa9, 0xff,
  0xff, 0xa0, 0x14, 0x4d, 0xf6, 0xff, 0xf6, 0x1c, 0x00, 0x19, 0xeb, 0xff, 0xff, 0xff, 0xff, 0xff,
  0xff, 0x6e, 0x00, 0x00, 0x00, 0x13, 0x9d, 0xf3, 0xff, 0xfe, 0xc9, 0x42, 0x00, 0x00, 0x00, 0x00,
  0x00, 0x00, 0x02, 0x31, 0x0e, 0x00, 0x00, 0x00, 0x00, 0x38, 0x80, 0x80, 0x80, 0x72, 0x00, 0x40,
  0x76, 0x60, 0x1e, 0x00, 0x00, 0x70, 0xff, 0xff, 0xff, 0xec, 0xa9, 0xff, 0xff, 0xff, 0xf2, 0x4c,
  0x00, 0x54, 0xc7, 0xff, 0xff, 0xff, 0xff, 0xd6, 0xf4, 0xff, 0xff, 0xf3, 0x15, 0x00, 0x1d, 0xff,
  0xff, 0xff, 0x75, 0x00, 0x12, 0xd8, 0xff, 0xff, 0x7c, 0x00, 0x1d, 0xff, 0xff, 0xf8, 0x04, 0x00,
  0x00, 0x72, 0xff, 0xff, 0xa3, 0x00, 0x1d, 0xff, 0xff, 0xea, 0x00, 0x00, 0x00, 0x60, 0xff, 0xff,
  0xb5, 0x00, 0x1d, 0xff, 0xff, 0xff, 0x1d, 0x00, 0x00, 0x8e, 0xff, 0xff, 0x93, 0x00, 0x1d, 0xff,
  0xff, 0xff, 0xb7, 0x40, 0x51, 0xef, 0xff, 0xff, 0x4e, 0x00, 0x1d, 0xff, 0xff, 0xff, 0xff, 0xff,
  0xff, 0xff, 0xff, 0xbd, 0x00, 0x00, 0x1d, 0xff, 0xff, 0xe5, 0x73, 0xfc, 0xff, 0xf7, 0x95, 0x07,
  0x00, 0x00, 0x1d, 0xff, 0xff, 0xe5, 0x00, 0x0b, 0x35, 0x07, 0x00, 0x00, 0x00, 0x00, 0x1f, 0xff,
  0xff, 0xe6, 0x00, 0x00, 0x00, 0x00, 0x00, 0x00, 0x00, 0xb3, 0xff, 0xff, 0xff, 0xff, 0xff, 0xcd,
  0x00, 0x00, 0x00, 0x00, 0x00, 0xb3, 0xff, 0xff, 0xff, 0xff, 0xff, 0xcd, 0x00, 0x00, 0x00, 0x00,
  0x00, 0x2c, 0x40, 0x40, 0x40, 0x40, 0x40, 0x33, 0x00, 0x00, 0x00, 0x00, 0x00, 0x00, 0x00, 0x00,
  0x47, 0x73, 0x62, 0x1c, 0x36, 0x80, 0x80, 0x80, 0x80, 0x1e, 0x00, 0x09, 0xb2, 0xff, 0xff, 0xff,
  0xf0, 0xaf, 0xff, 0xff, 0xff, 0xff, 0x3c, 0x00, 0x81, 0xff, 0xff, 0xff, 0xd6, 0xf6, 0xff, 0xff,
  0xff, 0xe6, 0xc0, 0x2d, 0x00, 0xf4, 0xff, 0xff, 0x72, 0x00, 0x19, 0xe3, 0xff, 0xff, 0x99, 0x00,
  0x00, 0x1e, 0xff, 0xff, 0xf5, 0x02, 0x00, 0x00, 0x80, 0xff, 0xff, 0x99, 0x00, 0x00, 0x2c, 0xff,
  0xff, 0xe8, 0x00, 0x00, 0x00, 0x70, 0xff, 0xff, 0x99, 0x00, 0x00, 0x09, 0xff, 0xff, 0xfe, 0x16,
  0x00, 0x00, 0xa3, 0xff, 0xff, 0x99, 0x00, 0x00, 0x00, 0xc7, 0xff, 0xff, 0xa5, 0x40, 0x5a, 0xf7,
  0xff, 0xff, 0x99, 0x00, 0x00, 0x00, 0x37, 0xfc, 0xff, 0xff, 0xff, 0xff, 0xff, 0xff, 0xff, 0x99,
  0x00, 0x00, 0x00, 0x00, 0x38, 0xd2, 0xff, 0xff, 0xcb, 0x8a, 0xff, 0xff, 0x99, 0x00, 0x00, 0x00,
  0x00, 0x00, 0x00, 0x26, 0x22, 0x01, 0x6c, 0xff, 0xff, 0x99, 0x00, 0x00, 0x00, 0x00, 0x00, 0x00,
  0x00, 0x00, 0x00, 0x6c, 0xff, 0xff, 0x9a, 0x00, 0x00, 0x00, 0x00, 0x00, 0x00, 0x00, 0x48, 0xff,
  0xff, 0xff, 0xff, 0xff, 0xff, 0x3d, 0x00, 0x00, 0x00, 0x00, 0x00, 0x48, 0xff, 0xff, 0xff, 0xff,
  0xff, 0xff, 0x3d, 0x00, 0x00, 0x00, 0x00, 0x00, 0x12, 0x40, 0x40, 0x40, 0x40, 0x40, 0x40, 0x0f,
  0x2e, 0x80, 0x80, 0x80, 0x80, 0x04, 0x10, 0x4e, 0x66, 0x5c, 0xff, 0xff, 0xff, 0xff, 0x45, 0xf6,
  0xff, 0xd1, 0x45, 0xc0, 0xee, 0xff, 0xff, 0xc5, 0xff, 0xff, 0xd1, 0x00, 0x00, 0xb8, 0xff, 0xff,
  0xff, 0xc9, 0x67, 0x38, 0x00, 0x00, 0xb8, 0xff, 0xff, 0xd6, 0x0c, 0x00, 0x00, 0x00, 0x00, 0xb8,
  0xff, 0xff, 0x75, 0x00, 0x00, 0x00, 0x00, 0x00, 0xb8, 0xff, 0xff, 0x53, 0x00, 0x00, 0x00, 0x1d,
  0x40, 0xca, 0xff, 0xff, 0x79, 0x40, 0x0b, 0x00, 0x76, 0xff, 0xff, 0xff, 0xff, 0xff, 0xff, 0x2e,
  0x00, 0x76, 0xff, 0xff, 0xff, 0xff, 0xff, 0xff, 0x2e, 0x00, 0x00, 0x00, 0x17, 0x5c, 0x78, 0x60,
  0x58, 0x80, 0x6e, 0x00, 0x00, 0x5c, 0xfa, 0xff, 0xff, 0xff, 0xff, 0xff, 0xdc, 0x00, 0x08, 0xf6,
  0xff, 0xb6, 0x4d, 0x69, 0xdf, 0xff, 0xdc, 0x00, 0x1a, 0xff, 0xff, 0xad, 0x40, 0x1c, 0x1a, 0x40,
  0x37, 0x00, 0x00, 0xc2, 0xff, 0xff, 0xff, 0xff, 0xd7, 0x87, 0x0a, 0x00, 0x00, 0x15, 0xac, 0xff,
  0xff, 0xff, 0xff, 0xff, 0xda, 0x0e, 0x00, 0x35, 0x40, 0x2a, 0x3b, 0x7b, 0xc7, 0xff, 0xff, 0x56,
  0x00, 0xd5, 0xff, 0xc1, 0x10, 0x00, 0x1e, 0xff, 0xff, 0x62, 0x00, 0xd5, 0xff, 0xff, 0xfb, 0xc6,
  0xeb, 0xff, 0xed, 0x16, 0x00, 0xd5, 0xff, 0xc7, 0xfb, 0xff, 0xff, 0xd9, 0x33, 0x00, 0x00, 0x00,
  0x00, 0x00, 0x09, 0x36, 0x20, 0x01, 0x00, 0x00, 0x00, 0x00, 0x00, 0x00, 0x00, 0x00, 0x00, 0x00,
  0x00, 0x00, 0x44, 0x7d, 0x00, 0x00, 0x00, 0x0d, 0x9d, 0xff, 0x9a, 0x00, 0x00, 0x00, 0x6c, 0xff,
  0xff, 0x9a, 0x00, 0x00, 0x4f, 0xb6, 0xff, 0xff, 0xcd, 0x80, 0x2b, 0x9f, 0xff, 0xff, 0xff, 0xff,
  0xff, 0x57, 0x76, 0xdb, 0xff, 0xff, 0xe6, 0xc0, 0x40, 0x00, 0x6c, 0xff, 0xff, 0x9a, 0x00, 0x00,
  0x00, 0x6c, 0xff, 0xff, 0x9a, 0x00, 0x00, 0x00, 0x6c, 0xff, 0xff, 0x9a, 0x00, 0x00, 0x00, 0x6c,
  0xff, 0xff, 0x9a, 0x00, 0x00, 0x00, 0x6b, 0xff, 0xff, 0xcb, 0x41, 0x26, 0x00, 0x5a, 0xff, 0xff,
  0xff, 0xff, 0x55, 0x00, 0x05, 0x88, 0xf7, 0xff, 0xef, 0x42, 0x00, 0x00, 0x00, 0x0e, 0x28, 0x00,
  0x00, 0x3d, 0x80, 0x80, 0x80, 0x7d, 0x00, 0x6e, 0x80, 0x80, 0x80, 0x4f, 0x00, 0x00, 0x7b, 0xff,
  0xff, 0xff, 0xfb, 0x00, 0xdc, 0xff, 0xff, 0xff, 0x9f, 0x00, 0x00, 0x5b, 0xc5, 0xff, 0xff, 0xf9,
  0x00, 0xa5, 0xdb, 0xff, 0xff, 0x9d, 0x00, 0x00, 0x00, 0x14, 0xff, 0xff, 0xfb, 0x00, 0x00, 0x6c,
  0xff, 0xff, 0x9f, 0x00, 0x00, 0x00, 0x14, 0xff, 0xff, 0xfb, 0x00, 0x00, 0x6c, 0xff, 0xff, 0x9f,
  0x00, 0x00, 0x00, 0x14, 0xff, 0xff, 0xfb, 0x00, 0x00, 0x6c, 0xff, 0xff, 0x9f, 0x00, 0x00, 0x00,
  0x14, 0xff, 0xff, 0xfd, 0x00, 0x00, 0x6c, 0xff, 0xff, 0x9e, 0x00, 0x00, 0x00, 0x09, 0xff, 0xff,
  0xff, 0x62, 0x73, 0xe8, 0xff, 0xff, 0xb5, 0x40, 0x09, 0x00, 0x00, 0xcf, 0xff, 0xff, 0xff, 0xff,
  0xff, 0xff, 0xff, 0xff, 0xff, 0x24, 0x00, 0x00, 0x1f, 0xb0, 0xfe, 0xff, 0xd5, 0xa6, 0xff, 0xff,
  0xff, 0xff, 0x24, 0x00, 0x00, 0x00, 0x00, 0x1e, 0x22, 0x00, 0x00, 0x00, 0x00, 0x00, 0x00, 0x00,
  0x05, 0x80, 0x80, 0x80, 0x80, 0x80, 0x57, 0x40, 0x80, 0x80, 0x80, 0x80, 0x40, 0x09, 0xff, 0xff,
  0xff, 0xff, 0xff, 0xad, 0x80, 0xff, 0xff, 0xff, 0xff, 0x80, 0x07, 0xc0, 0xe8, 0xff, 0xff, 0xe4,
  0x82, 0x60, 0xd4, 0xff, 0xff, 0xc6, 0x60, 0x00, 0x00, 0x5c, 0xff, 0xff, 0xc7, 0x00, 0x00, 0x92,
  0xff, 0xdb, 0x00, 0x00, 0x00, 0x00, 0x04, 0xed, 0xff, 0xff, 0x1d, 0x0a, 0xf1, 0xff, 0x70, 0x00,
  0x00, 0x00, 0x00, 0x00, 0x81, 0xff, 0xff, 0x77, 0x64, 0xff, 0xf8, 0x0e, 0x00, 0x00, 0x00, 0x00,
  0x00, 0x17, 0xfb, 0xff, 0xcf, 0xd4, 0xff, 0x9b, 0x00, 0x00, 0x00, 0x00, 0x00, 0x00, 0x00, 0xa9,
  0xff, 0xff, 0xff, 0xff, 0x32, 0x00, 0x00, 0x00, 0x00, 0x00, 0x00, 0x00, 0x3c, 0xff, 0xff, 0xff,
  0xc9, 0x00, 0x00, 0x00, 0x00, 0x00, 0x00, 0x00, 0x00, 0x00, 0xd5, 0xff, 0xff, 0x60, 0x00, 0x00,
  0x00, 0x00, 0x00, 0x00, 0x00, 0x00, 0x00, 0x22, 0x40, 0x40, 0x07, 0x00, 0x00, 0x00, 0x00, 0x80,
  0x80, 0x80, 0x80, 0x80, 0x12, 0x00, 0x71, 0x80, 0x63, 0x00, 0x29, 0x80, 0x80, 0x80, 0x80, 0x1e,
  0xff, 0xff, 0xff, 0xff, 0xff, 0x24, 0x1e, 0xff, 0xff, 0xf9, 0x09, 0x52, 0xff, 0xff, 0xff, 0xff,
  0x3d, 0xc0, 0xf0, 0xff, 0xff, 0xca, 0x1b, 0x75, 0xff, 0xff, 0xff, 0x57, 0x3d, 0xd3, 0xff, 0xff,
  0xc0, 0x2d, 0x00, 0x8d, 0xff, 0xff, 0x5d, 0x00, 0xcb, 0xff, 0xff, 0xff, 0xab, 0x00, 0x81, 0xff,
  0xd0, 0x00, 0x00, 0x00, 0x39, 0xff, 0xff, 0xb0, 0x20, 0xff, 0xff, 0xe4, 0xff, 0xf4, 0x06, 0xd4,
  0xff, 0x7d, 0x00, 0x00, 0x00, 0x00, 0xe7, 0xff, 0xf9, 0x7d, 0xff, 0xcd, 0x84, 0xff, 0xff, 0x75,
  0xff, 0xff, 0x29, 0x00, 0x00, 0x00, 0x00, 0x8f, 0xff, 0xff, 0xf8, 0xff, 0x7b, 0x32, 0xff, 0xff,
  0xf8, 0xff, 0xd8, 0x00, 0x00, 0x00, 0x00, 0x00, 0x3c, 0xff, 0xff, 0xff, 0xff, 0x2c, 0x00, 0xe6,
  0xff, 0xff, 0xff, 0x83, 0x00, 0x00, 0x00, 0x00, 0x00, 0x01, 0xe7, 0xff, 0xff, 0xe0, 0x00, 0x00,
  0x91, 0xff, 0xff, 0xff, 0x30, 0x00, 0x00, 0x00, 0x00, 0x00, 0x00, 0x94, 0xff, 0xff, 0x8b, 0x00,
  0x00, 0x40, 0xff, 0xff, 0xe0, 0x00, 0x00, 0x00, 0x00, 0x00, 0x00, 0x00, 0x17, 0x40, 0x40, 0x16,
  0x00, 0x00, 0x03, 0x40, 0x40, 0x2a, 0x00, 0x00, 0x00, 0x00, 0x3d, 0x80, 0x80, 0x80, 0x25, 0x00,
  0x00, 0x3c, 0x80, 0x80, 0x47, 0x7b, 0xff, 0xff, 0xff, 0xc5, 0x00, 0x12, 0xe9, 0xff, 0xff, 0x8f,
  0x5b, 0xc1, 0xff, 0xff, 0xff, 0x5d, 0xa6, 0xff, 0xff, 0xcb, 0x6a, 0x00, 0x00, 0x90, 0xff, 0xff,
  0xf4, 0xff, 0xff, 0xa5, 0x00, 0x00, 0x00, 0x00, 0x06, 0xcf, 0xff, 0xff, 0xff, 0xc6, 0x07, 0x00,
  0x00, 0x00, 0x00, 0x00, 0x4a, 0xff, 0xff, 0xff, 0xc5, 0x03, 0x00, 0x00, 0x00, 0x00, 0x1a, 0xe5,
  0xff, 0xff, 0xff, 0xff, 0x96, 0x00, 0x00, 0x1e, 0x42, 0xd6, 0xff, 0xfe, 0x9e, 0xff, 0xff, 0xff,
  0x77, 0x38, 0x7b, 0xff, 0xff, 0xff, 0x80, 0x01, 0xc4, 0xff, 0xff, 0xff, 0xe1, 0x7b, 0xff, 0xff,
  0xc8, 0x02, 0x00, 0x1f, 0xf4, 0xff, 0xff, 0xe1, 0x73, 0x80, 0x80, 0x80, 0x80, 0x61, 0x29, 0x80,
  0x80, 0x80, 0x80, 0x52, 0xe5, 0xff, 0xff, 0xff, 0xff, 0xc2, 0x52, 0xff, 0xff, 0xff, 0xff, 0xa4,
  0xac, 0xde, 0xff, 0xff, 0xed, 0x91, 0x3d, 0xc9, 0xff, 0xff, 0xd0, 0x7b, 0x00, 0x2f, 0xff, 0xff,
  0xef, 0x03, 0x00, 0x66, 0xff, 0xf4, 0x0b, 0x00, 0x00, 0x00, 0xc3, 0xff, 0xff, 0x4c, 0x00, 0xcb,
  0xff, 0x9b, 0x00, 0x00, 0x00, 0x00, 0x50, 0xff, 0xff, 0xa8, 0x2d, 0xff, 0xff, 0x36, 0x00, 0x00,
  0x00, 0x00, 0x02, 0xdd, 0xff, 0xf7, 0xa2, 0xff, 0xd2, 0x00, 0x00, 0x00, 0x00, 0x00, 0x00, 0x6e,
  0xff, 0xff, 0xff, 0xff, 0x6c, 0x00, 0x00, 0x00, 0x00, 0x00, 0x00, 0x0a, 0xf2, 0xff, 0xff, 0xf8,
  0x0f, 0x00, 0x00, 0x00, 0x00, 0x00, 0x00, 0x00, 0x8b, 0xff, 0xff, 0xa1, 0x00, 0x00, 0x00, 0x00,
  0x00, 0x00, 0x00, 0x00, 0x35, 0xff, 0xff, 0x3b, 0x00, 0x00, 0x00, 0x00, 0x00, 0x00, 0x00, 0x00,
  0x84, 0xff, 0xda, 0x00, 0x00, 0x00, 0x00, 0x00, 0x00, 0x00, 0x8a, 0xff, 0xff, 0xff, 0x72, 0x00,
  0x00, 0x00, 0x00, 0x00, 0x00, 0x00, 0x8a, 0xff, 0xff, 0xfa, 0x0f, 0x00, 0x00, 0x00, 0x00, 0x00,
  0x00, 0x00, 0x22, 0x40, 0x40, 0x33, 0x00, 0x00, 0x00, 0x00, 0x00, 0x00, 0x00, 0x6b, 0x80, 0x80,
  0x80, 0x80, 0x80, 0x80, 0x80, 0x70, 0x00, 0xd7, 0xff, 0xff, 0xff, 0xff, 0xff, 0xff, 0xff, 0xe1,
  0x00, 0xd6, 0xff, 0x9c, 0x80, 0x85, 0xf9, 0xff, 0xff, 0xc0, 0x00, 0xd7, 0xff, 0x38, 0x07, 0xba,
  0xff, 0xff, 0xcf, 0x0e, 0x00, 0x00, 0x00, 0x07, 0xbf, 0xff, 0xff, 0xcf, 0x0e, 0x00, 0x00, 0x00,
  0x07, 0xbf, 0xff, 0xff, 0xca, 0x0e, 0x00, 0x00, 0x00, 0x09, 0xbf, 0xff, 0xff, 0xc7, 0x0c, 0x0f,
  0x80, 0x70, 0x09, 0xc5, 0xff, 0xff, 0xca, 0x0c, 0x00, 0x1f, 0xff, 0xe1, 0x4d, 0xff, 0xff, 0xff,
  0xff, 0xff, 0xff, 0xff, 0xff, 0xe1, 0x4d, 0xff, 0xff, 0xff, 0xff, 0xff, 0xff, 0xff, 0xff, 0xe1,
  0x00, 0x00, 0x00, 0x00, 0x3f, 0x80, 0x80, 0x20, 0x00, 0x00, 0x00, 0x8b, 0xff, 0xff, 0xff, 0x42,
  0x00, 0x00, 0x14, 0xff, 0xff, 0xfd, 0xdb, 0x31, 0x00, 0x00, 0x3b, 0xff, 0xff, 0x66, 0x00, 0x00,
  0x00, 0x00, 0x46, 0xff, 0xff, 0x40, 0x00, 0x00, 0x00, 0x00, 0x4e, 0xff, 0xff, 0x33, 0x00, 0x00,
  0x00, 0x00, 0x63, 0xff, 0xff, 0x18, 0x00, 0x00, 0x00, 0x04, 0xbd, 0xff, 0xf0, 0x00, 0x00, 0x00,
  0x51, 0xde, 0xff, 0xf6, 0x5b, 0x00, 0x00, 0x00, 0x6c, 0xff, 0xff, 0xc4, 0x0c, 0x00, 0x00, 0x00,
  0x3a, 0xc0, 0xff, 0xff, 0x9f, 0x00, 0x00, 0x00, 0x00, 0x00, 0xa4, 0xff, 0xf7, 0x02, 0x00, 0x00,
  0x00, 0x00, 0x5b, 0xff, 0xff, 0x25, 0x00, 0x00, 0x00, 0x00, 0x4c, 0xff, 0xff, 0x34, 0x00, 0x00,
  0x00, 0x00, 0x40, 0xff, 0xff, 0x3e, 0x00, 0x00, 0x00, 0x00, 0x2e, 0xff, 0xff, 0x7f, 0x01, 0x00,
  0x00, 0x00, 0x07, 0xf7, 0xff, 0xff, 0xff, 0x41, 0x00, 0x00, 0x00, 0x57, 0xf3, 0xff, 0xff, 0x41,
  0x00, 0x00, 0x00, 0x00, 0x0d, 0x40, 0x40, 0x10, 0x00, 0x47, 0x47, 0x18, 0x19, 0xff, 0xff, 0x56,
  0x19, 0xff, 0xff, 0x56, 0x19, 0xff, 0xff, 0x56, 0x19, 0xff, 0xff, 0x56, 0x19, 0xff, 0xff, 0x56,
  0x19, 0xff, 0xff, 0x56, 0x19, 0xff, 0xff, 0x56, 0x19, 0xff, 0xff, 0x56, 0x19, 0xff, 0xff, 0x56,
  0x19, 0xff, 0xff, 0x56, 0x19, 0xff, 0xff, 0x56, 0x19, 0xff, 0xff, 0x56, 0x19, 0xff, 0xff, 0x56,
  0x19, 0xff, 0xff, 0x56, 0x19, 0xff, 0xff, 0x56, 0x19, 0xff, 0xff, 0x56, 0x09, 0x5b, 0x5b, 0x1f,
  0x46, 0x80, 0x7a, 0x20, 0x00, 0x00, 0x00, 0x00, 0x8e, 0xff, 0xff, 0xfb, 0x45, 0x00, 0x00, 0x00,
  0x6d, 0xe8, 0xff, 0xff, 0xc6, 0x00, 0x00, 0x00, 0x00, 0x00, 0xb1, 0xff, 0xeb, 0x00, 0x00, 0x00,
  0x00, 0x00, 0x8a, 0xff, 0xf7, 0x00, 0x00, 0x00, 0x00, 0x00, 0x81, 0xff, 0xff, 0x00, 0x00, 0x00,
  0x00, 0x00, 0x68, 0xff, 0xff, 0x16, 0x00, 0x00, 0x00, 0x00, 0x3b, 0xff, 0xff, 0x92, 0x00, 0x00,
  0x00, 0x00, 0x01, 0x9d, 0xff, 0xff, 0xcf, 0x15, 0x00, 0x00, 0x00, 0x2a, 0xf2, 0xff, 0xff, 0x1d,
  0x00, 0x00, 0x08, 0xe4, 0xff, 0xef, 0xa2, 0x0f, 0x00, 0x00, 0x4a, 0xff, 0xff, 0x55, 0x00, 0x00,
  0x00, 0x00, 0x75, 0xff, 0xff, 0x12, 0x00, 0x00, 0x00, 0x00, 0x82, 0xff, 0xfe, 0x00, 0x00, 0x00,
  0x00, 0x00, 0x8c, 0xff, 0xf2, 0x00, 0x00, 0x00, 0x00, 0x0c, 0xc1, 0xff, 0xde, 0x00, 0x00, 0x00,
  0x8d, 0xff, 0xff, 0xff, 0xae, 0x00, 0x00, 0x00, 0x8d, 0xff, 0xff, 0xd9, 0x22, 0x00, 0x00, 0x00,
  0x23, 0x40, 0x3a, 0x01, 0x00, 0x00, 0x00, 0x00, 0x00, 0x00, 0x15, 0x3a, 0x40, 0x0e, 0x00, 0x00,
  0x00, 0x00, 0x25, 0x03, 0x0c, 0xa5, 0xff, 0xff, 0xff, 0xf9, 0x9e, 0x49, 0x16, 0x6f, 0xf5, 0x04,
  0x5c, 0xff, 0xff, 0xff, 0xff, 0xff, 0xff, 0xff, 0xff, 0xff, 0xff, 0x05, 0x5c, 0xd1, 0x68, 0x4d,
  0x86, 0xbc, 0xfa, 0xff, 0xff, 0xff, 0xa9, 0x01, 0x21, 0x07, 0x00, 0x00, 0x00, 0x00, 0x0f, 0x56,
  0x80, 0x49, 0x00, 0x00, 0x00, 0x00, 0x60, 0xab, 0xa6, 0x50, 0x00, 0x00, 0x00, 0x97, 0xf4, 0xa3,
  0xac, 0xf8, 0x81, 0x00, 0x34, 0xfe, 0x2d, 0x00, 0x00, 0x41, 0xff, 0x1e, 0x60, 0xe7, 0x00, 0x00,
  0x00, 0x00, 0xff, 0x49, 0x38, 0xfe, 0x28, 0x00, 0x00, 0x41, 0xff, 0x1e, 0x00, 0xbd, 0xe7, 0x64,
  0x70, 0xef, 0xa3, 0x00, 0x00, 0x10, 0xa0, 0xeb, 0xe6, 0x90, 0x09, 0x00, 0x00, 0x38, 0x38, 0x38,
  0x38, 0x38, 0x38, 0x38, 0x38, 0x38, 0x38, 0x38, 0x38, 0x38, 0x38, 0x38, 0x38, 0x38, 0x38, 0x38,
  0x38, 0x00, 0x1e, 0xff, 0xff, 0xff, 0xff, 0xff, 0xff, 0xff, 0xff, 0xff, 0xff, 0xff, 0xff, 0xff,
  0xff, 0xff, 0xff, 0xff, 0xff, 0xff, 0xff, 0x1e, 0x1e, 0xff, 0xff, 0xff, 0xff, 0xff, 0xff, 0xff,
  0xff, 0xff, 0xff, 0xff, 0xff, 0xff, 0xff, 0xff, 0xff, 0xff, 0xff, 0xff, 0xff, 0x1e, 0x00, 0x38,
  0x38, 0x38, 0x38, 0x38, 0x38, 0x38, 0x38, 0x38, 0x38, 0x38, 0x38, 0x38, 0x38, 0x38, 0x38, 0x38,
  0x38, 0x38, 0x38, 0x00, 0x00, 0x08, 0x52, 0x6f, 0x63, 0x6b, 0x77, 0x65, 0x6c, 0x6c, 0x00, 0x0e,
  0x4d, 0x52, 0x6f, 0x63, 0x6b, 0x77, 0x65, 0x6c, 0x6c, 0x2d, 0x42, 0x6f, 0x6c, 0x64, 0x01,
};
