// Rockwell 30px — 97 glyphs, 34166 bytes
// Copyright (c) 1989 Adobe Systems Incorporated. All rights reserved.Rockwell is trademark of the Monotype Corporation plc
// Generated by Embedded Font Studio
// Usage (TFT_eSPI — requires #define SMOOTH_FONT in User_Setup.h):
//   tft.loadFont(Rockwell30);
//   tft.setTextColor(TFT_WHITE, TFT_BLACK); // fg AND bg: smooth fonts blend, no transparency
//   tft.drawString("Hello", 10, 10);
//   tft.unloadFont();

#include <pgmspace.h>

const uint8_t Rockwell30[] PROGMEM = {
  0x00, 0x00, 0x00, 0x61, 0x00, 0x00, 0x00, 0x0b, 0x00, 0x00, 0x00, 0x1e, 0x00, 0x00, 0x00, 0x00,
  0x00, 0x00, 0x00, 0x1c, 0x00, 0x00, 0x00, 0x07, 0x00, 0x00, 0x00, 0x20, 0x00, 0x00, 0x00, 0x00,
  0x00, 0x00, 0x00, 0x00, 0x00, 0x00, 0x00, 0x08, 0x00, 0x00, 0x00, 0x00, 0x00, 0x00, 0x00, 0x00,
  0x00, 0x00, 0x00, 0x00, 0x00, 0x00, 0x00, 0x21, 0x00, 0x00, 0x00, 0x15, 0x00, 0x00, 0x00, 0x06,
  0x00, 0x00, 0x00, 0x0b, 0x00, 0x00, 0x00, 0x15, 0x00, 0x00, 0x00, 0x02, 0x00, 0x00, 0x00, 0x00,
  0x00, 0x00, 0x00, 0x22, 0x00, 0x00, 0x00, 0x0b, 0x00, 0x00, 0x00, 0x0c, 0x00, 0x00, 0x00, 0x11,
  0x00, 0x00, 0x00, 0x15, 0x00, 0x00, 0x00, 0x02, 0x00, 0x00, 0x00, 0x00, 0x00, 0x00, 0x00, 0x23,
  0x00, 0x00, 0x00, 0x16, 0x00, 0x00, 0x00, 0x12, 0x00, 0x00, 0x00, 0x14, 0x00, 0x00, 0x00, 0x15,
  0x00, 0x00, 0x00, 0x01, 0x00, 0x00, 0x00, 0x00, 0x00, 0x00, 0x00, 0x24, 0x00, 0x00, 0x00, 0x18,
  0x00, 0x00, 0x00, 0x0f, 0x00, 0x00, 0x00, 0x11, 0x00, 0x00, 0x00, 0x15, 0x00, 0x00, 0x00, 0x01,
  0x00, 0x00, 0x00, 0x00, 0x00, 0x00, 0x00, 0x25, 0x00, 0x00, 0x00, 0x16, 0x00, 0x00, 0x00, 0x1a,
  0x00, 0x00, 0x00, 0x1c, 0x00, 0x00, 0x00, 0x15, 0x00, 0x00, 0x00, 0x01, 0x00, 0x00, 0x00, 0x00,
  0x00, 0x00, 0x00, 0x26, 0x00, 0x00, 0x00, 0x16, 0x00, 0x00, 0x00, 0x16, 0x00, 0x00, 0x00, 0x18,
  0x00, 0x00, 0x00, 0x15, 0x00, 0x00, 0x00, 0x01, 0x00, 0x00, 0x00, 0x00, 0x00, 0x00, 0x00, 0x27,
  0x00, 0x00, 0x00, 0x0b, 0x00, 0x00, 0x00, 0x05, 0x00, 0x00, 0x00, 0x08, 0x00, 0x00, 0x00, 0x15,
  0x00, 0x00, 0x00, 0x02, 0x00, 0x00, 0x00, 0x00, 0x00, 0x00, 0x00, 0x28, 0x00, 0x00, 0x00, 0x1c,
  0x00, 0x00, 0x00, 0x09, 0x00, 0x00, 0x00, 0x0a, 0x00, 0x00, 0x00, 0x15, 0x00, 0x00, 0x00, 0x01,
  0x00, 0x00, 0x00, 0x00, 0x00, 0x00, 0x00, 0x29, 0x00, 0x00, 0x00, 0x1c, 0x00, 0x00, 0x00, 0x09,
  0x00, 0x00, 0x00, 0x0a, 0x00, 0x00, 0x00, 0x15, 0x00, 0x00, 0x00, 0x00, 0x00, 0x00, 0x00, 0x00,
  0x00, 0x00, 0x00, 0x2a, 0x00, 0x00, 0x00, 0x0f, 0x00, 0x00, 0x00, 0x0f, 0x00, 0x00, 0x00, 0x11,
  0x00, 0x00, 0x00, 0x15, 0x00, 0x00, 0x00, 0x01, 0x00, 0x00, 0x00, 0x00, 0x00, 0x00, 0x00, 0x2b,
  0x00, 0x00, 0x00, 0x12, 0x00, 0x00, 0x00, 0x12, 0x00, 0x00, 0x00, 0x14, 0x00, 0x00, 0x00, 0x13,
  0x00, 0x00, 0x00, 0x01, 0x00, 0x00, 0x00, 0x00, 0x00, 0x00, 0x00, 0x2c, 0x00, 0x00, 0x00, 0x0b,
  0x00, 0x00, 0x00, 0x06, 0x00, 0x00, 0x00, 0x0b, 0x00, 0x00, 0x00, 0x05, 0x00, 0x00, 0x00, 0x02,
  0x00, 0x00, 0x00, 0x00, 0x00, 0x00, 0x00, 0x2d, 0x00, 0x00, 0x00, 0x05, 0x00, 0x00, 0x00, 0x0a,
  0x00, 0x00, 0x00, 0x0a, 0x00, 0x00, 0x00, 0x0a, 0x00, 0x00, 0x00, 0x00, 0x00, 0x00, 0x00, 0x00,
  0x00, 0x00, 0x00, 0x2e, 0x00, 0x00, 0x00, 0x05, 0x00, 0x00, 0x00, 0x06, 0x00, 0x00, 0x00, 0x0b,
  0x00, 0x00, 0x00, 0x05, 0x00, 0x00, 0x00, 0x02, 0x00, 0x00, 0x00, 0x00, 0x00, 0x00, 0x00, 0x2f,
  0x00, 0x00, 0x00, 0x16, 0x00, 0x00, 0x00, 0x10, 0x00, 0x00, 0x00, 0x0f, 0x00, 0x00, 0x00, 0x15,
  0x00, 0x00, 0x00, 0x00, 0x00, 0x00, 0x00, 0x00, 0x00, 0x00, 0x00, 0x30, 0x00, 0x00, 0x00, 0x16,
  0x00, 0x00, 0x00, 0x0f, 0x00, 0x00, 0x00, 0x11, 0x00, 0x00, 0x00, 0x15, 0x00, 0x00, 0x00, 0x01,
  0x00, 0x00, 0x00, 0x00, 0x00, 0x00, 0x00, 0x31, 0x00, 0x00, 0x00, 0x15, 0x00, 0x00, 0x00, 0x0b,
  0x00, 0x00, 0x00, 0x11, 0x00, 0x00, 0x00, 0x15, 0x00, 0x00, 0x00, 0x03, 0x00, 0x00, 0x00, 0x00,
  0x00, 0x00, 0x00, 0x32, 0x00, 0x00, 0x00, 0x15, 0x00, 0x00, 0x00, 0x0e, 0x00, 0x00, 0x00, 0x11,
  0x00, 0x00, 0x00, 0x15, 0x00, 0x00, 0x00, 0x01, 0x00, 0x00, 0x00, 0x00, 0x00, 0x00, 0x00, 0x33,
  0x00, 0x00, 0x00, 0x16, 0x00, 0x00, 0x00, 0x0f, 0x00, 0x00, 0x00, 0x11, 0x00, 0x00, 0x00, 0x15,
  0x00, 0x00, 0x00, 0x01, 0x00, 0x00, 0x00, 0x00, 0x00, 0x00, 0x00, 0x34, 0x00, 0x00, 0x00, 0x15,
  0x00, 0x00, 0x00, 0x0f, 0x00, 0x00, 0x00, 0x11, 0x00, 0x00, 0x00, 0x15, 0x00, 0x00, 0x00, 0x00,
  0x00, 0x00, 0x00, 0x00, 0x00, 0x00, 0x00, 0x35, 0x00, 0x00, 0x00, 0x16, 0x00, 0x00, 0x00, 0x0e,
  0x00, 0x00, 0x00, 0x11, 0x00, 0x00, 0x00, 0x15, 0x00, 0x00, 0x00, 0x01, 0x00, 0x00, 0x00, 0x00,
  0x00, 0x00, 0x00, 0x36, 0x00, 0x00, 0x00, 0x16, 0x00, 0x00, 0x00, 0x0e, 0x00, 0x00, 0x00, 0x11,
  0x00, 0x00, 0x00, 0x15, 0x00, 0x00, 0x00, 0x01, 0x00, 0x00, 0x00, 0x00, 0x00, 0x00, 0x00, 0x37,
  0x00, 0x00, 0x00, 0x15, 0x00, 0x00, 0x00, 0x0d, 0x00, 0x00, 0x00, 0x11, 0x00, 0x00, 0x00, 0x15,
  0x00, 0x00, 0x00, 0x02, 0x00, 0x00, 0x00, 0x00, 0x00, 0x00, 0x00, 0x38, 0x00, 0x00, 0x00, 0x16,
  0x00, 0x00, 0x00, 0x0f, 0x00, 0x00, 0x00, 0x11, 0x00, 0x00, 0x00, 0x15, 0x00, 0x00, 0x00, 0x01,
  0x00, 0x00, 0x00, 0x00, 0x00, 0x00, 0x00, 0x39, 0x00, 0x00, 0x00, 0x16, 0x00, 0x00, 0x00, 0x0e,
  0x00, 0x00, 0x00, 0x11, 0x00, 0x00, 0x00, 0x15, 0x00, 0x00, 0x00, 0x01, 0x00, 0x00, 0x00, 0x00,
  0x00, 0x00, 0x00, 0x3a, 0x00, 0x00, 0x00, 0x0f, 0x00, 0x00, 0x00, 0x06, 0x00, 0x00, 0x00, 0x0b,
  0x00, 0x00, 0x00, 0x0f, 0x00, 0x00, 0x00, 0x02, 0x00, 0x00, 0x00, 0x00, 0x00, 0x00, 0x00, 0x3b,
  0x00, 0x00, 0x00, 0x15, 0x00, 0x00, 0x00, 0x06, 0x00, 0x00, 0x00, 0x0b, 0x00, 0x00, 0x00, 0x0f,
  0x00, 0x00, 0x00, 0x02, 0x00, 0x00, 0x00, 0x00, 0x00, 0x00, 0x00, 0x3c, 0x00, 0x00, 0x00, 0x12,
  0x00, 0x00, 0x00, 0x12, 0x00, 0x00, 0x00, 0x14, 0x00, 0x00, 0x00, 0x13, 0x00, 0x00, 0x00, 0x01,
  0x00, 0x00, 0x00, 0x00, 0x00, 0x00, 0x00, 0x3d, 0x00, 0x00, 0x00, 0x0c, 0x00, 0x00, 0x00, 0x12,
  0x00, 0x00, 0x00, 0x14, 0x00, 0x00, 0x00, 0x10, 0x00, 0x00, 0x00, 0x01, 0x00, 0x00, 0x00, 0x00,
  0x00, 0x00, 0x00, 0x3e, 0x00, 0x00, 0x00, 0x12, 0x00, 0x00, 0x00, 0x12, 0x00, 0x00, 0x00, 0x14,
  0x00, 0x00, 0x00, 0x13, 0x00, 0x00, 0x00, 0x01, 0x00, 0x00, 0x00, 0x00, 0x00, 0x00, 0x00, 0x3f,
  0x00, 0x00, 0x00, 0x15, 0x00, 0x00, 0x00, 0x10, 0x00, 0x00, 0x00, 0x11, 0x00, 0x00, 0x00, 0x15,
  0x00, 0x00, 0x00, 0x00, 0x00, 0x00, 0x00, 0x00, 0x00, 0x00, 0x00, 0x40, 0x00, 0x00, 0x00, 0x1d,
  0x00, 0x00, 0x00, 0x1e, 0x00, 0x00, 0x00, 0x1d, 0x00, 0x00, 0x00, 0x16, 0x00, 0x00, 0x00, 0x00,
  0x00, 0x00, 0x00, 0x00, 0x00, 0x00, 0x00, 0x41, 0x00, 0x00, 0x00, 0x15, 0x00, 0x00, 0x00, 0x16,
  0x00, 0x00, 0x00, 0x15, 0x00, 0x00, 0x00, 0x15, 0xff, 0xff, 0xff, 0xff, 0x00, 0x00, 0x00, 0x00,
  0x00, 0x00, 0x00, 0x42, 0x00, 0x00, 0x00, 0x16, 0x00, 0x00, 0x00, 0x14, 0x00, 0x00, 0x00, 0x15,
  0x00, 0x00, 0x00, 0x15, 0x00, 0x00, 0x00, 0x00, 0x00, 0x00, 0x00, 0x00, 0x00, 0x00, 0x00, 0x43,
  0x00, 0x00, 0x00, 0x16, 0x00, 0x00, 0x00, 0x16, 0x00, 0x00, 0x00, 0x17, 0x00, 0x00, 0x00, 0x15,
  0x00, 0x00, 0x00, 0x01, 0x00, 0x00, 0x00, 0x00, 0x00, 0x00, 0x00, 0x44, 0x00, 0x00, 0x00, 0x16,
  0x00, 0x00, 0x00, 0x17, 0x00, 0x00, 0x00, 0x18, 0x00, 0x00, 0x00, 0x15, 0x00, 0x00, 0x00, 0x00,
  0x00, 0x00, 0x00, 0x00, 0x00, 0x00, 0x00, 0x45, 0x00, 0x00, 0x00, 0x15, 0x00, 0x00, 0x00, 0x13,
  0x00, 0x00, 0x00, 0x14, 0x00, 0x00, 0x00, 0x15, 0x00, 0x00, 0x00, 0x00, 0x00, 0x00, 0x00, 0x00,
  0x00, 0x00, 0x00, 0x46, 0x00, 0x00, 0x00, 0x15, 0x00, 0x00, 0x00, 0x14, 0x00, 0x00, 0x00, 0x13,
  0x00, 0x00, 0x00, 0x15, 0x00, 0x00, 0x00, 0x00, 0x00, 0x00, 0x00, 0x00, 0x00, 0x00, 0x00, 0x47,
  0x00, 0x00, 0x00, 0x16, 0x00, 0x00, 0x00, 0x17, 0x00, 0x00, 0x00, 0x19, 0x00, 0x00, 0x00, 0x15,
  0x00, 0x00, 0x00, 0x01, 0x00, 0x00, 0x00, 0x00, 0x00, 0x00, 0x00, 0x48, 0x00, 0x00, 0x00, 0x15,
  0x00, 0x00, 0x00, 0x16, 0x00, 0x00, 0x00, 0x17, 0x00, 0x00, 0x00, 0x15, 0x00, 0x00, 0x00, 0x00,
  0x00, 0x00, 0x00, 0x00, 0x00, 0x00, 0x00, 0x49, 0x00, 0x00, 0x00, 0x15, 0x00, 0x00, 0x00, 0x0d,
  0x00, 0x00, 0x00, 0x0d, 0x00, 0x00, 0x00, 0x15, 0x00, 0x00, 0x00, 0x00, 0x00, 0x00, 0x00, 0x00,
  0x00, 0x00, 0x00, 0x4a, 0x00, 0x00, 0x00, 0x1c, 0x00, 0x00, 0x00, 0x0d, 0x00, 0x00, 0x00, 0x0c,
  0x00, 0x00, 0x00, 0x15, 0xff, 0xff, 0xff, 0xff, 0x00, 0x00, 0x00, 0x00, 0x00, 0x00, 0x00, 0x4b,
  0x00, 0x00, 0x00, 0x15, 0x00, 0x00, 0x00, 0x18, 0x00, 0x00, 0x00, 0x17, 0x00, 0x00, 0x00, 0x15,
  0x00, 0x00, 0x00, 0x00, 0x00, 0x00, 0x00, 0x00, 0x00, 0x00, 0x00, 0x4c, 0x00, 0x00, 0x00, 0x15,
  0x00, 0x00, 0x00, 0x14, 0x00, 0x00, 0x00, 0x13, 0x00, 0x00, 0x00, 0x15, 0x00, 0x00, 0x00, 0x00,
  0x00, 0x00, 0x00, 0x00, 0x00, 0x00, 0x00, 0x4d, 0x00, 0x00, 0x00, 0x15, 0x00, 0x00, 0x00, 0x1f,
  0x00, 0x00, 0x00, 0x1f, 0x00, 0x00, 0x00, 0x15, 0x00, 0x00, 0x00, 0x00, 0x00, 0x00, 0x00, 0x00,
  0x00, 0x00, 0x00, 0x4e, 0x00, 0x00, 0x00, 0x16, 0x00, 0x00, 0x00, 0x18, 0x00, 0x00, 0x00, 0x18,
  0x00, 0x00, 0x00, 0x15, 0x00, 0x00, 0x00, 0x00, 0x00, 0x00, 0x00, 0x00, 0x00, 0x00, 0x00, 0x4f,
  0x00, 0x00, 0x00, 0x16, 0x00, 0x00, 0x00, 0x18, 0x00, 0x00, 0x00, 0x1a, 0x00, 0x00, 0x00, 0x15,
  0x00, 0x00, 0x00, 0x01, 0x00, 0x00, 0x00, 0x00, 0x00, 0x00, 0x00, 0x50, 0x00, 0x00, 0x00, 0x15,
  0x00, 0x00, 0x00, 0x14, 0x00, 0x00, 0x00, 0x14, 0x00, 0x00, 0x00, 0x15, 0x00, 0x00, 0x00, 0x00,
  0x00, 0x00, 0x00, 0x00, 0x00, 0x00, 0x00, 0x51, 0x00, 0x00, 0x00, 0x1b, 0x00, 0x00, 0x00, 0x18,
  0x00, 0x00, 0x00, 0x1a, 0x00, 0x00, 0x00, 0x15, 0x00, 0x00, 0x00, 0x01, 0x00, 0x00, 0x00, 0x00,
  0x00, 0x00, 0x00, 0x52, 0x00, 0x00, 0x00, 0x15, 0x00, 0x00, 0x00, 0x16, 0x00, 0x00, 0x00, 0x16,
  0x00, 0x00, 0x00, 0x15, 0x00, 0x00, 0x00, 0x00, 0x00, 0x00, 0x00, 0x00, 0x00, 0x00, 0x00, 0x53,
  0x00, 0x00, 0x00, 0x16, 0x00, 0x00, 0x00, 0x0e, 0x00, 0x00, 0x00, 0x10, 0x00, 0x00, 0x00, 0x15,
  0x00, 0x00, 0x00, 0x01, 0x00, 0x00, 0x00, 0x00, 0x00, 0x00, 0x00, 0x54, 0x00, 0x00, 0x00, 0x15,
  0x00, 0x00, 0x00, 0x14, 0x00, 0x00, 0x00, 0x14, 0x00, 0x00, 0x00, 0x15, 0x00, 0x00, 0x00, 0x00,
  0x00, 0x00, 0x00, 0x00, 0x00, 0x00, 0x00, 0x55, 0x00, 0x00, 0x00, 0x15, 0x00, 0x00, 0x00, 0x14,
  0x00, 0x00, 0x00, 0x14, 0x00, 0x00, 0x00, 0x15, 0x00, 0x00, 0x00, 0x00, 0x00, 0x00, 0x00, 0x00,
  0x00, 0x00, 0x00, 0x56, 0x00, 0x00, 0x00, 0x16, 0x00, 0x00, 0x00, 0x16, 0x00, 0x00, 0x00, 0x15,
  0x00, 0x00, 0x00, 0x15, 0xff, 0xff, 0xff, 0xff, 0x00, 0x00, 0x00, 0x00, 0x00, 0x00, 0x00, 0x57,
  0x00, 0x00, 0x00, 0x16, 0x00, 0x00, 0x00, 0x1f, 0x00, 0x00, 0x00, 0x1e, 0x00, 0x00, 0x00, 0x15,
  0xff, 0xff, 0xff, 0xff, 0x00, 0x00, 0x00, 0x00, 0x00, 0x00, 0x00, 0x58, 0x00, 0x00, 0x00, 0x15,
  0x00, 0x00, 0x00, 0x18, 0x00, 0x00, 0x00, 0x16, 0x00, 0x00, 0x00, 0x15, 0xff, 0xff, 0xff, 0xff,
  0x00, 0x00, 0x00, 0x00, 0x00, 0x00, 0x00, 0x59, 0x00, 0x00, 0x00, 0x15, 0x00, 0x00, 0x00, 0x17,
  0x00, 0x00, 0x00, 0x15, 0x00, 0x00, 0x00, 0x15, 0xff, 0xff, 0xff, 0xff, 0x00, 0x00, 0x00, 0x00,
  0x00, 0x00, 0x00, 0x5a, 0x00, 0x00, 0x00, 0x15, 0x00, 0x00, 0x00, 0x11, 0x00, 0x00, 0x00, 0x13,
  0x00, 0x00, 0x00, 0x15, 0x00, 0x00, 0x00, 0x01, 0x00, 0x00, 0x00, 0x00, 0x00, 0x00, 0x00, 0x5b,
  0x00, 0x00, 0x00, 0x1c, 0x00, 0x00, 0x00, 0x09, 0x00, 0x00, 0x00, 0x0d, 0x00, 0x00, 0x00, 0x15,
  0x00, 0x00, 0x00, 0x03, 0x00, 0x00, 0x00, 0x00, 0x00, 0x00, 0x00, 0x5c, 0x00, 0x00, 0x00, 0x16,
  0x00, 0x00, 0x00, 0x10, 0x00, 0x00, 0x00, 0x0f, 0x00, 0x00, 0x00, 0x15, 0x00, 0x00, 0x00, 0x00,
  0x00, 0x00, 0x00, 0x00, 0x00, 0x00, 0x00, 0x5d, 0x00, 0x00, 0x00, 0x1c, 0x00, 0x00, 0x00, 0x0a,
  0x00, 0x00, 0x00, 0x0d, 0x00, 0x00, 0x00, 0x15, 0x00, 0x00, 0x00, 0x00, 0x00, 0x00, 0x00, 0x00,
  0x00, 0x00, 0x00, 0x5e, 0x00, 0x00, 0x00, 0x0c, 0x00, 0x00, 0x00, 0x0e, 0x00, 0x00, 0x00, 0x11,
  0x00, 0x00, 0x00, 0x15, 0x00, 0x00, 0x00, 0x02, 0x00, 0x00, 0x00, 0x00, 0x00, 0x00, 0x00, 0x5f,
  0x00, 0x00, 0x00, 0x03, 0x00, 0x00, 0x00, 0x11, 0x00, 0x00, 0x00, 0x0f, 0xff, 0xff, 0xff, 0xfc,
  0xff, 0xff, 0xff, 0xff, 0x00, 0x00, 0x00, 0x00, 0x00, 0x00, 0x00, 0x60, 0x00, 0x00, 0x00, 0x05,
  0x00, 0x00, 0x00, 0x08, 0x00, 0x00, 0x00, 0x0a, 0x00, 0x00, 0x00, 0x14, 0x00, 0x00, 0x00, 0x00,
  0x00, 0x00, 0x00, 0x00, 0x00, 0x00, 0x00, 0x61, 0x00, 0x00, 0x00, 0x10, 0x00, 0x00, 0x00, 0x11,
  0x00, 0x00, 0x00, 0x11, 0x00, 0x00, 0x00, 0x0f, 0x00, 0x00, 0x00, 0x01, 0x00, 0x00, 0x00, 0x00,
  0x00, 0x00, 0x00, 0x62, 0x00, 0x00, 0x00, 0x16, 0x00, 0x00, 0x00, 0x12, 0x00, 0x00, 0x00, 0x13,
  0x00, 0x00, 0x00, 0x15, 0x00, 0x00, 0x00, 0x00, 0x00, 0x00, 0x00, 0x00, 0x00, 0x00, 0x00, 0x63,
  0x00, 0x00, 0x00, 0x10, 0x00, 0x00, 0x00, 0x10, 0x00, 0x00, 0x00, 0x11, 0x00, 0x00, 0x00, 0x0f,
  0x00, 0x00, 0x00, 0x00, 0x00, 0x00, 0x00, 0x00, 0x00, 0x00, 0x00, 0x64, 0x00, 0x00, 0x00, 0x16,
  0x00, 0x00, 0x00, 0x12, 0x00, 0x00, 0x00, 0x13, 0x00, 0x00, 0x00, 0x15, 0x00, 0x00, 0x00, 0x01,
  0x00, 0x00, 0x00, 0x00, 0x00, 0x00, 0x00, 0x65, 0x00, 0x00, 0x00, 0x10, 0x00, 0x00, 0x00, 0x10,
  0x00, 0x00, 0x00, 0x11, 0x00, 0x00, 0x00, 0x0f, 0x00, 0x00, 0x00, 0x01, 0x00, 0x00, 0x00, 0x00,
  0x00, 0x00, 0x00, 0x66, 0x00, 0x00, 0x00, 0x15, 0x00, 0x00, 0x00, 0x0e, 0x00, 0x00, 0x00, 0x0b,
  0x00, 0x00, 0x00, 0x15, 0x00, 0x00, 0x00, 0x00, 0x00, 0x00, 0x00, 0x00, 0x00, 0x00, 0x00, 0x67,
  0x00, 0x00, 0x00, 0x16, 0x00, 0x00, 0x00, 0x12, 0x00, 0x00, 0x00, 0x13, 0x00, 0x00, 0x00, 0x0f,
  0x00, 0x00, 0x00, 0x01, 0x00, 0x00, 0x00, 0x00, 0x00, 0x00, 0x00, 0x68, 0x00, 0x00, 0x00, 0x15,
  0x00, 0x00, 0x00, 0x13, 0x00, 0x00, 0x00, 0x13, 0x00, 0x00, 0x00, 0x15, 0x00, 0x00, 0x00, 0x00,
  0x00, 0x00, 0x00, 0x00, 0x00, 0x00, 0x00, 0x69, 0x00, 0x00, 0x00, 0x15, 0x00, 0x00, 0x00, 0x0a,
  0x00, 0x00, 0x00, 0x0b, 0x00, 0x00, 0x00, 0x15, 0x00, 0x00, 0x00, 0x01, 0x00, 0x00, 0x00, 0x00,
  0x00, 0x00, 0x00, 0x6a, 0x00, 0x00, 0x00, 0x1c, 0x00, 0x00, 0x00, 0x09, 0x00, 0x00, 0x00, 0x0b,
  0x00, 0x00, 0x00, 0x15, 0xff, 0xff, 0xff, 0xff, 0x00, 0x00, 0x00, 0x00, 0x00, 0x00, 0x00, 0x6b,
  0x00, 0x00, 0x00, 0x15, 0x00, 0x00, 0x00, 0x12, 0x00, 0x00, 0x00, 0x13, 0x00, 0x00, 0x00, 0x15,
  0x00, 0x00, 0x00, 0x01, 0x00, 0x00, 0x00, 0x00, 0x00, 0x00, 0x00, 0x6c, 0x00, 0x00, 0x00, 0x15,
  0x00, 0x00, 0x00, 0x09, 0x00, 0x00, 0x00, 0x0b, 0x00, 0x00, 0x00, 0x15, 0x00, 0x00, 0x00, 0x01,
  0x00, 0x00, 0x00, 0x00, 0x00, 0x00, 0x00, 0x6d, 0x00, 0x00, 0x00, 0x0f, 0x00, 0x00, 0x00, 0x1e,
  0x00, 0x00, 0x00, 0x1e, 0x00, 0x00, 0x00, 0x0f, 0x00, 0x00, 0x00, 0x00, 0x00, 0x00, 0x00, 0x00,
  0x00, 0x00, 0x00, 0x6e, 0x00, 0x00, 0x00, 0x0f, 0x00, 0x00, 0x00, 0x12, 0x00, 0x00, 0x00, 0x13,
  0x00, 0x00, 0x00, 0x0f, 0x00, 0x00, 0x00, 0x01, 0x00, 0x00, 0x00, 0x00, 0x00, 0x00, 0x00, 0x6f,
  0x00, 0x00, 0x00, 0x10, 0x00, 0x00, 0x00, 0x10, 0x00, 0x00, 0x00, 0x11, 0x00, 0x00, 0x00, 0x0f,
  0x00, 0x00, 0x00, 0x01, 0x00, 0x00, 0x00, 0x00, 0x00, 0x00, 0x00, 0x70, 0x00, 0x00, 0x00, 0x16,
  0x00, 0x00, 0x00, 0x12, 0x00, 0x00, 0x00, 0x13, 0x00, 0x00, 0x00, 0x0f, 0x00, 0x00, 0x00, 0x00,
  0x00, 0x00, 0x00, 0x00, 0x00, 0x00, 0x00, 0x71, 0x00, 0x00, 0x00, 0x16, 0x00, 0x00, 0x00, 0x12,
  0x00, 0x00, 0x00, 0x13, 0x00, 0x00, 0x00, 0x0f, 0x00, 0x00, 0x00, 0x01, 0x00, 0x00, 0x00, 0x00,
  0x00, 0x00, 0x00, 0x72, 0x00, 0x00, 0x00, 0x0f, 0x00, 0x00, 0x00, 0x0e, 0x00, 0x00, 0x00, 0x0d,
  0x00, 0x00, 0x00, 0x0f, 0x00, 0x00, 0x00, 0x00, 0x00, 0x00, 0x00, 0x00, 0x00, 0x00, 0x00, 0x73,
  0x00, 0x00, 0x00, 0x10, 0x00, 0x00, 0x00, 0x0e, 0x00, 0x00, 0x00, 0x0f, 0x00, 0x00, 0x00, 0x0f,
  0x00, 0x00, 0x00, 0x01, 0x00, 0x00, 0x00, 0x00, 0x00, 0x00, 0x00, 0x74, 0x00, 0x00, 0x00, 0x15,
  0x00, 0x00, 0x00, 0x0a, 0x00, 0x00, 0x00, 0x0a, 0x00, 0x00, 0x00, 0x14, 0x00, 0x00, 0x00, 0x00,
  0x00, 0x00, 0x00, 0x00, 0x00, 0x00, 0x00, 0x75, 0x00, 0x00, 0x00, 0x10, 0x00, 0x00, 0x00, 0x13,
  0x00, 0x00, 0x00, 0x13, 0x00, 0x00, 0x00, 0x0f, 0x00, 0x00, 0x00, 0x00, 0x00, 0x00, 0x00, 0x00,
  0x00, 0x00, 0x00, 0x76, 0x00, 0x00, 0x00, 0x10, 0x00, 0x00, 0x00, 0x13, 0x00, 0x00, 0x00, 0x11,
  0x00, 0x00, 0x00, 0x0f, 0xff, 0xff, 0xff, 0xff, 0x00, 0x00, 0x00, 0x00, 0x00, 0x00, 0x00, 0x77,
  0x00, 0x00, 0x00, 0x10, 0x00, 0x00, 0x00, 0x19, 0x00, 0x00, 0x00, 0x18, 0x00, 0x00, 0x00, 0x0f,
  0x00, 0x00, 0x00, 0x00, 0x00, 0x00, 0x00, 0x00, 0x00, 0x00, 0x00, 0x78, 0x00, 0x00, 0x00, 0x0f,
  0x00, 0x00, 0x00, 0x11, 0x00, 0x00, 0x00, 0x11, 0x00, 0x00, 0x00, 0x0f, 0x00, 0x00, 0x00, 0x00,
  0x00, 0x00, 0x00, 0x00, 0x00, 0x00, 0x00, 0x79, 0x00, 0x00, 0x00, 0x16, 0x00, 0x00, 0x00, 0x12,
  0x00, 0x00, 0x00, 0x12, 0x00, 0x00, 0x00, 0x0f, 0x00, 0x00, 0x00, 0x00, 0x00, 0x00, 0x00, 0x00,
  0x00, 0x00, 0x00, 0x7a, 0x00, 0x00, 0x00, 0x0f, 0x00, 0x00, 0x00, 0x0e, 0x00, 0x00, 0x00, 0x10,
  0x00, 0x00, 0x00, 0x0f, 0x00, 0x00, 0x00, 0x01, 0x00, 0x00, 0x00, 0x00, 0x00, 0x00, 0x00, 0x7b,
  0x00, 0x00, 0x00, 0x1c, 0x00, 0x00, 0x00, 0x0b, 0x00, 0x00, 0x00, 0x0c, 0x00, 0x00, 0x00, 0x15,
  0x00, 0x00, 0x00, 0x00, 0x00, 0x00, 0x00, 0x00, 0x00, 0x00, 0x00, 0x7c, 0x00, 0x00, 0x00, 0x1a,
  0x00, 0x00, 0x00, 0x05, 0x00, 0x00, 0x00, 0x12, 0x00, 0x00, 0x00, 0x19, 0x00, 0x00, 0x00, 0x07,
  0x00, 0x00, 0x00, 0x00, 0x00, 0x00, 0x00, 0x7d, 0x00, 0x00, 0x00, 0x1c, 0x00, 0x00, 0x00, 0x0b,
  0x00, 0x00, 0x00, 0x0c, 0x00, 0x00, 0x00, 0x15, 0x00, 0x00, 0x00, 0x00, 0x00, 0x00, 0x00, 0x00,
  0x00, 0x00, 0x00, 0x7e, 0x00, 0x00, 0x00, 0x07, 0x00, 0x00, 0x00, 0x11, 0x00, 0x00, 0x00, 0x11,
  0x00, 0x00, 0x00, 0x10, 0x00, 0x00, 0x00, 0x00, 0x00, 0x00, 0x00, 0x00, 0x00, 0x00, 0x00, 0xb0,
  0x00, 0x00, 0x00, 0x0b, 0x00, 0x00, 0x00, 0x0c, 0x00, 0x00, 0x00, 0x0c, 0x00, 0x00, 0x00, 0x15,
  0x00, 0x00, 0x00, 0x00, 0x00, 0x00, 0x00, 0x00, 0x00, 0x00, 0x20, 0x14, 0x00, 0x00, 0x00, 0x05,
  0x00, 0x00, 0x00, 0x20, 0x00, 0x00, 0x00, 0x1e, 0x00, 0x00, 0x00, 0x0a, 0xff, 0xff, 0xff, 0xff,
  0x00, 0x00, 0x00, 0x00, 0x00, 0x40, 0x40, 0x40, 0x40, 0x22, 0x00, 0xff, 0xff, 0xff, 0xff, 0x88,
  0x00, 0xff, 0xff, 0xff, 0xff, 0x88, 0x00, 0xff, 0xff, 0xff, 0xff, 0x88, 0x00, 0xff, 0xff, 0xff,
  0xff, 0x88, 0x00, 0xff, 0xff, 0xff, 0xff, 0x88, 0x00, 0xf3, 0xff, 0xff, 0xff, 0x7c, 0x00, 0xcc,
  0xff, 0xff, 0xff, 0x58, 0x00, 0xa3, 0xff, 0xff, 0xff, 0x33, 0x00, 0x79, 0xff, 0xff, 0xff, 0x0d,
  0x00, 0x50, 0xff, 0xff, 0xe7, 0x00, 0x00, 0x27, 0xff, 0xff, 0xc2, 0x00, 0x00, 0x03, 0xfc, 0xff,
  0x9c, 0x00, 0x00, 0x00, 0xd4, 0xff, 0x76, 0x00, 0x00, 0x00, 0x00, 0x00, 0x00, 0x00, 0x00, 0x00,
  0x00, 0x00, 0x00, 0x00, 0x17, 0xff, 0xff, 0xff, 0xff, 0xd4, 0x17, 0xff, 0xff, 0xff, 0xff, 0xd4,
  0x17, 0xff, 0xff, 0xff, 0xff, 0xd4, 0x17, 0xff, 0xff, 0xff, 0xff, 0xd4, 0x17, 0xff, 0xff, 0xff,
  0xff, 0xd4, 0x00, 0x38, 0xab, 0x80, 0x06, 0x00, 0x00, 0x00, 0x2f, 0xa7, 0x85, 0x0a, 0x1f, 0xf7,
  0xff, 0xff, 0x98, 0x00, 0x00, 0x15, 0xf2, 0xff, 0xff, 0xa5, 0x63, 0xff, 0xff, 0xff, 0xe2, 0x00,
  0x00, 0x55, 0xff, 0xff, 0xff, 0xee, 0x4e, 0xff, 0xff, 0xff, 0xc6, 0x00, 0x00, 0x3a, 0xff, 0xff,
  0xff, 0xce, 0x1a, 0xff, 0xff, 0xff, 0x8f, 0x00, 0x00, 0x08, 0xfc, 0xff, 0xff, 0x95, 0x00, 0xd7,
  0xff, 0xff, 0x4e, 0x00, 0x00, 0x00, 0xbe, 0xff, 0xff, 0x54, 0x00, 0x90, 0xff, 0xfe, 0x0b, 0x00,
  0x00, 0x00, 0x7a, 0xff, 0xff, 0x11, 0x00, 0x49, 0xff, 0xc7, 0x00, 0x00, 0x00, 0x00, 0x35, 0xff,
  0xd0, 0x00, 0x00, 0x07, 0xf8, 0x83, 0x00, 0x00, 0x00, 0x00, 0x01, 0xef, 0x8e, 0x00, 0x00, 0x00,
  0xba, 0x3f, 0x00, 0x00, 0x00, 0x00, 0x00, 0xad, 0x4c, 0x00, 0x00, 0x00, 0x00, 0x00, 0x00, 0x00,
  0x00, 0x00, 0x00, 0x00, 0x00, 0x00, 0x00, 0x00, 0x00, 0x00, 0x00, 0x45, 0xc0, 0xc0, 0x97, 0x00,
  0x00, 0x00, 0x00, 0x53, 0xc0, 0xc0, 0x8d, 0x00, 0x00, 0x00, 0x00, 0x00, 0x00, 0x8f, 0xff, 0xff,
  0x99, 0x00, 0x00, 0x00, 0x00, 0xa0, 0xff, 0xff, 0x8c, 0x00, 0x00, 0x00, 0x00, 0x00, 0x00, 0xc9,
  0xff, 0xff, 0x61, 0x00, 0x00, 0x00, 0x00, 0xd6, 0xff, 0xff, 0x54, 0x00, 0x00, 0x00, 0x00, 0x00,
  0x04, 0xfb, 0xff, 0xff, 0x29, 0x00, 0x00, 0x00, 0x0e, 0xff, 0xff, 0xff, 0x1c, 0x00, 0x00, 0x00,
  0x00, 0x00, 0x3c, 0xff, 0xff, 0xf1, 0x00, 0x00, 0x00, 0x00, 0x43, 0xff, 0xff, 0xe4, 0x00, 0x00,
  0x3b, 0x40, 0x40, 0x40, 0x92, 0xff, 0xff, 0xcf, 0x40, 0x40, 0x40, 0x40, 0x96, 0xff, 0xff, 0xc6,
  0x40, 0x3d, 0xec, 0xff, 0xff, 0xff, 0xff, 0xff, 0xff, 0xff, 0xff, 0xff, 0xff, 0xff, 0xff, 0xff,
  0xff, 0xff, 0xff, 0xf6, 0xec, 0xff, 0xff, 0xff, 0xff, 0xff, 0xff, 0xff, 0xff, 0xff, 0xff, 0xff,
  0xff, 0xff, 0xff, 0xff, 0xff, 0xf6, 0xec, 0xff, 0xff, 0xff, 0xff, 0xff, 0xff, 0xff, 0xff, 0xff,
  0xff, 0xff, 0xff, 0xff, 0xff, 0xff, 0xff, 0xf6, 0x00, 0x00, 0x00, 0x36, 0xff, 0xff, 0xf0, 0x00,
  0x00, 0x00, 0x00, 0x3c, 0xff, 0xff, 0xea, 0x00, 0x00, 0x00, 0x00, 0x00, 0x00, 0x6a, 0xff, 0xff,
  0xbc, 0x00, 0x00, 0x00, 0x00, 0x72, 0xff, 0xff, 0xb4, 0x00, 0x00, 0x00, 0x00, 0x00, 0x00, 0x9e,
  0xff, 0xff, 0x88, 0x00, 0x00, 0x00, 0x00, 0xa8, 0xff, 0xff, 0x7e, 0x00, 0x00, 0x00, 0x00, 0x00,
  0x00, 0xd2, 0xff, 0xff, 0x54, 0x00, 0x00, 0x00, 0x00, 0xde, 0xff, 0xff, 0x48, 0x00, 0x00, 0x00,
  0xec, 0xff, 0xff, 0xff, 0xff, 0xff, 0xff, 0xff, 0xff, 0xff, 0xff, 0xff, 0xff, 0xff, 0xff, 0xff,
  0xff, 0xf6, 0xec, 0xff, 0xff, 0xff, 0xff, 0xff, 0xff, 0xff, 0xff, 0xff, 0xff, 0xff, 0xff, 0xff,
  0xff, 0xff, 0xff, 0xf6, 0xec, 0xff, 0xff, 0xff, 0xff, 0xff, 0xff, 0xff, 0xff, 0xff, 0xff, 0xff,
  0xff, 0xff, 0xff, 0xff, 0xff, 0xf6, 0x3b, 0x40, 0xbd, 0xff, 0xff, 0x9d, 0x40, 0x40, 0x40, 0x40,
  0xbd, 0xff, 0xff, 0x9f, 0x40, 0x40, 0x40, 0x3d, 0x00, 0x00, 0xd8, 0xff, 0xff, 0x4f, 0x00, 0x00,
  0x00, 0x00, 0xd8, 0xff, 0xff, 0x4f, 0x00, 0x00, 0x00, 0x00, 0x00, 0x0e, 0xff, 0xff, 0xff, 0x1a,
  0x00, 0x00, 0x00, 0x0e, 0xff, 0xff, 0xff, 0x15, 0x00, 0x00, 0x00, 0x00, 0x00, 0x45, 0xff, 0xff,
  0xe5, 0x00, 0x00, 0x00, 0x00, 0x48, 0xff, 0xff, 0xe2, 0x00, 0x00, 0x00, 0x00, 0x00, 0x00, 0x7b,
  0xff, 0xff, 0xb0, 0x00, 0x00, 0x00, 0x00, 0x80, 0xff, 0xff, 0xac, 0x00, 0x00, 0x00, 0x00, 0x00,
  0x00, 0x80, 0xc0, 0xc0, 0x60, 0x00, 0x00, 0x00, 0x00, 0x84, 0xc0, 0xc0, 0x5c, 0x00, 0x00, 0x00,
  0x00, 0x00, 0x00, 0x00, 0x00, 0x00, 0x00, 0x0d, 0xc0, 0xc0, 0x00, 0x00, 0x00, 0x00, 0x00, 0x00,
  0x00, 0x00, 0x00, 0x00, 0x43, 0xaa, 0xe6, 0xff, 0xff, 0xe5, 0xaf, 0x5d, 0x00, 0x00, 0x00, 0x00,
  0x00, 0x00, 0x85, 0xff, 0xff, 0xff, 0xff, 0xff, 0xff, 0xff, 0xff, 0xaf, 0x0c, 0x00, 0x00, 0x00,
  0x69, 0xff, 0xff, 0xff, 0xff, 0xff, 0xff, 0xff, 0xff, 0xff, 0xff, 0xac, 0x00, 0x00, 0x05, 0xf7,
  0xff, 0xff, 0xc7, 0x3a, 0xff, 0xff, 0x49, 0xe4, 0xff, 0xff, 0xff, 0x38, 0x00, 0x2f, 0xff, 0xff,
  0xff, 0x5e, 0x11, 0xff, 0xff, 0x00, 0x6a, 0xff, 0xff, 0xff, 0x68, 0x00, 0x44, 0xff, 0xff, 0xff,
  0x72, 0x11, 0xff, 0xff, 0x00, 0x12, 0x80, 0x80, 0x80, 0x43, 0x00, 0x1e, 0xff, 0xff, 0xff, 0xee,
  0x55, 0xff, 0xff, 0x00, 0x00, 0x00, 0x00, 0x00, 0x00, 0x00, 0x00, 0xc1, 0xff, 0xff, 0xff, 0xff,
  0xff, 0xff, 0x00, 0x00, 0x00, 0x00, 0x00, 0x00, 0x00, 0x00, 0x29, 0xec, 0xff, 0xff, 0xff, 0xff,
  0xff, 0xef, 0x85, 0x17, 0x00, 0x00, 0x00, 0x00, 0x00, 0x00, 0x20, 0xcf, 0xff, 0xff, 0xff, 0xff,
  0xff, 0xff, 0xf8, 0x79, 0x01, 0x00, 0x00, 0x00, 0x00, 0x00, 0x02, 0x62, 0xe9, 0xff, 0xff, 0xff,
  0xff, 0xff, 0xff, 0xa8, 0x00, 0x00, 0x00, 0x00, 0x00, 0x00, 0x00, 0x12, 0xff, 0xff, 0xff, 0xff,
  0xff, 0xff, 0xff, 0x68, 0x00, 0x00, 0x00, 0x00, 0x00, 0x00, 0x11, 0xff, 0xff, 0x49, 0xdb, 0xff,
  0xff, 0xff, 0xf7, 0x06, 0x00, 0x00, 0x00, 0x00, 0x00, 0x11, 0xff, 0xff, 0x00, 0x04, 0xbf, 0xff,
  0xff, 0xff, 0x30, 0x79, 0xc0, 0xc0, 0xb9, 0x00, 0x10, 0xff, 0xff, 0x00, 0x00, 0x4c, 0xff, 0xff,
  0xff, 0x60, 0x88, 0xff, 0xff, 0xff, 0x1e, 0x11, 0xff, 0xff, 0x00, 0x00, 0x30, 0xff, 0xff, 0xff,
  0x4a, 0x4f, 0xff, 0xff, 0xff, 0xc0, 0x24, 0xff, 0xff, 0x00, 0x08, 0xb2, 0xff, 0xff, 0xff, 0x15,
  0x02, 0xc9, 0xff, 0xff, 0xff, 0xf2, 0xff, 0xff, 0x92, 0xe4, 0xff, 0xff, 0xff, 0x9b, 0x00, 0x00,
  0x0f, 0xc9, 0xff, 0xff, 0xff, 0xff, 0xff, 0xff, 0xff, 0xff, 0xff, 0xcd, 0x08, 0x00, 0x00, 0x00,
  0x0c, 0x72, 0xc7, 0xff, 0xff, 0xff, 0xff, 0xff, 0xf6, 0x73, 0x04, 0x00, 0x00, 0x00, 0x00, 0x00,
  0x00, 0x00, 0x29, 0xff, 0xff, 0x34, 0x1c, 0x04, 0x00, 0x00, 0x00, 0x00, 0x00, 0x00, 0x00, 0x00,
  0x00, 0x12, 0xff, 0xff, 0x00, 0x00, 0x00, 0x00, 0x00, 0x00, 0x00, 0x00, 0x00, 0x00, 0x00, 0x00,
  0x12, 0xff, 0xff, 0x00, 0x00, 0x00, 0x00, 0x00, 0x00, 0x00, 0x00, 0x00, 0x56, 0x9f, 0xb8, 0x9d,
  0x4b, 0x00, 0x00, 0x00, 0x00, 0x00, 0x00, 0x00, 0x00, 0x00, 0x00, 0x00, 0x04, 0x40, 0x40, 0x21,
  0x00, 0x00, 0x00, 0x00, 0x00, 0x74, 0xff, 0xff, 0xff, 0xff, 0xff, 0x61, 0x00, 0x00, 0x00, 0x00,
  0x00, 0x00, 0x00, 0x00, 0x00, 0x00, 0x87, 0xff, 0xf2, 0x20, 0x00, 0x00, 0x00, 0x00, 0x1f, 0xfb,
  0xff, 0xe7, 0x5d, 0xf4, 0xff, 0xf5, 0x12, 0x00, 0x00, 0x00, 0x00, 0x00, 0x00, 0x00, 0x00, 0x44,
  0xff, 0xff, 0x56, 0x00, 0x00, 0x00, 0x00, 0x00, 0x8b, 0xff, 0xff, 0x81, 0x00, 0x99, 0xff, 0xff,
  0x73, 0x00, 0x00, 0x00, 0x00, 0x00, 0x00, 0x00, 0x14, 0xe7, 0xff, 0x9c, 0x00, 0x00, 0x00, 0x00,
  0x00, 0x00, 0xb4, 0xff, 0xff, 0x53, 0x00, 0x6b, 0xff, 0xff, 0x9d, 0x00, 0x00, 0x00, 0x00, 0x00,
  0x00, 0x00, 0xba, 0xff, 0xd9, 0x0a, 0x00, 0x00, 0x00, 0x00, 0x00, 0x00, 0xd2, 0xff, 0xff, 0x45,
  0x00, 0x5c, 0xff, 0xff, 0xbc, 0x00, 0x00, 0x00, 0x00, 0x00, 0x00, 0x72, 0xff, 0xf8, 0x2b, 0x00,
  0x00, 0x00, 0x00, 0x00, 0x00, 0x00, 0xc6, 0xff, 0xff, 0x4a, 0x00, 0x61, 0xff, 0xff, 0xb0, 0x00,
  0x00, 0x00, 0x00, 0x00, 0x30, 0xfb, 0xff, 0x6d, 0x00, 0x00, 0x00, 0x00, 0x00, 0x00, 0x00, 0x00,
  0xa7, 0xff, 0xff, 0x5e, 0x00, 0x77, 0xff, 0xff, 0x91, 0x00, 0x00, 0x00, 0x00, 0x0a, 0xdc, 0xff,
  0xb3, 0x00, 0x00, 0x00, 0x00, 0x00, 0x00, 0x00, 0x00, 0x00, 0x5b, 0xff, 0xff, 0x94, 0x00, 0xbb,
  0xff, 0xff, 0x43, 0x00, 0x00, 0x00, 0x00, 0xa6, 0xff, 0xe4, 0x10, 0x00, 0x00, 0x00, 0x00, 0x00,
  0x00, 0x00, 0x00, 0x00, 0x03, 0xd8, 0xff, 0xf6, 0xd3, 0xff, 0xff, 0xc3, 0x00, 0x00, 0x00, 0x00,
  0x5e, 0xff, 0xff, 0x3e, 0x00, 0x00, 0x00, 0x00, 0x00, 0x00, 0x00, 0x00, 0x00, 0x00, 0x00, 0x0f,
  0xa4, 0xf8, 0xff, 0xf5, 0x95, 0x08, 0x00, 0x00, 0x00, 0x24, 0xf4, 0xff, 0x81, 0x00, 0x00, 0x00,
  0x00, 0x59, 0xa0, 0xb8, 0x9b, 0x45, 0x00, 0x00, 0x00, 0x00, 0x00, 0x07, 0x31, 0x04, 0x00, 0x00,
  0x00, 0x00, 0x06, 0xcf, 0xff, 0xc4, 0x02, 0x00, 0x00, 0x00, 0x7a, 0xff, 0xff, 0xff, 0xff, 0xfc,
  0x57, 0x00, 0x00, 0x00, 0x00, 0x00, 0x00, 0x00, 0x00, 0x00, 0x00, 0x00, 0x8d, 0xff, 0xf3, 0x1d,
  0x00, 0x00, 0x00, 0x24, 0xfe, 0xff, 0xc6, 0x1d, 0xe4, 0xff, 0xed, 0x09, 0x00, 0x00, 0x00, 0x00,
  0x00, 0x00, 0x00, 0x00, 0x00, 0x48, 0xff, 0xff, 0x50, 0x00, 0x00, 0x00, 0x00, 0x91, 0xff, 0xff,
  0x64, 0x00, 0x8e, 0xff, 0xff, 0x67, 0x00, 0x00, 0x00, 0x00, 0x00, 0x00, 0x00, 0x00, 0x18, 0xeb,
  0xff, 0x98, 0x00, 0x00, 0x00, 0x00, 0x00, 0xbb, 0xff, 0xff, 0x43, 0x00, 0x6d, 0xff, 0xff, 0x92,
  0x00, 0x00, 0x00, 0x00, 0x00, 0x00, 0x00, 0x01, 0xbd, 0xff, 0xd5, 0x08, 0x00, 0x00, 0x00, 0x00,
  0x00, 0xd6, 0xff, 0xff, 0x37, 0x00, 0x60, 0xff, 0xff, 0xaf, 0x00, 0x00, 0x00, 0x00, 0x00, 0x00,
  0x00, 0x79, 0xff, 0xf7, 0x2b, 0x00, 0x00, 0x00, 0x00, 0x00, 0x00, 0xca, 0xff, 0xff, 0x3d, 0x00,
  0x66, 0xff, 0xff, 0xa3, 0x00, 0x00, 0x00, 0x00, 0x00, 0x00, 0x38, 0xfc, 0xff, 0x66, 0x00, 0x00,
  0x00, 0x00, 0x00, 0x00, 0x00, 0xad, 0xff, 0xff, 0x51, 0x00, 0x7c, 0xff, 0xff, 0x84, 0x00, 0x00,
  0x00, 0x00, 0x00, 0x0d, 0xdf, 0xff, 0xaf, 0x00, 0x00, 0x00, 0x00, 0x00, 0x00, 0x00, 0x00, 0x61,
  0xff, 0xff, 0x8a, 0x00, 0xc1, 0xff, 0xff, 0x34, 0x00, 0x00, 0x00, 0x00, 0x00, 0xa8, 0xff, 0xe3,
  0x10, 0x00, 0x00, 0x00, 0x00, 0x00, 0x00, 0x00, 0x00, 0x05, 0xd9, 0xff, 0xf4, 0xd5, 0xff, 0xff,
  0xb3, 0x00, 0x00, 0x00, 0x00, 0x00, 0x62, 0xff, 0xfe, 0x3b, 0x00, 0x00, 0x00, 0x00, 0x00, 0x00,
  0x00, 0x00, 0x00, 0x00, 0x11, 0xa5, 0xe0, 0xf8, 0xdb, 0x8e, 0x07, 0x00, 0x00, 0x00, 0x00, 0x00,
  0x00, 0x00, 0x00, 0x00, 0x00, 0x00, 0x00, 0x00, 0x00, 0x00, 0x00, 0x00, 0x00, 0x00, 0x00, 0x00,
  0x00, 0x00, 0x00, 0x00, 0x00, 0x00, 0x00, 0x00, 0x00, 0x00, 0x00, 0x00, 0x0d, 0x78, 0x9f, 0xb9,
  0xa8, 0x86, 0x22, 0x00, 0x00, 0x00, 0x00, 0x00, 0x00, 0x00, 0x00, 0x00, 0x00, 0x00, 0x00, 0x00,
  0x00, 0x48, 0xec, 0xff, 0xff, 0xff, 0xff, 0xff, 0xfb, 0x80, 0x00, 0x00, 0x00, 0x00, 0x00, 0x00,
  0x00, 0x00, 0x00, 0x00, 0x00, 0x00, 0x21, 0xf2, 0xff, 0xff, 0xff, 0xff, 0xff, 0xff, 0xff, 0xff,
  0x7d, 0x00, 0x00, 0x00, 0x00, 0x00, 0x00, 0x00, 0x00, 0x00, 0x00, 0x00, 0x92, 0xff, 0xff, 0xff,
  0xbf, 0x25, 0x46, 0xe3, 0xff, 0xff, 0xec, 0x00, 0x00, 0x00, 0x00, 0x00, 0x00, 0x00, 0x00, 0x00,
  0x00, 0x00, 0xc4, 0xff, 0xff, 0xff, 0x58, 0x00, 0x00, 0x8e, 0xff, 0xff, 0xff, 0x15, 0x00, 0x00,
  0x00, 0x00, 0x00, 0x00, 0x00, 0x00, 0x00, 0x00, 0xab, 0xff, 0xff, 0xff, 0xd2, 0x06, 0x28, 0xeb,
  0xff, 0xff, 0xf0, 0x00, 0x00, 0x00, 0x00, 0x00, 0x00, 0x00, 0x00, 0x00, 0x00, 0x00, 0x66, 0xff,
  0xff, 0xff, 0xff, 0xbc, 0xf8, 0xff, 0xff, 0xff, 0x81, 0x00, 0x00, 0x00, 0x00, 0x00, 0x00, 0x00,
  0x00, 0x00, 0x00, 0x00, 0x03, 0xd7, 0xff, 0xff, 0xff, 0xff, 0xff, 0xff, 0xff, 0xc9, 0x06, 0x00,
  0x00, 0x00, 0x00, 0x00, 0x00, 0x00, 0x00, 0x00, 0x00, 0x00, 0x00, 0x8a, 0xff, 0xff, 0xff, 0xff,
  0xff, 0xf7, 0x8f, 0x10, 0x00, 0x00, 0x0c, 0x80, 0x80, 0x80, 0x80, 0x6e, 0x00, 0x00, 0x00, 0x31,
  0xc4, 0xff, 0xff, 0xff, 0xff, 0xff, 0xff, 0xe7, 0x15, 0x00, 0x00, 0x00, 0x7b, 0xff, 0xff, 0xff,
  0xff, 0xdc, 0x00, 0x00, 0x5b, 0xf9, 0xff, 0xff, 0xff, 0xff, 0xff, 0xff, 0xff, 0xff, 0xc6, 0x02,
  0x00, 0x0f, 0xf0, 0xff, 0xff, 0xff, 0xff, 0xdc, 0x00, 0x61, 0xff, 0xff, 0xff, 0xff, 0xd8, 0x3b,
  0xc5, 0xff, 0xff, 0xff, 0xff, 0x88, 0x00, 0x9c, 0xff, 0xff, 0xff, 0xd3, 0xc0, 0xa5, 0x2a, 0xfd,
  0xff, 0xff, 0xff, 0xa6, 0x06, 0x00, 0x1a, 0xea, 0xff, 0xff, 0xff, 0xff, 0x91, 0xff, 0xff, 0xff,
  0xe5, 0x0a, 0x00, 0x00, 0xa1, 0xff, 0xff, 0xff, 0xff, 0x27, 0x00, 0x00, 0x00, 0x42, 0xfe, 0xff,
  0xff, 0xff, 0xff, 0xff, 0xff, 0xff, 0x5f, 0x00, 0x00, 0x00, 0xd1, 0xff, 0xff, 0xff, 0xd9, 0x00,
  0x00, 0x00, 0x00, 0x00, 0x79, 0xff, 0xff, 0xff, 0xff, 0xff, 0xff, 0xbd, 0x00, 0x00, 0x00, 0x00,
  0xc8, 0xff, 0xff, 0xff, 0xf7, 0x09, 0x00, 0x00, 0x00, 0x00, 0x00, 0xb3, 0xff, 0xff, 0xff, 0xff,
  0xfd, 0x1b, 0x00, 0x00, 0x00, 0x00, 0x93, 0xff, 0xff, 0xff, 0xff, 0xbe, 0x16, 0x00, 0x00, 0x00,
  0x2d, 0xd7, 0xff, 0xff, 0xff, 0xff, 0xff, 0x81, 0x00, 0x00, 0x00, 0x00, 0x2a, 0xf9, 0xff, 0xff,
  0xff, 0xff, 0xec, 0xa2, 0x89, 0xb2, 0xfa, 0xff, 0xff, 0xff, 0xff, 0xff, 0xff, 0xff, 0x6d, 0x40,
  0x40, 0x37, 0x00, 0x7c, 0xff, 0xff, 0xff, 0xff, 0xff, 0xff, 0xff, 0xff, 0xff, 0xff, 0xff, 0xf1,
  0xfd, 0xff, 0xff, 0xff, 0xff, 0xff, 0xff, 0xdc, 0x00, 0x04, 0xa8, 0xff, 0xff, 0xff, 0xff, 0xff,
  0xff, 0xff, 0xff, 0xff, 0xb2, 0x19, 0x6c, 0xff, 0xff, 0xff, 0xff, 0xff, 0xff, 0xdc, 0x00, 0x00,
  0x00, 0x35, 0xb3, 0xf0, 0xff, 0xff, 0xff, 0xf4, 0xca, 0x54, 0x00, 0x00, 0x00, 0x9e, 0xff, 0xff,
  0xff, 0xff, 0xff, 0xdc, 0x00, 0x00, 0x00, 0x00, 0x00, 0x00, 0x1a, 0x37, 0x17, 0x00, 0x00, 0x00,
  0x00, 0x00, 0x00, 0x00, 0x00, 0x00, 0x00, 0x00, 0x00, 0x00, 0x08, 0x84, 0xaa, 0x33, 0x00, 0x9c,
  0xff, 0xff, 0xf5, 0x19, 0xe6, 0xff, 0xff, 0xff, 0x58, 0xd9, 0xff, 0xff, 0xff, 0x3d, 0xa6, 0xff,
  0xff, 0xfc, 0x0a, 0x61, 0xff, 0xff, 0xc4, 0x00, 0x15, 0xff, 0xff, 0x80, 0x00, 0x00, 0xd3, 0xff,
  0x3d, 0x00, 0x00, 0x8b, 0xf4, 0x04, 0x00, 0x00, 0x44, 0xb5, 0x00, 0x00, 0x00, 0x00, 0x00, 0x00,
  0x00, 0x00, 0x00, 0x00, 0x00, 0x00, 0x00, 0x01, 0x56, 0x51, 0x00, 0x00, 0x00, 0x00, 0x00, 0x12,
  0xc5, 0xff, 0x79, 0x00, 0x00, 0x00, 0x00, 0x1a, 0xda, 0xff, 0xff, 0x7b, 0x00, 0x00, 0x00, 0x0c,
  0xd6, 0xff, 0xff, 0xde, 0x30, 0x00, 0x00, 0x02, 0xb8, 0xff, 0xff, 0xe7, 0x10, 0x00, 0x00, 0x00,
  0x63, 0xff, 0xff, 0xff, 0x53, 0x00, 0x00, 0x00, 0x07, 0xe6, 0xff, 0xff, 0xdd, 0x02, 0x00, 0x00,
  0x00, 0x74, 0xff, 0xff, 0xff, 0x98, 0x00, 0x00, 0x00, 0x00, 0xd5, 0xff, 0xff, 0xff, 0x61, 0x00,
  0x00, 0x00, 0x12, 0xff, 0xff, 0xff, 0xff, 0x3f, 0x00, 0x00, 0x00, 0x54, 0xff, 0xff, 0xff, 0xff,
  0x23, 0x00, 0x00, 0x00, 0x7b, 0xff, 0xff, 0xff, 0xff, 0x13, 0x00, 0x00, 0x00, 0x8b, 0xff, 0xff,
  0xff, 0xff, 0x0d, 0x00, 0x00, 0x00, 0x98, 0xff, 0xff, 0xff, 0xff, 0x07, 0x00, 0x00, 0x00, 0x8b,
  0xff, 0xff, 0xff, 0xff, 0x0a, 0x00, 0x00, 0x00, 0x71, 0xff, 0xff, 0xff, 0xff, 0x10, 0x00, 0x00,
  0x00, 0x57, 0xff, 0xff, 0xff, 0xff, 0x15, 0x00, 0x00, 0x00, 0x3d, 0xff, 0xff, 0xff, 0xff, 0x26,
  0x00, 0x00, 0x00, 0x0c, 0xf7, 0xff, 0xff, 0xff, 0x42, 0x00, 0x00, 0x00, 0x00, 0xa5, 0xff, 0xff,
  0xff, 0x6e, 0x00, 0x00, 0x00, 0x00, 0x48, 0xff, 0xff, 0xff, 0xa8, 0x00, 0x00, 0x00, 0x00, 0x03,
  0xe7, 0xff, 0xff, 0xf6, 0x0c, 0x00, 0x00, 0x00, 0x00, 0x49, 0xff, 0xff, 0xff, 0x6f, 0x00, 0x00,
  0x00, 0x00, 0x00, 0x98, 0xff, 0xff, 0xf3, 0x35, 0x00, 0x00, 0x00, 0x00, 0x03, 0xba, 0xff, 0xff,
  0xfa, 0x4e, 0x00, 0x00, 0x00, 0x00, 0x0c, 0xab, 0xff, 0xff, 0x79, 0x00, 0x00, 0x00, 0x00, 0x00,
  0x00, 0x5f, 0xeb, 0x7a, 0x00, 0x00, 0x00, 0x00, 0x00, 0x00, 0x00, 0x0b, 0x2e, 0x28, 0x75, 0x10,
  0x00, 0x00, 0x00, 0x00, 0x00, 0x00, 0x38, 0xff, 0xed, 0x39, 0x00, 0x00, 0x00, 0x00, 0x00, 0x38,
  0xff, 0xff, 0xf9, 0x55, 0x00, 0x00, 0x00, 0x00, 0x11, 0xb9, 0xff, 0xff, 0xff, 0x5d, 0x00, 0x00,
  0x00, 0x00, 0x01, 0xa7, 0xff, 0xff, 0xfe, 0x37, 0x00, 0x00, 0x00, 0x00, 0x15, 0xf9, 0xff, 0xff,
  0xdd, 0x07, 0x00, 0x00, 0x00, 0x00, 0xab, 0xff, 0xff, 0xff, 0x5b, 0x00, 0x00, 0x00, 0x00, 0x55,
  0xff, 0xff, 0xff, 0xb8, 0x00, 0x00, 0x00, 0x00, 0x17, 0xff, 0xff, 0xff, 0xff, 0x1b, 0x00, 0x00,
  0x00, 0x00, 0xfa, 0xff, 0xff, 0xff, 0x58, 0x00, 0x00, 0x00, 0x00, 0xdf, 0xff, 0xff, 0xff, 0x78,
  0x00, 0x00, 0x00, 0x00, 0xd1, 0xff, 0xff, 0xff, 0x98, 0x00, 0x00, 0x00, 0x00, 0xcc, 0xff, 0xff,
  0xff, 0xb8, 0x00, 0x00, 0x00, 0x00, 0xc7, 0xff, 0xff, 0xff, 0xd6, 0x00, 0x00, 0x00, 0x00, 0xca,
  0xff, 0xff, 0xff, 0xca, 0x00, 0x00, 0x00, 0x00, 0xd0, 0xff, 0xff, 0xff, 0xad, 0x00, 0x00, 0x00,
  0x00, 0xd7, 0xff, 0xff, 0xff, 0x8f, 0x00, 0x00, 0x00, 0x00, 0xe8, 0xff, 0xff, 0xff, 0x71, 0x00,
  0x00, 0x00, 0x04, 0xfe, 0xff, 0xff, 0xff, 0x33, 0x00, 0x00, 0x00, 0x3c, 0xff, 0xff, 0xff, 0xd7,
  0x00, 0x00, 0x00, 0x00, 0x90, 0xff, 0xff, 0xff, 0x73, 0x00, 0x00, 0x00, 0x00, 0xe8, 0xff, 0xff,
  0xfd, 0x15, 0x00, 0x00, 0x00, 0x7d, 0xff, 0xff, 0xff, 0x92, 0x00, 0x00, 0x00, 0x57, 0xff, 0xff,
  0xff, 0xc0, 0x03, 0x00, 0x00, 0x22, 0xfb, 0xff, 0xff, 0xd9, 0x0e, 0x00, 0x00, 0x00, 0x38, 0xff,
  0xff, 0xaa, 0x12, 0x00, 0x00, 0x00, 0x00, 0x38, 0xed, 0x4e, 0x00, 0x00, 0x00, 0x00, 0x00, 0x00,
  0x18, 0x15, 0x00, 0x00, 0x00, 0x00, 0x00, 0x00, 0x00, 0x00, 0x00, 0x00, 0x00, 0x00, 0x10, 0x40,
  0x40, 0x40, 0x14, 0x00, 0x00, 0x00, 0x00, 0x00, 0x00, 0x00, 0x00, 0x00, 0x00, 0x40, 0xff, 0xff,
  0xff, 0x52, 0x00, 0x00, 0x00, 0x00, 0x00, 0x00, 0x00, 0x00, 0x00, 0x00, 0x40, 0xff, 0xff, 0xff,
  0x52, 0x00, 0x00, 0x00, 0x00, 0x00, 0x00, 0x00, 0x00, 0x00, 0x00, 0x12, 0xf8, 0xff, 0xfb, 0x1a,
  0x00, 0x00, 0x00, 0x00, 0x00, 0x00, 0xcb, 0xa1, 0x49, 0x00, 0x00, 0xa3, 0xff, 0xa4, 0x00, 0x00,
  0x2f, 0x8f, 0xda, 0x0b, 0x30, 0xff, 0xff, 0xff, 0x67, 0x00, 0x70, 0xff, 0x6b, 0x00, 0x53, 0xf7,
  0xff, 0xff, 0x53, 0x85, 0xff, 0xff, 0xff, 0xfe, 0x94, 0x65, 0xff, 0x73, 0xac, 0xff, 0xff, 0xff,
  0xff, 0xa6, 0x7c, 0xec, 0xff, 0xff, 0xff, 0xff, 0xff, 0xff, 0xff, 0xff, 0xff, 0xff, 0xff, 0xf5,
  0x97, 0x00, 0x01, 0x32, 0x18, 0x1a, 0x40, 0xd3, 0xff, 0xf8, 0x5e, 0x25, 0x0c, 0x34, 0x07, 0x00,
  0x00, 0x00, 0x00, 0x00, 0x06, 0xa3, 0xff, 0xb4, 0xff, 0xbc, 0x07, 0x00, 0x00, 0x00, 0x00, 0x00,
  0x00, 0x00, 0x47, 0xd9, 0xff, 0xdc, 0x04, 0xd1, 0xff, 0xe2, 0x69, 0x00, 0x00, 0x00, 0x00, 0x00,
  0x2f, 0xf9, 0xff, 0xff, 0x86, 0x00, 0x60, 0xff, 0xff, 0xff, 0x75, 0x00, 0x00, 0x00, 0x00, 0xd4,
  0xff, 0xff, 0xff, 0x57, 0x00, 0x1f, 0xff, 0xff, 0xff, 0xfc, 0x2a, 0x00, 0x00, 0x00, 0x31, 0xe1,
  0xff, 0xd4, 0x04, 0x00, 0x00, 0x8e, 0xff, 0xfb, 0x71, 0x00, 0x00, 0x00, 0x00, 0x00, 0x0f, 0xb8,
  0x31, 0x00, 0x00, 0x00, 0x06, 0xbf, 0x36, 0x00, 0x00, 0x00, 0x00, 0x00, 0x00, 0x00, 0x00, 0x00,
  0x00, 0x33, 0x40, 0x40, 0x34, 0x00, 0x00, 0x00, 0x00, 0x00, 0x00, 0x00, 0x00, 0x00, 0x00, 0x00,
  0x00, 0x00, 0x00, 0xcf, 0xff, 0xff, 0xd2, 0x00, 0x00, 0x00, 0x00, 0x00, 0x00, 0x00, 0x00, 0x00,
  0x00, 0x00, 0x00, 0x00, 0x00, 0xcf, 0xff, 0xff, 0xd2, 0x00, 0x00, 0x00, 0x00, 0x00, 0x00, 0x00,
  0x00, 0x00, 0x00, 0x00, 0x00, 0x00, 0x00, 0xcf, 0xff, 0xff, 0xd2, 0x00, 0x00, 0x00, 0x00, 0x00,
  0x00, 0x00, 0x00, 0x00, 0x00, 0x00, 0x00, 0x00, 0x00, 0xcf, 0xff, 0xff, 0xd2, 0x00, 0x00, 0x00,
  0x00, 0x00, 0x00, 0x00, 0x00, 0x00, 0x00, 0x00, 0x00, 0x00, 0x00, 0xcf, 0xff, 0xff, 0xd2, 0x00,
  0x00, 0x00, 0x00, 0x00, 0x00, 0x00, 0x00, 0x00, 0x00, 0x00, 0x00, 0x00, 0x00, 0xcf, 0xff, 0xff,
  0xd2, 0x00, 0x00, 0x00, 0x00, 0x00, 0x00, 0x00, 0x2b, 0xc0, 0xc0, 0xc0, 0xc0, 0xc0, 0xc0, 0xf3,
  0xff, 0xff, 0xf4, 0xc0, 0xc0, 0xc0, 0xc0, 0xc0, 0xc0, 0x2d, 0x3b, 0xff, 0xff, 0xff, 0xff, 0xff,
  0xff, 0xff, 0xff, 0xff, 0xff, 0xff, 0xff, 0xff, 0xff, 0xff, 0xff, 0x3d, 0x3b, 0xff, 0xff, 0xff,
  0xff, 0xff, 0xff, 0xff, 0xff, 0xff, 0xff, 0xff, 0xff, 0xff, 0xff, 0xff, 0xff, 0x3d, 0x2b, 0xc0,
  0xc0, 0xc0, 0xc0, 0xc0, 0xc0, 0xf3, 0xff, 0xff, 0xf4, 0xc0, 0xc0, 0xc0, 0xc0, 0xc0, 0xc0, 0x2d,
  0x00, 0x00, 0x00, 0x00, 0x00, 0x00, 0x00, 0xcf, 0xff, 0xff, 0xd2, 0x00, 0x00, 0x00, 0x00, 0x00,
  0x00, 0x00, 0x00, 0x00, 0x00, 0x00, 0x00, 0x00, 0x00, 0xcf, 0xff, 0xff, 0xd2, 0x00, 0x00, 0x00,
  0x00, 0x00, 0x00, 0x00, 0x00, 0x00, 0x00, 0x00, 0x00, 0x00, 0x00, 0xcf, 0xff, 0xff, 0xd2, 0x00,
  0x00, 0x00, 0x00, 0x00, 0x00, 0x00, 0x00, 0x00, 0x00, 0x00, 0x00, 0x00, 0x00, 0xcf, 0xff, 0xff,
  0xd2, 0x00, 0x00, 0x00, 0x00, 0x00, 0x00, 0x00, 0x00, 0x00, 0x00, 0x00, 0x00, 0x00, 0x00, 0xcf,
  0xff, 0xff, 0xd2, 0x00, 0x00, 0x00, 0x00, 0x00, 0x00, 0x00, 0x00, 0x00, 0x00, 0x00, 0x00, 0x00,
  0x00, 0xcf, 0xff, 0xff, 0xd2, 0x00, 0x00, 0x00, 0x00, 0x00, 0x00, 0x00, 0x00, 0x00, 0x00, 0x00,
  0x00, 0x00, 0x00, 0x33, 0x40, 0x40, 0x34, 0x00, 0x00, 0x00, 0x00, 0x00, 0x00, 0x00, 0x1f, 0xff,
  0xff, 0xff, 0xff, 0xc5, 0x1f, 0xff, 0xff, 0xff, 0xff, 0xc5, 0x1f, 0xff, 0xff, 0xff, 0xff, 0xc5,
  0x1f, 0xff, 0xff, 0xff, 0xff, 0xc5, 0x1d, 0xff, 0xff, 0xff, 0xff, 0xc3, 0x00, 0x00, 0x00, 0xbf,
  0xff, 0xb7, 0x00, 0x00, 0x04, 0xe7, 0xff, 0xa6, 0x00, 0x13, 0xa2, 0xff, 0xff, 0x71, 0x16, 0xf7,
  0xff, 0xff, 0xf0, 0x14, 0x1d, 0xff, 0xff, 0xd9, 0x31, 0x00, 0x07, 0x40, 0x34, 0x00, 0x00, 0x00,
  0x00, 0x0f, 0x0f, 0x0f, 0x0f, 0x0f, 0x0f, 0x0f, 0x0f, 0x00, 0x00, 0xff, 0xff, 0xff, 0xff, 0xff,
  0xff, 0xff, 0xff, 0x2d, 0x00, 0xff, 0xff, 0xff, 0xff, 0xff, 0xff, 0xff, 0xff, 0x2d, 0x00, 0xff,
  0xff, 0xff, 0xff, 0xff, 0xff, 0xff, 0xff, 0x2d, 0x00, 0xe5, 0xe5, 0xe5, 0xe5, 0xe5, 0xe5, 0xe5,
  0xe5, 0x29, 0x23, 0xea, 0xea, 0xea, 0xea, 0xad, 0x26, 0xff, 0xff, 0xff, 0xff, 0xbc, 0x26, 0xff,
  0xff, 0xff, 0xff, 0xbc, 0x26, 0xff, 0xff, 0xff, 0xff, 0xbc, 0x26, 0xff, 0xff, 0xff, 0xff, 0xbc,
  0x00, 0x00, 0x00, 0x00, 0x00, 0x00, 0x00, 0x00, 0x00, 0x00, 0x2f, 0xbf, 0xbf, 0xbf, 0xb0, 0x03,
  0x00, 0x00, 0x00, 0x00, 0x00, 0x00, 0x00, 0x00, 0x00, 0x00, 0xb0, 0xff, 0xff, 0xff, 0x80, 0x00,
  0x00, 0x00, 0x00, 0x00, 0x00, 0x00, 0x00, 0x00, 0x00, 0x2f, 0xff, 0xff, 0xff, 0xe7, 0x0f, 0x00,
  0x00, 0x00, 0x00, 0x00, 0x00, 0x00, 0x00, 0x00, 0x00, 0xb8, 0xff, 0xff, 0xff, 0x70, 0x00, 0x00,
  0x00, 0x00, 0x00, 0x00, 0x00, 0x00, 0x00, 0x00, 0x40, 0xff, 0xff, 0xff, 0xe7, 0x08, 0x00, 0x00,
  0x00, 0x00, 0x00, 0x00, 0x00, 0x00, 0x00, 0x00, 0xc0, 0xff, 0xff, 0xff, 0x70, 0x00, 0x00, 0x00,
  0x00, 0x00, 0x00, 0x00, 0x00, 0x00, 0x00, 0x40, 0xff, 0xff, 0xff, 0xdd, 0x08, 0x00, 0x00, 0x00,
  0x00, 0x00, 0x00, 0x00, 0x00, 0x00, 0x00, 0xc1, 0xff, 0xff, 0xff, 0x60, 0x00, 0x00, 0x00, 0x00,
  0x00, 0x00, 0x00, 0x00, 0x00, 0x00, 0x50, 0xff, 0xff, 0xff, 0xdd, 0x03, 0x00, 0x00, 0x00, 0x00,
  0x00, 0x00, 0x00, 0x00, 0x00, 0x00, 0xd0, 0xff, 0xff, 0xff, 0x60, 0x00, 0x00, 0x00, 0x00, 0x00,
  0x00, 0x00, 0x00, 0x00, 0x00, 0x50, 0xff, 0xff, 0xff, 0xd0, 0x03, 0x00, 0x00, 0x00, 0x00, 0x00,
  0x00, 0x00, 0x00, 0x00, 0x03, 0xd0, 0xff, 0xff, 0xff, 0x50, 0x00, 0x00, 0x00, 0x00, 0x00, 0x00,
  0x00, 0x00, 0x00, 0x00, 0x60, 0xff, 0xff, 0xff, 0xd0, 0x00, 0x00, 0x00, 0x00, 0x00, 0x00, 0x00,
  0x00, 0x00, 0x00, 0x03, 0xdd, 0xff, 0xff, 0xff, 0x50, 0x00, 0x00, 0x00, 0x00, 0x00, 0x00, 0x00,
  0x00, 0x00, 0x00, 0x60, 0xff, 0xff, 0xff, 0xc1, 0x00, 0x00, 0x00, 0x00, 0x00, 0x00, 0x00, 0x00,
  0x00, 0x00, 0x08, 0xdd, 0xff, 0xff, 0xff, 0x40, 0x00, 0x00, 0x00, 0x00, 0x00, 0x00, 0x00, 0x00,
  0x00, 0x00, 0x70, 0xff, 0xff, 0xff, 0xc0, 0x00, 0x00, 0x00, 0x00, 0x00, 0x00, 0x00, 0x00, 0x00,
  0x00, 0x08, 0xe7, 0xff, 0xff, 0xff, 0x40, 0x00, 0x00, 0x00, 0x00, 0x00, 0x00, 0x00, 0x00, 0x00,
  0x00, 0x70, 0xff, 0xff, 0xff, 0xb8, 0x00, 0x00, 0x00, 0x00, 0x00, 0x00, 0x00, 0x00, 0x00, 0x00,
  0x0f, 0xe7, 0xff, 0xff, 0xff, 0x2f, 0x00, 0x00, 0x00, 0x00, 0x00, 0x00, 0x00, 0x00, 0x00, 0x00,
  0x80, 0xff, 0xff, 0xff, 0xb0, 0x00, 0x00, 0x00, 0x00, 0x00, 0x00, 0x00, 0x00, 0x00, 0x00, 0x00,
  0x34, 0x40, 0x40, 0x40, 0x18, 0x00, 0x00, 0x00, 0x00, 0x00, 0x00, 0x00, 0x00, 0x00, 0x00, 0x00,
  0x00, 0x00, 0x00, 0x00, 0x0d, 0x4b, 0x8a, 0xb0, 0x75, 0x35, 0x03, 0x00, 0x00, 0x00, 0x00, 0x00,
  0x00, 0x00, 0x3f, 0xf5, 0xff, 0xff, 0xff, 0xff, 0xff, 0xce, 0x13, 0x00, 0x00, 0x00, 0x00, 0x00,
  0x4f, 0xfa, 0xff, 0xff, 0xff, 0xff, 0xff, 0xff, 0xff, 0xdb, 0x1d, 0x00, 0x00, 0x00, 0x14, 0xfc,
  0xff, 0xff, 0xff, 0xde, 0x9d, 0xf6, 0xff, 0xff, 0xff, 0xbc, 0x00, 0x00, 0x00, 0x78, 0xff, 0xff,
  0xff, 0xed, 0x08, 0x00, 0x49, 0xff, 0xff, 0xff, 0xff, 0x24, 0x00, 0x01, 0xe1, 0xff, 0xff, 0xff,
  0x87, 0x00, 0x00, 0x00, 0xdb, 0xff, 0xff, 0xff, 0x8b, 0x00, 0x25, 0xff, 0xff, 0xff, 0xff, 0x59,
  0x00, 0x00, 0x00, 0xab, 0xff, 0xff, 0xff, 0xd0, 0x00, 0x44, 0xff, 0xff, 0xff, 0xff, 0x2d, 0x00,
  0x00, 0x00, 0x7e, 0xff, 0xff, 0xff, 0xee, 0x00, 0x62, 0xff, 0xff, 0xff, 0xff, 0x12, 0x00, 0x00,
  0x00, 0x62, 0xff, 0xff, 0xff, 0xff, 0x0a, 0x80, 0xff, 0xff, 0xff, 0xff, 0x09, 0x00, 0x00, 0x00,
  0x58, 0xff, 0xff, 0xff, 0xff, 0x2b, 0x9b, 0xff, 0xff, 0xff, 0xff, 0x01, 0x00, 0x00, 0x00, 0x4d,
  0xff, 0xff, 0xff, 0xff, 0x47, 0x93, 0xff, 0xff, 0xff, 0xff, 0x09, 0x00, 0x00, 0x00, 0x54, 0xff,
  0xff, 0xff, 0xff, 0x40, 0x7a, 0xff, 0xff, 0xff, 0xff, 0x15, 0x00, 0x00, 0x00, 0x62, 0xff, 0xff,
  0xff, 0xff, 0x26, 0x61, 0xff, 0xff, 0xff, 0xff, 0x21, 0x00, 0x00, 0x00, 0x70, 0xff, 0xff, 0xff,
  0xff, 0x0d, 0x48, 0xff, 0xff, 0xff, 0xff, 0x3e, 0x00, 0x00, 0x00, 0x8f, 0xff, 0xff, 0xff, 0xf5,
  0x00, 0x0f, 0xf8, 0xff, 0xff, 0xff, 0x6c, 0x00, 0x00, 0x00, 0xc1, 0xff, 0xff, 0xff, 0xb4, 0x00,
  0x00, 0xa4, 0xff, 0xff, 0xff, 0xb4, 0x00, 0x00, 0x14, 0xf6, 0xff, 0xff, 0xff, 0x4f, 0x00, 0x00,
  0x3f, 0xff, 0xff, 0xff, 0xff, 0x68, 0x1e, 0xad, 0xff, 0xff, 0xff, 0xe7, 0x02, 0x00, 0x00, 0x00,
  0xc5, 0xff, 0xff, 0xff, 0xff, 0xff, 0xff, 0xff, 0xff, 0xff, 0x6f, 0x00, 0x00, 0x00, 0x00, 0x09,
  0xbe, 0xff, 0xff, 0xff, 0xff, 0xff, 0xff, 0xfe, 0x6c, 0x00, 0x00, 0x00, 0x00, 0x00, 0x00, 0x05,
  0xad, 0xff, 0xff, 0xff, 0xff, 0xfb, 0x58, 0x00, 0x00, 0x00, 0x00, 0x00, 0x00, 0x00, 0x00, 0x00,
  0x11, 0x2b, 0x3a, 0x22, 0x07, 0x00, 0x00, 0x00, 0x00, 0x00, 0x30, 0x40, 0x40, 0x40, 0x40, 0x40,
  0x40, 0x2d, 0x00, 0x00, 0x00, 0xc3, 0xff, 0xff, 0xff, 0xff, 0xff, 0xff, 0xb6, 0x00, 0x00, 0x00,
  0xc3, 0xff, 0xff, 0xff, 0xff, 0xff, 0xff, 0xb6, 0x00, 0x00, 0x00, 0xc3, 0xff, 0xff, 0xff, 0xff,
  0xff, 0xff, 0xb6, 0x00, 0x00, 0x00, 0x00, 0x00, 0x00, 0xc3, 0xff, 0xff, 0xff, 0xb6, 0x00, 0x00,
  0x00, 0x00, 0x00, 0x00, 0xc3, 0xff, 0xff, 0xff, 0xb6, 0x00, 0x00, 0x00, 0x00, 0x00, 0x00, 0xc3,
  0xff, 0xff, 0xff, 0xb6, 0x00, 0x00, 0x00, 0x00, 0x00, 0x00, 0xc3, 0xff, 0xff, 0xff, 0xb6, 0x00,
  0x00, 0x00, 0x00, 0x00, 0x00, 0xc3, 0xff, 0xff, 0xff, 0xb6, 0x00, 0x00, 0x00, 0x00, 0x00, 0x00,
  0xc3, 0xff, 0xff, 0xff, 0xb6, 0x00, 0x00, 0x00, 0x00, 0x00, 0x00, 0xc3, 0xff, 0xff, 0xff, 0xb6,
  0x00, 0x00, 0x00, 0x00, 0x00, 0x00, 0xc3, 0xff, 0xff, 0xff, 0xb6, 0x00, 0x00, 0x00, 0x00, 0x00,
  0x00, 0xc3, 0xff, 0xff, 0xff, 0xb6, 0x00, 0x00, 0x00, 0x00, 0x00, 0x00, 0xc3, 0xff, 0xff, 0xff,
  0xb6, 0x00, 0x00, 0x00, 0x00, 0x00, 0x00, 0xc3, 0xff, 0xff, 0xff, 0xb6, 0x00, 0x00, 0x00, 0x00,
  0x00, 0x00, 0xc3, 0xff, 0xff, 0xff, 0xb6, 0x00, 0x00, 0x00, 0x00, 0x00, 0x00, 0xc3, 0xff, 0xff,
  0xff, 0xb6, 0x00, 0x00, 0x00, 0x25, 0x40, 0x40, 0xd1, 0xff, 0xff, 0xff, 0xc8, 0x40, 0x40, 0x18,
  0x94, 0xff, 0xff, 0xff, 0xff, 0xff, 0xff, 0xff, 0xff, 0xff, 0x61, 0x94, 0xff, 0xff, 0xff, 0xff,
  0xff, 0xff, 0xff, 0xff, 0xff, 0x61, 0x94, 0xff, 0xff, 0xff, 0xff, 0xff, 0xff, 0xff, 0xff, 0xff,
  0x61, 0x00, 0x00, 0x00, 0x00, 0x3a, 0x82, 0xa9, 0xb1, 0x7c, 0x44, 0x01, 0x00, 0x00, 0x00, 0x00,
  0x00, 0x2e, 0xcf, 0xff, 0xff, 0xff, 0xff, 0xff, 0xff, 0xd5, 0x4c, 0x00, 0x00, 0x00, 0x19, 0xed,
  0xff, 0xff, 0xff, 0xff, 0xff, 0xff, 0xff, 0xff, 0xfd, 0x37, 0x00, 0x00, 0xa0, 0xff, 0xff, 0xff,
  0xe7, 0x92, 0xbb, 0xff, 0xff, 0xff, 0xff, 0xe3, 0x01, 0x0e, 0xf9, 0xff, 0xff, 0xf7, 0x20, 0x00,
  0x00, 0x8a, 0xff, 0xff, 0xff, 0xff, 0x20, 0x36, 0xff, 0xff, 0xff, 0xa6, 0x00, 0x00, 0x00, 0x4c,
  0xff, 0xff, 0xff, 0xff, 0x4d, 0x4f, 0xff, 0xff, 0xff, 0x76, 0x00, 0x00, 0x00, 0x6f, 0xff, 0xff,
  0xff, 0xff, 0x4f, 0x32, 0x90, 0xa1, 0xb2, 0x47, 0x00, 0x00, 0x02, 0xd6, 0xff, 0xff, 0xff, 0xff,
  0x22, 0x00, 0x00, 0x00, 0x00, 0x00, 0x00, 0x00, 0x85, 0xff, 0xff, 0xff, 0xff, 0xbc, 0x00, 0x00,
  0x00, 0x00, 0x00, 0x00, 0x00, 0x78, 0xff, 0xff, 0xff, 0xff, 0xeb, 0x1e, 0x00, 0x00, 0x00, 0x00,
  0x00, 0x00, 0x86, 0xff, 0xff, 0xff, 0xff, 0xea, 0x29, 0x00, 0x00, 0x00, 0x00, 0x00, 0x01, 0x97,
  0xff, 0xff, 0xff, 0xff, 0xcc, 0x1d, 0x00, 0x00, 0x00, 0x00, 0x00, 0x00, 0x9b, 0xff, 0xff, 0xff,
  0xff, 0x86, 0x04, 0x00, 0x00, 0x00, 0x00, 0x00, 0x00, 0x75, 0xff, 0xff, 0xff, 0xee, 0x40, 0x00,
  0x00, 0x00, 0x00, 0x00, 0x00, 0x00, 0x1b, 0xf6, 0xff, 0xff, 0xe6, 0x28, 0x00, 0x00, 0x00, 0x00,
  0x00, 0x00, 0x00, 0x00, 0xa1, 0xff, 0xff, 0xff, 0x3a, 0x00, 0x00, 0x00, 0x00, 0xb8, 0xff, 0xff,
  0x88, 0x1c, 0xfe, 0xff, 0xff, 0xba, 0x00, 0x00, 0x00, 0x00, 0x00, 0xb8, 0xff, 0xff, 0x80, 0x6c,
  0xff, 0xff, 0xff, 0x93, 0x40, 0x40, 0x40, 0x40, 0x40, 0xca, 0xff, 0xff, 0x78, 0x91, 0xff, 0xff,
  0xff, 0xff, 0xff, 0xff, 0xff, 0xff, 0xff, 0xff, 0xff, 0xff, 0x71, 0xa4, 0xff, 0xff, 0xff, 0xff,
  0xff, 0xff, 0xff, 0xff, 0xff, 0xff, 0xff, 0xff, 0x69, 0xac, 0xff, 0xff, 0xff, 0xff, 0xff, 0xff,
  0xff, 0xff, 0xff, 0xff, 0xff, 0xff, 0x61, 0x00, 0x00, 0x00, 0x00, 0x23, 0x6a, 0x9a, 0xb9, 0xa2,
  0x87, 0x21, 0x00, 0x00, 0x00, 0x00, 0x00, 0x00, 0x19, 0xa3, 0xfe, 0xff, 0xff, 0xff, 0xff, 0xff,
  0xf7, 0x73, 0x00, 0x00, 0x00, 0x00, 0x04, 0xc9, 0xff, 0xff, 0xff, 0xff, 0xff, 0xff, 0xff, 0xff,
  0xff, 0x60, 0x00, 0x00, 0x00, 0x76, 0xff, 0xff, 0xff, 0xf8, 0x9f, 0xae, 0xfe, 0xff, 0xff, 0xff,
  0xf5, 0x11, 0x00, 0x00, 0xbd, 0xff, 0xff, 0xff, 0x38, 0x00, 0x00, 0x5d, 0xff, 0xff, 0xff, 0xff,
  0x46, 0x00, 0x02, 0xf3, 0xff, 0xff, 0xd2, 0x00, 0x00, 0x00, 0x00, 0xf3, 0xff, 0xff, 0xff, 0x74,
  0x00, 0x00, 0x0a, 0x1b, 0x2b, 0x2d, 0x00, 0x00, 0x00, 0x08, 0xfd, 0xff, 0xff, 0xff, 0x69, 0x00,
  0x00, 0x00, 0x00, 0x00, 0x00, 0x00, 0x00, 0x04, 0x92, 0xff, 0xff, 0xff, 0xff, 0x30, 0x00, 0x00,
  0x00, 0x00, 0x00, 0x00, 0x1c, 0xa2, 0xe3, 0xff, 0xff, 0xff, 0xff, 0xaf, 0x00, 0x00, 0x00, 0x00,
  0x00, 0x00, 0x00, 0x38, 0xff, 0xff, 0xff, 0xff, 0xff, 0xa7, 0x08, 0x00, 0x00, 0x00, 0x00, 0x00,
  0x00, 0x00, 0x38, 0xff, 0xff, 0xff, 0xff, 0xdf, 0x4f, 0x00, 0x00, 0x00, 0x00, 0x00, 0x00, 0x00,
  0x00, 0x38, 0xff, 0xff, 0xff, 0xff, 0xff, 0xff, 0xb5, 0x0a, 0x00, 0x00, 0x00, 0x00, 0x00, 0x00,
  0x00, 0x02, 0x2e, 0x9a, 0xff, 0xff, 0xff, 0xff, 0x8b, 0x00, 0x00, 0x00, 0x00, 0x00, 0x00, 0x00,
  0x00, 0x00, 0x00, 0xc6, 0xff, 0xff, 0xff, 0xf7, 0x06, 0x2c, 0x54, 0x64, 0x74, 0x23, 0x00, 0x00,
  0x00, 0x00, 0x7d, 0xff, 0xff, 0xff, 0xff, 0x28, 0x83, 0xff, 0xff, 0xff, 0x5d, 0x00, 0x00, 0x00,
  0x00, 0x79, 0xff, 0xff, 0xff, 0xff, 0x35, 0x4b, 0xff, 0xff, 0xff, 0xb2, 0x00, 0x00, 0x00, 0x00,
  0xbf, 0xff, 0xff, 0xff, 0xfe, 0x09, 0x14, 0xff, 0xff, 0xff, 0xff, 0x87, 0x16, 0x00, 0x75, 0xff,
  0xff, 0xff, 0xff, 0xd3, 0x00, 0x00, 0x92, 0xff, 0xff, 0xff, 0xff, 0xff, 0xff, 0xff, 0xff, 0xff,
  0xff, 0xfc, 0x46, 0x00, 0x00, 0x03, 0xc6, 0xff, 0xff, 0xff, 0xff, 0xff, 0xff, 0xff, 0xff, 0xef,
  0x53, 0x00, 0x00, 0x00, 0x00, 0x09, 0x7c, 0xf3, 0xff, 0xff, 0xff, 0xff, 0xde, 0x90, 0x10, 0x00,
  0x00, 0x00, 0x00, 0x00, 0x00, 0x00, 0x02, 0x18, 0x2f, 0x36, 0x0a, 0x00, 0x00, 0x00, 0x00, 0x00,
  0x00, 0x00, 0x00, 0x00, 0x00, 0x00, 0x00, 0x00, 0x00, 0x4e, 0xc0, 0xc0, 0xc0, 0xa6, 0x00, 0x00,
  0x00, 0x00, 0x00, 0x00, 0x00, 0x00, 0x00, 0x19, 0xee, 0xff, 0xff, 0xff, 0xdf, 0x00, 0x00, 0x00,
  0x00, 0x00, 0x00, 0x00, 0x00, 0x00, 0xc0, 0xff, 0xff, 0xff, 0xff, 0xdf, 0x00, 0x00, 0x00, 0x00,
  0x00, 0x00, 0x00, 0x00, 0x6d, 0xff, 0xff, 0xff, 0xff, 0xff, 0xdf, 0x00, 0x00, 0x00, 0x00, 0x00,
  0x00, 0x00, 0x27, 0xf7, 0xff, 0xff, 0xff, 0xff, 0xff, 0xdf, 0x00, 0x00, 0x00, 0x00, 0x00, 0x00,
  0x04, 0xcf, 0xff, 0xff, 0xe1, 0xff, 0xff, 0xff, 0xde, 0x00, 0x00, 0x00, 0x00, 0x00, 0x00, 0x87,
  0xff, 0xff, 0xde, 0x5e, 0xff, 0xff, 0xff, 0xde, 0x00, 0x00, 0x00, 0x00, 0x00, 0x38, 0xfe, 0xff,
  0xfb, 0x31, 0x54, 0xff, 0xff, 0xff, 0xdf, 0x00, 0x00, 0x00, 0x00, 0x0e, 0xe2, 0xff, 0xff, 0x75,
  0x00, 0x54, 0xff, 0xff, 0xff, 0xdf, 0x00, 0x00, 0x00, 0x00, 0xa2, 0xff, 0xff, 0xc1, 0x01, 0x00,
  0x54, 0xff, 0xff, 0xff, 0xdf, 0x00, 0x00, 0x00, 0x4d, 0xff, 0xff, 0xee, 0x18, 0x00, 0x00, 0x54,
  0xff, 0xff, 0xff, 0xdf, 0x00, 0x00, 0x19, 0xee, 0xff, 0xff, 0x4b, 0x00, 0x00, 0x00, 0x54, 0xff,
  0xff, 0xff, 0xdf, 0x00, 0x00, 0xb1, 0xff, 0xff, 0xe2, 0x80, 0x80, 0x80, 0x80, 0xaa, 0xff, 0xff,
  0xff, 0xef, 0x80, 0x6c, 0x95, 0xff, 0xff, 0xff, 0xff, 0xff, 0xff, 0xff, 0xff, 0xff, 0xff, 0xff,
  0xff, 0xff, 0xda, 0x2a, 0xff, 0xff, 0xff, 0xff, 0xff, 0xff, 0xff, 0xff, 0xff, 0xff, 0xff, 0xff,
  0xff, 0xda, 0x00, 0x72, 0x80, 0x80, 0x80, 0x80, 0x80, 0x80, 0xaa, 0xff, 0xff, 0xff, 0xef, 0x80,
  0x6c, 0x00, 0x00, 0x00, 0x00, 0x00, 0x00, 0x00, 0x00, 0x54, 0xff, 0xff, 0xff, 0xdf, 0x00, 0x00,
  0x00, 0x00, 0x00, 0x00, 0x00, 0x00, 0x00, 0x00, 0x54, 0xff, 0xff, 0xff, 0xdf, 0x00, 0x00, 0x00,
  0x00, 0x00, 0x00, 0x00, 0x00, 0x94, 0xff, 0xff, 0xff, 0xff, 0xff, 0xff, 0xff, 0x9c, 0x00, 0x00,
  0x00, 0x00, 0x00, 0x00, 0x94, 0xff, 0xff, 0xff, 0xff, 0xff, 0xff, 0xff, 0x9c, 0x00, 0x00, 0x00,
  0x00, 0x00, 0x00, 0x94, 0xff, 0xff, 0xff, 0xff, 0xff, 0xff, 0xff, 0x9c, 0x00, 0x1b, 0x40, 0x40,
  0x40, 0x40, 0x40, 0x40, 0x40, 0x40, 0x40, 0x40, 0x40, 0x02, 0x00, 0x76, 0xff, 0xff, 0xff, 0xff,
  0xff, 0xff, 0xff, 0xff, 0xff, 0xff, 0xff, 0x0a, 0x00, 0x85, 0xff, 0xff, 0xff, 0xff, 0xff, 0xff,
  0xff, 0xff, 0xff, 0xff, 0xff, 0x0a, 0x00, 0x93, 0xff, 0xff, 0xff, 0xff, 0xff, 0xff, 0xff, 0xff,
  0xff, 0xff, 0xff, 0x0a, 0x00, 0xa2, 0xff, 0xff, 0x7d, 0x00, 0x00, 0x00, 0x00, 0x21, 0xff, 0xff,
  0xff, 0x0a, 0x00, 0xb0, 0xff, 0xff, 0x6e, 0x00, 0x00, 0x00, 0x00, 0x00, 0x7e, 0x80, 0x80, 0x05,
  0x00, 0xbf, 0xff, 0xff, 0x5f, 0x00, 0x00, 0x00, 0x00, 0x00, 0x00, 0x00, 0x00, 0x00, 0x00, 0xcb,
  0xff, 0xff, 0x4e, 0x10, 0x54, 0x76, 0x56, 0x27, 0x01, 0x00, 0x00, 0x00, 0x00, 0xda, 0xff, 0xff,
  0x99, 0xec, 0xff, 0xff, 0xff, 0xff, 0xcb, 0x21, 0x00, 0x00, 0x00, 0xe9, 0xff, 0xff, 0xff, 0xff,
  0xff, 0xff, 0xff, 0xff, 0xff, 0xf3, 0x3c, 0x00, 0x00, 0xf8, 0xff, 0xff, 0xff, 0xff, 0xff, 0xff,
  0xff, 0xff, 0xff, 0xff, 0xdd, 0x05, 0x00, 0x38, 0xaf, 0xff, 0xfd, 0x7c, 0x19, 0x2e, 0xcb, 0xff,
  0xff, 0xff, 0xff, 0x79, 0x00, 0x00, 0x00, 0x28, 0x41, 0x00, 0x00, 0x00, 0x19, 0xfa, 0xff, 0xff,
  0xff, 0xd3, 0x00, 0x00, 0x00, 0x00, 0x00, 0x00, 0x00, 0x00, 0x00, 0xc3, 0xff, 0xff, 0xff, 0xed,
  0x00, 0x00, 0x00, 0x00, 0x00, 0x00, 0x00, 0x00, 0x00, 0xad, 0xff, 0xff, 0xff, 0xf2, 0x79, 0xb0,
  0xd1, 0xf0, 0x0f, 0x00, 0x00, 0x00, 0x00, 0xc6, 0xff, 0xff, 0xff, 0xc9, 0xa0, 0xff, 0xff, 0xff,
  0x62, 0x00, 0x00, 0x00, 0x21, 0xf9, 0xff, 0xff, 0xff, 0x9e, 0x55, 0xff, 0xff, 0xff, 0xeb, 0x51,
  0x0c, 0x36, 0xd7, 0xff, 0xff, 0xff, 0xff, 0x3d, 0x05, 0xc7, 0xff, 0xff, 0xff, 0xff, 0xff, 0xff,
  0xff, 0xff, 0xff, 0xff, 0xaa, 0x00, 0x00, 0x16, 0xd9, 0xff, 0xff, 0xff, 0xff, 0xff, 0xff, 0xff,
  0xff, 0xdb, 0x1d, 0x00, 0x00, 0x00, 0x03, 0x5f, 0xc9, 0xf9, 0xff, 0xff, 0xff, 0xfe, 0x8c, 0x08,
  0x00, 0x00, 0x00, 0x00, 0x00, 0x00, 0x00, 0x03, 0x2e, 0x33, 0x1d, 0x05, 0x00, 0x00, 0x00, 0x00,
  0x00, 0x00, 0x00, 0x00, 0x07, 0x65, 0x98, 0xb5, 0xa6, 0x79, 0x46, 0x00, 0x00, 0x00, 0x00, 0x00,
  0x00, 0x53, 0xe9, 0xff, 0xff, 0xff, 0xff, 0xff, 0xff, 0x93, 0x01, 0x00, 0x00, 0x00, 0x54, 0xfd,
  0xff, 0xff, 0xff, 0xff, 0xff, 0xff, 0xff, 0xff, 0x9b, 0x00, 0x00, 0x18, 0xf7, 0xff, 0xff, 0xff,
  0xf9, 0xa2, 0xd8, 0xff, 0xff, 0xff, 0xff, 0x33, 0x00, 0x92, 0xff, 0xff, 0xff, 0xee, 0x29, 0x00,
  0x02, 0xa1, 0xff, 0xff, 0xff, 0x82, 0x02, 0xf3, 0xff, 0xff, 0xff, 0x6e, 0x00, 0x00, 0x00, 0x19,
  0xf3, 0xe9, 0xd6, 0x7f, 0x2e, 0xff, 0xff, 0xff, 0xfe, 0x15, 0x00, 0x00, 0x00, 0x00, 0x00, 0x00,
  0x00, 0x00, 0x68, 0xff, 0xff, 0xff, 0xea, 0x00, 0x00, 0x00, 0x00, 0x00, 0x00, 0x00, 0x00, 0x00,
  0x8a, 0xff, 0xff, 0xff, 0xd1, 0x36, 0xb9, 0xe4, 0xf4, 0xc0, 0x80, 0x0a, 0x00, 0x00, 0x95, 0xff,
  0xff, 0xff, 0xf4, 0xff, 0xff, 0xff, 0xff, 0xff, 0xff, 0xdb, 0x2d, 0x00, 0xa0, 0xff, 0xff, 0xff,
  0xff, 0xff, 0xff, 0xff, 0xff, 0xff, 0xff, 0xff, 0xdb, 0x03, 0x98, 0xff, 0xff, 0xff, 0xff, 0xce,
  0x6a, 0x4e, 0xb2, 0xff, 0xff, 0xff, 0xff, 0x67, 0x80, 0xff, 0xff, 0xff, 0xcf, 0x01, 0x00, 0x00,
  0x01, 0xc3, 0xff, 0xff, 0xff, 0xbe, 0x67, 0xff, 0xff, 0xff, 0xcc, 0x00, 0x00, 0x00, 0x00, 0x59,
  0xff, 0xff, 0xff, 0xdb, 0x4e, 0xff, 0xff, 0xff, 0xee, 0x00, 0x00, 0x00, 0x00, 0x3a, 0xff, 0xff,
  0xff, 0xe5, 0x37, 0xff, 0xff, 0xff, 0xff, 0x1a, 0x00, 0x00, 0x00, 0x4d, 0xff, 0xff, 0xff, 0xc3,
  0x06, 0xea, 0xff, 0xff, 0xff, 0x76, 0x00, 0x00, 0x00, 0x91, 0xff, 0xff, 0xff, 0x9e, 0x00, 0x72,
  0xff, 0xff, 0xff, 0xf9, 0x5c, 0x0d, 0x56, 0xfa, 0xff, 0xff, 0xff, 0x4c, 0x00, 0x0b, 0xe9, 0xff,
  0xff, 0xff, 0xff, 0xff, 0xff, 0xff, 0xff, 0xff, 0xcc, 0x00, 0x00, 0x00, 0x23, 0xdb, 0xff, 0xff,
  0xff, 0xff, 0xff, 0xff, 0xff, 0xef, 0x3c, 0x00, 0x00, 0x00, 0x00, 0x13, 0xb3, 0xea, 0xff, 0xff,
  0xff, 0xea, 0xa0, 0x14, 0x00, 0x00, 0x00, 0x00, 0x00, 0x00, 0x00, 0x00, 0x0e, 0x37, 0x19, 0x00,
  0x00, 0x00, 0x00, 0x00, 0x3d, 0x40, 0x40, 0x40, 0x40, 0x40, 0x40, 0x40, 0x40, 0x40, 0x40, 0x40,
  0x30, 0xf6, 0xff, 0xff, 0xff, 0xff, 0xff, 0xff, 0xff, 0xff, 0xff, 0xff, 0xff, 0xc3, 0xf6, 0xff,
  0xff, 0xff, 0xff, 0xff, 0xff, 0xff, 0xff, 0xff, 0xff, 0xff, 0xc3, 0xf5, 0xff, 0xff, 0xd3, 0xc0,
  0xc0, 0xc0, 0xc0, 0xe2, 0xff, 0xff, 0xff, 0x93, 0xf6, 0xff, 0xff, 0x4f, 0x00, 0x00, 0x00, 0x09,
  0xe2, 0xff, 0xff, 0xe9, 0x0c, 0xf6, 0xff, 0xff, 0x4f, 0x00, 0x00, 0x00, 0x88, 0xff, 0xff, 0xff,
  0x61, 0x00, 0xb8, 0xc0, 0xc0, 0x3a, 0x00, 0x00, 0x27, 0xfa, 0xff, 0xff, 0xda, 0x02, 0x00, 0x00,
  0x00, 0x00, 0x00, 0x00, 0x00, 0xa5, 0xff, 0xff, 0xff, 0x6c, 0x00, 0x00, 0x00, 0x00, 0x00, 0x00,
  0x00, 0x13, 0xfb, 0xff, 0xff, 0xfa, 0x10, 0x00, 0x00, 0x00, 0x00, 0x00, 0x00, 0x00, 0x74, 0xff,
  0xff, 0xff, 0xac, 0x00, 0x00, 0x00, 0x00, 0x00, 0x00, 0x00, 0x00, 0xdb, 0xff, 0xff, 0xff, 0x55,
  0x00, 0x00, 0x00, 0x00, 0x00, 0x00, 0x00, 0x2d, 0xff, 0xff, 0xff, 0xfc, 0x0e, 0x00, 0x00, 0x00,
  0x00, 0x00, 0x00, 0x00, 0x7a, 0xff, 0xff, 0xff, 0xc6, 0x00, 0x00, 0x00, 0x00, 0x00, 0x00, 0x00,
  0x00, 0xca, 0xff, 0xff, 0xff, 0x94, 0x00, 0x00, 0x00, 0x00, 0x00, 0x00, 0x00, 0x13, 0xff, 0xff,
  0xff, 0xff, 0x61, 0x00, 0x00, 0x00, 0x00, 0x00, 0x00, 0x00, 0x50, 0xff, 0xff, 0xff, 0xff, 0x3e,
  0x00, 0x00, 0x00, 0x00, 0x00, 0x00, 0x00, 0x71, 0xff, 0xff, 0xff, 0xff, 0x2b, 0x00, 0x00, 0x00,
  0x00, 0x0b, 0x40, 0x40, 0xaa, 0xff, 0xff, 0xff, 0xff, 0x53, 0x40, 0x2a, 0x00, 0x00, 0x2e, 0xff,
  0xff, 0xff, 0xff, 0xff, 0xff, 0xff, 0xff, 0xff, 0xa9, 0x00, 0x00, 0x2e, 0xff, 0xff, 0xff, 0xff,
  0xff, 0xff, 0xff, 0xff, 0xff, 0xa9, 0x00, 0x00, 0x2e, 0xff, 0xff, 0xff, 0xff, 0xff, 0xff, 0xff,
  0xff, 0xff, 0xa9, 0x00, 0x00, 0x00, 0x00, 0x00, 0x01, 0x63, 0x95, 0xad, 0xba, 0xa5, 0x8d, 0x38,
  0x00, 0x00, 0x00, 0x00, 0x00, 0x00, 0x2c, 0xce, 0xff, 0xff, 0xff, 0xff, 0xff, 0xff, 0xff, 0x9d,
  0x0b, 0x00, 0x00, 0x00, 0x12, 0xe9, 0xff, 0xff, 0xff, 0xff, 0xff, 0xff, 0xff, 0xff, 0xff, 0xa7,
  0x00, 0x00, 0x00, 0xaf, 0xff, 0xff, 0xff, 0xff, 0xb7, 0x8f, 0xdc, 0xff, 0xff, 0xff, 0xff, 0x55,
  0x00, 0x04, 0xf6, 0xff, 0xff, 0xff, 0x71, 0x00, 0x00, 0x06, 0xc4, 0xff, 0xff, 0xff, 0x9e, 0x00,
  0x23, 0xff, 0xff, 0xff, 0xfe, 0x08, 0x00, 0x00, 0x00, 0x64, 0xff, 0xff, 0xff, 0xcb, 0x00, 0x00,
  0xe9, 0xff, 0xff, 0xf9, 0x00, 0x00, 0x00, 0x00, 0x57, 0xff, 0xff, 0xff, 0xb0, 0x00, 0x00, 0xa2,
  0xff, 0xff, 0xff, 0x3b, 0x00, 0x00, 0x00, 0x97, 0xff, 0xff, 0xff, 0x68, 0x00, 0x00, 0x1c, 0xdf,
  0xff, 0xff, 0xd7, 0x3d, 0x10, 0x63, 0xf8, 0xff, 0xff, 0xd8, 0x04, 0x00, 0x00, 0x00, 0x1b, 0xd9,
  0xff, 0xff, 0xff, 0xff, 0xff, 0xff, 0xff, 0xcd, 0x1a, 0x00, 0x00, 0x00, 0x00, 0x21, 0xac, 0xff,
  0xff, 0xff, 0xff, 0xff, 0xff, 0xff, 0x7c, 0x0b, 0x00, 0x00, 0x00, 0x3e, 0xf8, 0xff, 0xff, 0xff,
  0xf1, 0xcd, 0xfa, 0xff, 0xff, 0xff, 0xd6, 0x0f, 0x00, 0x14, 0xf2, 0xff, 0xff, 0xff, 0xa5, 0x04,
  0x00, 0x1c, 0xd8, 0xff, 0xff, 0xff, 0xab, 0x00, 0x86, 0xff, 0xff, 0xff, 0xe4, 0x07, 0x00, 0x00,
  0x00, 0x39, 0xff, 0xff, 0xff, 0xff, 0x2b, 0xb6, 0xff, 0xff, 0xff, 0xa7, 0x00, 0x00, 0x00, 0x00,
  0x00, 0xf3, 0xff, 0xff, 0xff, 0x58, 0xbd, 0xff, 0xff, 0xff, 0xa6, 0x00, 0x00, 0x00, 0x00, 0x00,
  0xf4, 0xff, 0xff, 0xff, 0x63, 0x8f, 0xff, 0xff, 0xff, 0xe4, 0x07, 0x00, 0x00, 0x00, 0x39, 0xff,
  0xff, 0xff, 0xff, 0x33, 0x5f, 0xff, 0xff, 0xff, 0xff, 0xa4, 0x03, 0x00, 0x1a, 0xd6, 0xff, 0xff,
  0xff, 0xfe, 0x07, 0x0c, 0xdb, 0xff, 0xff, 0xff, 0xff, 0xff, 0xff, 0xff, 0xff, 0xff, 0xff, 0xff,
  0x87, 0x00, 0x00, 0x26, 0xeb, 0xff, 0xff, 0xff, 0xff, 0xff, 0xff, 0xff, 0xff, 0xff, 0xb5, 0x02,
  0x00, 0x00, 0x00, 0x0d, 0x89, 0xf8, 0xff, 0xff, 0xff, 0xff, 0xff, 0xdc, 0x55, 0x00, 0x00, 0x00,
  0x00, 0x00, 0x00, 0x00, 0x03, 0x1a, 0x30, 0x3b, 0x27, 0x11, 0x00, 0x00, 0x00, 0x00, 0x00, 0x00,
  0x00, 0x00, 0x03, 0x50, 0x82, 0xb0, 0x96, 0x55, 0x18, 0x00, 0x00, 0x00, 0x00, 0x00, 0x00, 0x1d,
  0xc7, 0xff, 0xff, 0xff, 0xff, 0xff, 0xff, 0x92, 0x04, 0x00, 0x00, 0x00, 0x1c, 0xf0, 0xff, 0xff,
  0xff, 0xff, 0xff, 0xff, 0xff, 0xff, 0xc5, 0x10, 0x00, 0x00, 0xb3, 0xff, 0xff, 0xff, 0xe0, 0x92,
  0xe0, 0xff, 0xff, 0xff, 0xff, 0x7b, 0x00, 0x1c, 0xff, 0xff, 0xff, 0xef, 0x1a, 0x00, 0x04, 0xb7,
  0xff, 0xff, 0xff, 0xe3, 0x01, 0x54, 0xff, 0xff, 0xff, 0x93, 0x00, 0x00, 0x00, 0x16, 0xff, 0xff,
  0xff, 0xff, 0x4a, 0x8c, 0xff, 0xff, 0xff, 0x6f, 0x00, 0x00, 0x00, 0x00, 0xbe, 0xff, 0xff, 0xff,
  0x89, 0xa9, 0xff, 0xff, 0xff, 0x73, 0x00, 0x00, 0x00, 0x00, 0x97, 0xff, 0xff, 0xff, 0xa1, 0x86,
  0xff, 0xff, 0xff, 0x9e, 0x00, 0x00, 0x00, 0x00, 0x83, 0xff, 0xff, 0xff, 0xb9, 0x5f, 0xff, 0xff,
  0xff, 0xf9, 0x2e, 0x00, 0x00, 0x2c, 0xc9, 0xff, 0xff, 0xff, 0xd0, 0x11, 0xeb, 0xff, 0xff, 0xff,
  0xf1, 0xc0, 0xdd, 0xff, 0xff, 0xff, 0xff, 0xff, 0xe7, 0x00, 0x54, 0xfe, 0xff, 0xff, 0xff, 0xff,
  0xff, 0xff, 0xff, 0xff, 0xff, 0xff, 0xdb, 0x00, 0x00, 0x3f, 0xe7, 0xff, 0xff, 0xff, 0xff, 0xd4,
  0xb6, 0xff, 0xff, 0xff, 0xc2, 0x00, 0x00, 0x00, 0x05, 0x39, 0x71, 0x68, 0x44, 0x01, 0xa0, 0xff,
  0xff, 0xff, 0xa8, 0x00, 0x00, 0x00, 0x00, 0x00, 0x00, 0x00, 0x00, 0x00, 0xc2, 0xff, 0xff, 0xff,
  0x8f, 0x17, 0x51, 0x63, 0x75, 0x18, 0x00, 0x00, 0x00, 0x10, 0xf9, 0xff, 0xff, 0xff, 0x4e, 0x33,
  0xff, 0xff, 0xff, 0x6e, 0x00, 0x00, 0x00, 0x78, 0xff, 0xff, 0xff, 0xe5, 0x02, 0x02, 0xf4, 0xff,
  0xff, 0xee, 0x2a, 0x06, 0x4b, 0xfb, 0xff, 0xff, 0xff, 0x82, 0x00, 0x00, 0x81, 0xff, 0xff, 0xff,
  0xff, 0xff, 0xff, 0xff, 0xff, 0xff, 0xfe, 0x18, 0x00, 0x00, 0x04, 0xc2, 0xff, 0xff, 0xff, 0xff,
  0xff, 0xff, 0xff, 0xe6, 0x45, 0x00, 0x00, 0x00, 0x00, 0x02, 0x68, 0xd1, 0xff, 0xff, 0xfa, 0xc6,
  0x87, 0x10, 0x00, 0x00, 0x00, 0x00, 0x00, 0x00, 0x00, 0x00, 0x0c, 0x35, 0x07, 0x00, 0x00, 0x00,
  0x00, 0x00, 0x00, 0x07, 0x40, 0x40, 0x40, 0x40, 0x31, 0x1f, 0xff, 0xff, 0xff, 0xff, 0xc5, 0x1f,
  0xff, 0xff, 0xff, 0xff, 0xc5, 0x1f, 0xff, 0xff, 0xff, 0xff, 0xc5, 0x1f, 0xff, 0xff, 0xff, 0xff,
  0xc5, 0x16, 0xc0, 0xc0, 0xc0, 0xc0, 0x93, 0x00, 0x00, 0x00, 0x00, 0x00, 0x00, 0x00, 0x00, 0x00,
  0x00, 0x00, 0x00, 0x00, 0x00, 0x00, 0x00, 0x00, 0x00, 0x00, 0x00, 0x00, 0x00, 0x00, 0x00, 0x1f,
  0xff, 0xff, 0xff, 0xff, 0xc5, 0x1f, 0xff, 0xff, 0xff, 0xff, 0xc5, 0x1f, 0xff, 0xff, 0xff, 0xff,
  0xc5, 0x1f, 0xff, 0xff, 0xff, 0xff, 0xc5, 0x1f, 0xff, 0xff, 0xff, 0xff, 0xc5, 0x09, 0x40, 0x40,
  0x40, 0x40, 0x31, 0x26, 0xff, 0xff, 0xff, 0xff, 0xc5, 0x26, 0xff, 0xff, 0xff, 0xff, 0xc5, 0x26,
  0xff, 0xff, 0xff, 0xff, 0xc5, 0x26, 0xff, 0xff, 0xff, 0xff, 0xc5, 0x13, 0x80, 0x80, 0x80, 0x80,
  0x62, 0x00, 0x00, 0x00, 0x00, 0x00, 0x00, 0x00, 0x00, 0x00, 0x00, 0x00, 0x00, 0x00, 0x00, 0x00,
  0x00, 0x00, 0x00, 0x00, 0x00, 0x00, 0x00, 0x00, 0x00, 0x26, 0xff, 0xff, 0xff, 0xff, 0xc5, 0x26,
  0xff, 0xff, 0xff, 0xff, 0xc5, 0x26, 0xff, 0xff, 0xff, 0xff, 0xc5, 0x26, 0xff, 0xff, 0xff, 0xff,
  0xc5, 0x25, 0xff, 0xff, 0xff, 0xff, 0xc3, 0x00, 0x00, 0x00, 0xc7, 0xff, 0xb7, 0x00, 0x00, 0x06,
  0xed, 0xff, 0xa6, 0x00, 0x15, 0xa8, 0xff, 0xff, 0x71, 0x1c, 0xf9, 0xff, 0xff, 0xf0, 0x14, 0x25,
  0xff, 0xff, 0xd6, 0x30, 0x00, 0x09, 0x40, 0x32, 0x00, 0x00, 0x00, 0x00, 0x00, 0x00, 0x00, 0x00,
  0x00, 0x00, 0x00, 0x00, 0x00, 0x00, 0x00, 0x00, 0x00, 0x00, 0x00, 0x2d, 0x1d, 0x00, 0x00, 0x00,
  0x00, 0x00, 0x00, 0x00, 0x00, 0x00, 0x00, 0x00, 0x00, 0x00, 0x04, 0x56, 0xc2, 0xff, 0x3d, 0x00,
  0x00, 0x00, 0x00, 0x00, 0x00, 0x00, 0x00, 0x00, 0x00, 0x00, 0x14, 0x7c, 0xe4, 0xff, 0xff, 0xff,
  0x3d, 0x00, 0x00, 0x00, 0x00, 0x00, 0x00, 0x00, 0x00, 0x00, 0x30, 0xa2, 0xf9, 0xff, 0xff, 0xff,
  0xff, 0xff, 0x3d, 0x00, 0x00, 0x00, 0x00, 0x00, 0x00, 0x06, 0x5f, 0xca, 0xff, 0xff, 0xff, 0xff,
  0xff, 0xff, 0xff, 0xca, 0x20, 0x00, 0x00, 0x00, 0x00, 0x18, 0x82, 0xe8, 0xff, 0xff, 0xff, 0xff,
  0xff, 0xff, 0xee, 0x92, 0x2a, 0x00, 0x00, 0x00, 0x00, 0x3c, 0xa9, 0xfb, 0xff, 0xff, 0xff, 0xff,
  0xff, 0xfe, 0xbe, 0x5a, 0x06, 0x00, 0x00, 0x00, 0x00, 0x1f, 0xd3, 0xff, 0xff, 0xff, 0xff, 0xff,
  0xff, 0xea, 0x88, 0x22, 0x00, 0x00, 0x00, 0x00, 0x00, 0x00, 0x00, 0x3b, 0xff, 0xff, 0xff, 0xff,
  0xfc, 0xb3, 0x4f, 0x03, 0x00, 0x00, 0x00, 0x00, 0x00, 0x00, 0x00, 0x00, 0x00, 0x3b, 0xff, 0xff,
  0xff, 0xff, 0xfc, 0xb4, 0x50, 0x03, 0x00, 0x00, 0x00, 0x00, 0x00, 0x00, 0x00, 0x00, 0x00, 0x2d,
  0xf9, 0xff, 0xff, 0xff, 0xff, 0xff, 0xff, 0xe7, 0x88, 0x23, 0x00, 0x00, 0x00, 0x00, 0x00, 0x00,
  0x00, 0x00, 0x12, 0x75, 0xdc, 0xff, 0xff, 0xff, 0xff, 0xff, 0xff, 0xfe, 0xbf, 0x5a, 0x06, 0x00,
  0x00, 0x00, 0x00, 0x00, 0x00, 0x00, 0x01, 0x47, 0xb0, 0xfc, 0xff, 0xff, 0xff, 0xff, 0xff, 0xff,
  0xee, 0x92, 0x2a, 0x00, 0x00, 0x00, 0x00, 0x00, 0x00, 0x00, 0x00, 0x1a, 0x82, 0xe8, 0xff, 0xff,
  0xff, 0xff, 0xff, 0xff, 0xff, 0xca, 0x20, 0x00, 0x00, 0x00, 0x00, 0x00, 0x00, 0x00, 0x00, 0x04,
  0x54, 0xbc, 0xfe, 0xff, 0xff, 0xff, 0xff, 0xff, 0x3d, 0x00, 0x00, 0x00, 0x00, 0x00, 0x00, 0x00,
  0x00, 0x00, 0x00, 0x00, 0x25, 0x8e, 0xee, 0xff, 0xff, 0xff, 0x3d, 0x00, 0x00, 0x00, 0x00, 0x00,
  0x00, 0x00, 0x00, 0x00, 0x00, 0x00, 0x00, 0x00, 0x08, 0x60, 0xc9, 0xff, 0x3d, 0x00, 0x00, 0x00,
  0x00, 0x00, 0x00, 0x00, 0x00, 0x00, 0x00, 0x00, 0x00, 0x00, 0x00, 0x00, 0x00, 0x31, 0x1d, 0x0e,
  0x40, 0x40, 0x40, 0x40, 0x40, 0x40, 0x40, 0x40, 0x40, 0x40, 0x40, 0x40, 0x40, 0x40, 0x40, 0x40,
  0x0f, 0x3b, 0xff, 0xff, 0xff, 0xff, 0xff, 0xff, 0xff, 0xff, 0xff, 0xff, 0xff, 0xff, 0xff, 0xff,
  0xff, 0xff, 0x3d, 0x3b, 0xff, 0xff, 0xff, 0xff, 0xff, 0xff, 0xff, 0xff, 0xff, 0xff, 0xff, 0xff,
  0xff, 0xff, 0xff, 0xff, 0x3d, 0x3b, 0xff, 0xff, 0xff, 0xff, 0xff, 0xff, 0xff, 0xff, 0xff, 0xff,
  0xff, 0xff, 0xff, 0xff, 0xff, 0xff, 0x3d, 0x0e, 0x40, 0x40, 0x40, 0x40, 0x40, 0x40, 0x40, 0x40,
  0x40, 0x40, 0x40, 0x40, 0x40, 0x40, 0x40, 0x40, 0x0f, 0x00, 0x00, 0x00, 0x00, 0x00, 0x00, 0x00,
  0x00, 0x00, 0x00, 0x00, 0x00, 0x00, 0x00, 0x00, 0x00, 0x00, 0x00, 0x00, 0x00, 0x00, 0x00, 0x00,
  0x00, 0x00, 0x00, 0x00, 0x00, 0x00, 0x00, 0x00, 0x00, 0x00, 0x00, 0x00, 0x00, 0x0e, 0x40, 0x40,
  0x40, 0x40, 0x40, 0x40, 0x40, 0x40, 0x40, 0x40, 0x40, 0x40, 0x40, 0x40, 0x40, 0x40, 0x0f, 0x3b,
  0xff, 0xff, 0xff, 0xff, 0xff, 0xff, 0xff, 0xff, 0xff, 0xff, 0xff, 0xff, 0xff, 0xff, 0xff, 0xff,
  0x3d, 0x3b, 0xff, 0xff, 0xff, 0xff, 0xff, 0xff, 0xff, 0xff, 0xff, 0xff, 0xff, 0xff, 0xff, 0xff,
  0xff, 0xff, 0x3d, 0x3b, 0xff, 0xff, 0xff, 0xff, 0xff, 0xff, 0xff, 0xff, 0xff, 0xff, 0xff, 0xff,
  0xff, 0xff, 0xff, 0xff, 0x3d, 0x0e, 0x40, 0x40, 0x40, 0x40, 0x40, 0x40, 0x40, 0x40, 0x40, 0x40,
  0x40, 0x40, 0x40, 0x40, 0x40, 0x40, 0x0f, 0x1c, 0x30, 0x00, 0x00, 0x00, 0x00, 0x00, 0x00, 0x00,
  0x00, 0x00, 0x00, 0x00, 0x00, 0x00, 0x00, 0x00, 0x00, 0x3b, 0xff, 0xca, 0x61, 0x08, 0x00, 0x00,
  0x00, 0x00, 0x00, 0x00, 0x00, 0x00, 0x00, 0x00, 0x00, 0x00, 0x00, 0x3b, 0xff, 0xff, 0xff, 0xee,
  0x8f, 0x25, 0x00, 0x00, 0x00, 0x00, 0x00, 0x00, 0x00, 0x00, 0x00, 0x00, 0x00, 0x3b, 0xff, 0xff,
  0xff, 0xff, 0xff, 0xff, 0xbd, 0x54, 0x04, 0x00, 0x00, 0x00, 0x00, 0x00, 0x00, 0x00, 0x00, 0x1f,
  0xca, 0xff, 0xff, 0xff, 0xff, 0xff, 0xff, 0xff, 0xe8, 0x82, 0x1a, 0x00, 0x00, 0x00, 0x00, 0x00,
  0x00, 0x00, 0x00, 0x2a, 0x91, 0xee, 0xff, 0xff, 0xff, 0xff, 0xff, 0xff, 0xfc, 0xb1, 0x48, 0x01,
  0x00, 0x00, 0x00, 0x00, 0x00, 0x00, 0x00, 0x06, 0x5a, 0xbe, 0xfe, 0xff, 0xff, 0xff, 0xff, 0xff,
  0xff, 0xdd, 0x76, 0x14, 0x00, 0x00, 0x00, 0x00, 0x00, 0x00, 0x00, 0x00, 0x23, 0x88, 0xea, 0xff,
  0xff, 0xff, 0xff, 0xff, 0xff, 0xfa, 0x2f, 0x00, 0x00, 0x00, 0x00, 0x00, 0x00, 0x00, 0x00, 0x00,
  0x03, 0x50, 0xb4, 0xfc, 0xff, 0xff, 0xff, 0xff, 0x3d, 0x00, 0x00, 0x00, 0x00, 0x00, 0x00, 0x00,
  0x00, 0x00, 0x03, 0x4f, 0xb3, 0xfc, 0xff, 0xff, 0xff, 0xff, 0x3d, 0x00, 0x00, 0x00, 0x00, 0x00,
  0x00, 0x00, 0x22, 0x88, 0xe7, 0xff, 0xff, 0xff, 0xff, 0xff, 0xff, 0xfa, 0x2f, 0x00, 0x00, 0x00,
  0x00, 0x06, 0x5a, 0xbe, 0xfe, 0xff, 0xff, 0xff, 0xff, 0xff, 0xff, 0xdd, 0x76, 0x14, 0x00, 0x00,
  0x00, 0x2a, 0x92, 0xee, 0xff, 0xff, 0xff, 0xff, 0xff, 0xff, 0xfc, 0xb1, 0x48, 0x01, 0x00, 0x00,
  0x00, 0x1f, 0xca, 0xff, 0xff, 0xff, 0xff, 0xff, 0xff, 0xff, 0xe8, 0x82, 0x1a, 0x00, 0x00, 0x00,
  0x00, 0x00, 0x00, 0x3b, 0xff, 0xff, 0xff, 0xff, 0xff, 0xff, 0xbd, 0x54, 0x04, 0x00, 0x00, 0x00,
  0x00, 0x00, 0x00, 0x00, 0x00, 0x3b, 0xff, 0xff, 0xff, 0xee, 0x8f, 0x25, 0x00, 0x00, 0x00, 0x00,
  0x00, 0x00, 0x00, 0x00, 0x00, 0x00, 0x00, 0x3b, 0xff, 0xca, 0x61, 0x08, 0x00, 0x00, 0x00, 0x00,
  0x00, 0x00, 0x00, 0x00, 0x00, 0x00, 0x00, 0x00, 0x00, 0x1b, 0x32, 0x00, 0x00, 0x00, 0x00, 0x00,
  0x00, 0x00, 0x00, 0x00, 0x00, 0x00, 0x00, 0x00, 0x00, 0x00, 0x00, 0x00, 0x00, 0x00, 0x00, 0x06,
  0x4d, 0x7a, 0xa5, 0xb1, 0x86, 0x5a, 0x13, 0x00, 0x00, 0x00, 0x00, 0x00, 0x00, 0x02, 0x61, 0xe1,
  0xff, 0xff, 0xff, 0xff, 0xff, 0xff, 0xf0, 0x78, 0x08, 0x00, 0x00, 0x00, 0x00, 0x92, 0xff, 0xff,
  0xff, 0xff, 0xff, 0xff, 0xff, 0xff, 0xff, 0xff, 0xbb, 0x00, 0x00, 0x00, 0x50, 0xff, 0xff, 0xff,
  0xff, 0xd4, 0x93, 0xa6, 0xf5, 0xff, 0xff, 0xff, 0xff, 0x72, 0x00, 0x00, 0xcd, 0xff, 0xff, 0xff,
  0xa3, 0x00, 0x00, 0x00, 0x19, 0xdf, 0xff, 0xff, 0xff, 0xeb, 0x00, 0x09, 0xfc, 0xff, 0xff, 0xff,
  0x53, 0x00, 0x00, 0x00, 0x00, 0x73, 0xff, 0xff, 0xff, 0xff, 0x22, 0x16, 0x80, 0x80, 0x80, 0x80,
  0x26, 0x00, 0x00, 0x00, 0x00, 0x75, 0xff, 0xff, 0xff, 0xff, 0x3c, 0x00, 0x00, 0x00, 0x00, 0x00,
  0x00, 0x00, 0x00, 0x00, 0x09, 0xe0, 0xff, 0xff, 0xff, 0xff, 0x10, 0x00, 0x00, 0x00, 0x00, 0x00,
  0x02, 0x52, 0x46, 0x75, 0xdc, 0xff, 0xff, 0xff, 0xff, 0xe3, 0x00, 0x00, 0x00, 0x00, 0x00, 0x00,
  0x00, 0xf4, 0xff, 0xff, 0xff, 0xff, 0xff, 0xff, 0xff, 0x57, 0x00, 0x00, 0x00, 0x00, 0x00, 0x00,
  0x00, 0xdf, 0xff, 0xff, 0xff, 0xff, 0xff, 0xf5, 0x5e, 0x00, 0x00, 0x00, 0x00, 0x00, 0x00, 0x00,
  0x00, 0xcc, 0xff, 0xfc, 0xbe, 0xa7, 0x89, 0x1d, 0x00, 0x00, 0x00, 0x00, 0x00, 0x00, 0x00, 0x00,
  0x00, 0xb9, 0xff, 0xce, 0x00, 0x00, 0x00, 0x00, 0x00, 0x00, 0x00, 0x00, 0x00, 0x00, 0x00, 0x00,
  0x00, 0xa5, 0xff, 0x97, 0x00, 0x00, 0x00, 0x00, 0x00, 0x00, 0x00, 0x00, 0x00, 0x00, 0x00, 0x00,
  0x00, 0x00, 0x00, 0x00, 0x00, 0x00, 0x00, 0x00, 0x00, 0x00, 0x00, 0x00, 0x00, 0x00, 0x00, 0x00,
  0x00, 0x00, 0x00, 0x00, 0x00, 0x00, 0x00, 0x00, 0x00, 0x00, 0x00, 0x00, 0x00, 0x00, 0x00, 0x05,
  0xff, 0xff, 0xff, 0xff, 0xdf, 0x00, 0x00, 0x00, 0x00, 0x00, 0x00, 0x00, 0x00, 0x00, 0x00, 0x05,
  0xff, 0xff, 0xff, 0xff, 0xdf, 0x00, 0x00, 0x00, 0x00, 0x00, 0x00, 0x00, 0x00, 0x00, 0x00, 0x05,
  0xff, 0xff, 0xff, 0xff, 0xdf, 0x00, 0x00, 0x00, 0x00, 0x00, 0x00, 0x00, 0x00, 0x00, 0x00, 0x05,
  0xff, 0xff, 0xff, 0xff, 0xdf, 0x00, 0x00, 0x00, 0x00, 0x00, 0x00, 0x00, 0x00, 0x00, 0x00, 0x05,
  0xff, 0xff, 0xff, 0xff, 0xdf, 0x00, 0x00, 0x00, 0x00, 0x00, 0x00, 0x00, 0x00, 0x00, 0x00, 0x00,
  0x00, 0x00, 0x00, 0x00, 0x00, 0x00, 0x0e, 0x3a, 0x62, 0x87, 0xb4, 0xb2, 0x9a, 0x7e, 0x4d, 0x13,
  0x00, 0x00, 0x00, 0x00, 0x00, 0x00, 0x00, 0x00, 0x00, 0x00, 0x00, 0x00, 0x00, 0x00, 0x00, 0x00,
  0x00, 0x05, 0x5a, 0xc5, 0xff, 0xff, 0xff, 0xff, 0xff, 0xff, 0xff, 0xff, 0xff, 0xff, 0xb9, 0x40,
  0x00, 0x00, 0x00, 0x00, 0x00, 0x00, 0x00, 0x00, 0x00, 0x00, 0x00, 0x00, 0x00, 0x0f, 0x82, 0xe7,
  0xff, 0xff, 0xff, 0xff, 0xff, 0xee, 0xca, 0xd6, 0xf5, 0xff, 0xff, 0xff, 0xff, 0xff, 0xb4, 0x18,
  0x00, 0x00, 0x00, 0x00, 0x00, 0x00, 0x00, 0x00, 0x00, 0x00, 0x1c, 0xd4, 0xff, 0xff, 0xff, 0xe3,
  0x7c, 0x33, 0x0e, 0x00, 0x00, 0x00, 0x00, 0x15, 0x36, 0xa8, 0xff, 0xff, 0xff, 0xee, 0x2e, 0x00,
  0x00, 0x00, 0x00, 0x00, 0x00, 0x00, 0x00, 0x2b, 0xe8, 0xff, 0xff, 0xd4, 0x48, 0x01, 0x00, 0x00,
  0x00, 0x00, 0x00, 0x00, 0x00, 0x00, 0x00, 0x00, 0x49, 0xe4, 0xff, 0xff, 0xe3, 0x18, 0x00, 0x00,
  0x00, 0x00, 0x00, 0x00, 0x0e, 0xe4, 0xff, 0xff, 0xb8, 0x0d, 0x00, 0x00, 0x00, 0x00, 0x00, 0x00,
  0x00, 0x00, 0x00, 0x00, 0x00, 0x00, 0x00, 0x0b, 0xc4, 0xff, 0xff, 0xbd, 0x00, 0x00, 0x00, 0x00,
  0x00, 0x00, 0x9f, 0xff, 0xff, 0x91, 0x02, 0x00, 0x00, 0x00, 0x1a, 0x64, 0x95, 0xb4, 0x7e, 0x38,
  0x00, 0x3e, 0x80, 0x80, 0x80, 0x31, 0x1c, 0xeb, 0xff, 0xff, 0x55, 0x00, 0x00, 0x00, 0x00, 0x48,
  0xff, 0xff, 0xba, 0x00, 0x00, 0x00, 0x07, 0x7c, 0xf8, 0xff, 0xff, 0xff, 0xff, 0xff, 0x8b, 0xad,
  0xff, 0xff, 0xff, 0x39, 0x00, 0x46, 0xff, 0xff, 0xb8, 0x00, 0x00, 0x00, 0x00, 0xbb, 0xff, 0xff,
  0x35, 0x00, 0x00, 0x04, 0xbc, 0xff, 0xff, 0xff, 0xff, 0xd1, 0xef, 0xff, 0xff, 0xff, 0xff, 0xff,
  0xfb, 0x08, 0x00, 0x00, 0xcb, 0xff, 0xfa, 0x09, 0x00, 0x00, 0x1a, 0xff, 0xff, 0xb9, 0x00, 0x00,
  0x00, 0x9d, 0xff, 0xff, 0xff, 0xb2, 0x17, 0x00, 0x03, 0xa1, 0xff, 0xff, 0xff, 0xff, 0xcc, 0x00,
  0x00, 0x00, 0x9a, 0xff, 0xff, 0x33, 0x00, 0x00, 0x73, 0xff, 0xff, 0x63, 0x00, 0x00, 0x2f, 0xff,
  0xff, 0xff, 0xc6, 0x09, 0x00, 0x00, 0x00, 0x08, 0xe9, 0xff, 0xff, 0xff, 0x95, 0x00, 0x00, 0x00,
  0x6a, 0xff, 0xff, 0x4b, 0x00, 0x00, 0xb0, 0xff, 0xff, 0x14, 0x00, 0x00, 0xab, 0xff, 0xff, 0xff,
  0x3b, 0x00, 0x00, 0x00, 0x00, 0x00, 0xb1, 0xff, 0xff, 0xff, 0x5f, 0x00, 0x00, 0x00, 0x52, 0xff,
  0xff, 0x51, 0x00, 0x00, 0xcf, 0xff, 0xdd, 0x00, 0x00, 0x0c, 0xf8, 0xff, 0xff, 0xcd, 0x00, 0x00,
  0x00, 0x00, 0x00, 0x00, 0xa1, 0xff, 0xff, 0xff, 0x29, 0x00, 0x00, 0x00, 0x7f, 0xff, 0xff, 0x27,
  0x00, 0x00, 0xee, 0xff, 0xc2, 0x00, 0x00, 0x56, 0xff, 0xff, 0xff, 0x83, 0x00, 0x00, 0x00, 0x00,
  0x00, 0x00, 0xb9, 0xff, 0xff, 0xf6, 0x00, 0x00, 0x00, 0x00, 0xb1, 0xff, 0xfa, 0x02, 0x00, 0x09,
  0xff, 0xff, 0xa6, 0x00, 0x00, 0x86, 0xff, 0xff, 0xff, 0x5e, 0x00, 0x00, 0x00, 0x00, 0x00, 0x01,
  0xec, 0xff, 0xff, 0xbd, 0x00, 0x00, 0x00, 0x00, 0xe2, 0xff, 0xcd, 0x00, 0x00, 0x0d, 0xff, 0xff,
  0x98, 0x00, 0x00, 0x8f, 0xff, 0xff, 0xff, 0x3a, 0x00, 0x00, 0x00, 0x00, 0x00, 0x41, 0xff, 0xff,
  0xff, 0x84, 0x00, 0x00, 0x00, 0x54, 0xff, 0xff, 0x6b, 0x00, 0x00, 0x00, 0xf9, 0xff, 0xae, 0x00,
  0x00, 0x77, 0xff, 0xff, 0xff, 0x41, 0x00, 0x00, 0x00, 0x00, 0x00, 0xb5, 0xff, 0xff, 0xff, 0x50,
  0x00, 0x00, 0x18, 0xf2, 0xff, 0xd7, 0x03, 0x00, 0x00, 0x00, 0xe2, 0xff, 0xc3, 0x00, 0x00, 0x50,
  0xff, 0xff, 0xff, 0x6b, 0x00, 0x00, 0x00, 0x00, 0x49, 0xff, 0xff, 0xff, 0xff, 0x1c, 0x00, 0x04,
  0xc1, 0xff, 0xff, 0x41, 0x00, 0x00, 0x00, 0x00, 0xb1, 0xff, 0xf2, 0x09, 0x00, 0x0d, 0xeb, 0xff,
  0xff, 0xe3, 0x19, 0x00, 0x00, 0x49, 0xed, 0xff, 0xff, 0xff, 0xff, 0x2a, 0x62, 0xc9, 0xff, 0xff,
  0xa8, 0x00, 0x00, 0x00, 0x00, 0x00, 0x68, 0xff, 0xff, 0x5a, 0x00, 0x00, 0x70, 0xff, 0xff, 0xff,
  0xe7, 0xc0, 0xe3, 0xff, 0xff, 0xff, 0xff, 0xff, 0xff, 0xff, 0xff, 0xff, 0xff, 0x88, 0x03, 0x00,
  0x00, 0x00, 0x00, 0x00, 0x1b, 0xff, 0xff, 0xd2, 0x03, 0x00, 0x06, 0x9d, 0xff, 0xff, 0xff, 0xff,
  0xff, 0xff, 0x97, 0xdc, 0xff, 0xff, 0xff, 0xff, 0xff, 0xee, 0x4b, 0x00, 0x00, 0x00, 0x00, 0x00,
  0x00, 0x00, 0x00, 0xa8, 0xff, 0xff, 0x81, 0x00, 0x00, 0x00, 0x4f, 0xab, 0xe3, 0xe6, 0xab, 0x45,
  0x00, 0x30, 0xb0, 0xf0, 0xce, 0x8a, 0x48, 0x09, 0x00, 0x00, 0x04, 0x40, 0x40, 0x40, 0x04, 0x00,
  0x00, 0x18, 0xf2, 0xff, 0xff, 0x97, 0x05, 0x00, 0x00, 0x00, 0x00, 0x00, 0x00, 0x00, 0x00, 0x00,
  0x00, 0x00, 0x00, 0x00, 0x00, 0x00, 0x00, 0x05, 0xb3, 0xff, 0xff, 0x9d, 0x00, 0x00, 0x00, 0x00,
  0x44, 0xfa, 0xff, 0xff, 0xcf, 0x29, 0x00, 0x00, 0x00, 0x00, 0x00, 0x00, 0x00, 0x00, 0x00, 0x00,
  0x00, 0x00, 0x00, 0x00, 0x1d, 0xbd, 0xff, 0xff, 0xdb, 0x0a, 0x00, 0x00, 0x00, 0x00, 0x00, 0x4d,
  0xf8, 0xff, 0xff, 0xfd, 0xba, 0x5d, 0x0e, 0x00, 0x00, 0x00, 0x00, 0x00, 0x00, 0x00, 0x00, 0x00,
  0x1f, 0x91, 0xfa, 0xff, 0xff, 0xfa, 0x30, 0x00, 0x00, 0x00, 0x00, 0x00, 0x00, 0x00, 0x24, 0xc6,
  0xff, 0xff, 0xff, 0xff, 0xfb, 0xbb, 0x7b, 0x63, 0x47, 0x4b, 0x5f, 0x73, 0x93, 0xdb, 0xff, 0xff,
  0xff, 0xff, 0xc4, 0x2f, 0x00, 0x00, 0x00, 0x00, 0x00, 0x00, 0x00, 0x00, 0x00, 0x02, 0x65, 0xe2,
  0xff, 0xff, 0xff, 0xff, 0xff, 0xff, 0xff, 0xff, 0xff, 0xff, 0xff, 0xff, 0xff, 0xff, 0xc3, 0x59,
  0x00, 0x00, 0x00, 0x00, 0x00, 0x00, 0x00, 0x00, 0x00, 0x00, 0x00, 0x00, 0x00, 0x03, 0x5c, 0x9f,
  0xc8, 0xf4, 0xff, 0xff, 0xff, 0xff, 0xff, 0xfb, 0xe0, 0xbd, 0x72, 0x18, 0x00, 0x00, 0x00, 0x00,
  0x00, 0x00, 0x00, 0x00, 0x00, 0x00, 0x00, 0x00, 0x00, 0x00, 0x00, 0x00, 0x00, 0x00, 0x00, 0x00,
  0x0e, 0x21, 0x33, 0x37, 0x1a, 0x01, 0x00, 0x00, 0x00, 0x00, 0x00, 0x00, 0x00, 0x00, 0x00, 0x00,
  0x00, 0x00, 0x00, 0x00, 0x00, 0x12, 0x40, 0x40, 0x40, 0x40, 0x40, 0x40, 0x40, 0x40, 0x40, 0x40,
  0x40, 0x40, 0x40, 0x00, 0x00, 0x00, 0x00, 0x00, 0x00, 0x00, 0x00, 0x48, 0xff, 0xff, 0xff, 0xff,
  0xff, 0xff, 0xff, 0xff, 0xff, 0xff, 0xff, 0xff, 0xff, 0x03, 0x00, 0x00, 0x00, 0x00, 0x00, 0x00,
  0x00, 0x48, 0xff, 0xff, 0xff, 0xff, 0xff, 0xff, 0xff, 0xff, 0xff, 0xff, 0xff, 0xff, 0xff, 0x03,
  0x00, 0x00, 0x00, 0x00, 0x00, 0x00, 0x00, 0x48, 0xff, 0xff, 0xff, 0xff, 0xff, 0xff, 0xff, 0xff,
  0xff, 0xff, 0xff, 0xff, 0xff, 0x03, 0x00, 0x00, 0x00, 0x00, 0x00, 0x00, 0x00, 0x00, 0x00, 0x00,
  0xb2, 0xff, 0xff, 0xff, 0xff, 0xff, 0xff, 0xff, 0x70, 0x00, 0x00, 0x00, 0x00, 0x00, 0x00, 0x00,
  0x00, 0x00, 0x00, 0x00, 0x00, 0x06, 0xf9, 0xff, 0xff, 0xe5, 0xbf, 0xff, 0xff, 0xff, 0xbf, 0x00,
  0x00, 0x00, 0x00, 0x00, 0x00, 0x00, 0x00, 0x00, 0x00, 0x00, 0x00, 0x49, 0xff, 0xff, 0xff, 0x98,
  0x79, 0xff, 0xff, 0xff, 0xfe, 0x13, 0x00, 0x00, 0x00, 0x00, 0x00, 0x00, 0x00, 0x00, 0x00, 0x00,
  0x00, 0x96, 0xff, 0xff, 0xff, 0x4b, 0x31, 0xff, 0xff, 0xff, 0xff, 0x62, 0x00, 0x00, 0x00, 0x00,
  0x00, 0x00, 0x00, 0x00, 0x00, 0x00, 0x00, 0xe4, 0xff, 0xff, 0xf5, 0x06, 0x00, 0xea, 0xff, 0xff,
  0xff, 0xb2, 0x00, 0x00, 0x00, 0x00, 0x00, 0x00, 0x00, 0x00, 0x00, 0x00, 0x2e, 0xff, 0xff, 0xff,
  0xb1, 0x00, 0x00, 0xa3, 0xff, 0xff, 0xff, 0xf9, 0x09, 0x00, 0x00, 0x00, 0x00, 0x00, 0x00, 0x00,
  0x00, 0x00, 0x79, 0xff, 0xff, 0xff, 0x63, 0x00, 0x00, 0x5b, 0xff, 0xff, 0xff, 0xff, 0x53, 0x00,
  0x00, 0x00, 0x00, 0x00, 0x00, 0x00, 0x00, 0x00, 0xc5, 0xff, 0xff, 0xff, 0xff, 0xff, 0xff, 0xff,
  0xff, 0xff, 0xff, 0xff, 0xa4, 0x00, 0x00, 0x00, 0x00, 0x00, 0x00, 0x00, 0x00, 0x0f, 0xfe, 0xff,
  0xff, 0xff, 0xff, 0xff, 0xff, 0xff, 0xff, 0xff, 0xff, 0xff, 0xf1, 0x03, 0x00, 0x00, 0x00, 0x00,
  0x00, 0x00, 0x00, 0x5d, 0xff, 0xff, 0xff, 0xff, 0xff, 0xff, 0xff, 0xff, 0xff, 0xff, 0xff, 0xff,
  0xff, 0x45, 0x00, 0x00, 0x00, 0x00, 0x00, 0x00, 0x00, 0xa9, 0xff, 0xff, 0xff, 0x2a, 0x00, 0x00,
  0x00, 0x00, 0x42, 0xff, 0xff, 0xff, 0xff, 0x96, 0x00, 0x00, 0x00, 0x00, 0x00, 0x00, 0x03, 0xf0,
  0xff, 0xff, 0xdf, 0x00, 0x00, 0x00, 0x00, 0x00, 0x03, 0xf4, 0xff, 0xff, 0xff, 0xe6, 0x00, 0x00,
  0x00, 0x00, 0x00, 0x00, 0x41, 0xff, 0xff, 0xff, 0x8a, 0x00, 0x00, 0x00, 0x00, 0x00, 0x00, 0xb2,
  0xff, 0xff, 0xff, 0xff, 0x37, 0x00, 0x00, 0x07, 0x80, 0x80, 0xbc, 0xff, 0xff, 0xff, 0xa7, 0x80,
  0x7c, 0x00, 0x02, 0x80, 0x80, 0xbe, 0xff, 0xff, 0xff, 0xff, 0xb9, 0x80, 0x80, 0x0f, 0xff, 0xff,
  0xff, 0xff, 0xff, 0xff, 0xff, 0xff, 0xf8, 0x00, 0x05, 0xff, 0xff, 0xff, 0xff, 0xff, 0xff, 0xff,
  0xff, 0xff, 0xff, 0x0f, 0xff, 0xff, 0xff, 0xff, 0xff, 0xff, 0xff, 0xff, 0xf8, 0x00, 0x05, 0xff,
  0xff, 0xff, 0xff, 0xff, 0xff, 0xff, 0xff, 0xff, 0xff, 0x0f, 0xff, 0xff, 0xff, 0xff, 0xff, 0xff,
  0xff, 0xff, 0xf8, 0x00, 0x05, 0xff, 0xff, 0xff, 0xff, 0xff, 0xff, 0xff, 0xff, 0xff, 0xff, 0x00,
  0x40, 0x40, 0x40, 0x40, 0x40, 0x40, 0x40, 0x40, 0x40, 0x40, 0x40, 0x40, 0x40, 0x15, 0x00, 0x00,
  0x00, 0x00, 0x00, 0x01, 0xff, 0xff, 0xff, 0xff, 0xff, 0xff, 0xff, 0xff, 0xff, 0xff, 0xff, 0xff,
  0xff, 0xff, 0xd3, 0x4c, 0x00, 0x00, 0x00, 0x03, 0xff, 0xff, 0xff, 0xff, 0xff, 0xff, 0xff, 0xff,
  0xff, 0xff, 0xff, 0xff, 0xff, 0xff, 0xff, 0xff, 0x47, 0x00, 0x00, 0x01, 0xff, 0xff, 0xff, 0xff,
  0xff, 0xff, 0xff, 0xff, 0xff, 0xff, 0xff, 0xff, 0xff, 0xff, 0xff, 0xff, 0xe8, 0x07, 0x00, 0x00,
  0x00, 0x00, 0x7c, 0xff, 0xff, 0xff, 0xff, 0xd2, 0x00, 0x12, 0x48, 0x93, 0xff, 0xff, 0xff, 0xff,
  0xff, 0x5b, 0x00, 0x00, 0x00, 0x00, 0x7c, 0xff, 0xff, 0xff, 0xff, 0xd1, 0x00, 0x00, 0x00, 0x00,
  0xd7, 0xff, 0xff, 0xff, 0xff, 0x87, 0x00, 0x00, 0x00, 0x00, 0x7c, 0xff, 0xff, 0xff, 0xff, 0xd1,
  0x00, 0x00, 0x00, 0x00, 0xbd, 0xff, 0xff, 0xff, 0xff, 0x83, 0x00, 0x00, 0x00, 0x00, 0x7c, 0xff,
  0xff, 0xff, 0xff, 0xd1, 0x00, 0x00, 0x00, 0x0f, 0xf3, 0xff, 0xff, 0xff, 0xff, 0x53, 0x00, 0x00,
  0x00, 0x00, 0x7c, 0xff, 0xff, 0xff, 0xff, 0xdd, 0x40, 0x40, 0x45, 0xba, 0xff, 0xff, 0xff, 0xff,
  0xc4, 0x02, 0x00, 0x00, 0x00, 0x00, 0x7c, 0xff, 0xff, 0xff, 0xff, 0xff, 0xff, 0xff, 0xff, 0xff,
  0xff, 0xff, 0xff, 0xac, 0x0e, 0x00, 0x00, 0x00, 0x00, 0x00, 0x7c, 0xff, 0xff, 0xff, 0xff, 0xff,
  0xff, 0xff, 0xff, 0xff, 0xff, 0xff, 0xf5, 0x67, 0x05, 0x00, 0x00, 0x00, 0x00, 0x00, 0x7d, 0xff,
  0xff, 0xff, 0xff, 0xff, 0xff, 0xff, 0xff, 0xff, 0xff, 0xff, 0xff, 0xff, 0xc3, 0x06, 0x00, 0x00,
  0x00, 0x00, 0x7c, 0xff, 0xff, 0xff, 0xff, 0xd1, 0x00, 0x00, 0x1e, 0x6a, 0xee, 0xff, 0xff, 0xff,
  0xff, 0x96, 0x00, 0x00, 0x00, 0x00, 0x7c, 0xff, 0xff, 0xff, 0xff, 0xd2, 0x00, 0x00, 0x00, 0x00,
  0x54, 0xff, 0xff, 0xff, 0xff, 0xfe, 0x1b, 0x00, 0x00, 0x00, 0x7c, 0xff, 0xff, 0xff, 0xff, 0xd1,
  0x00, 0x00, 0x00, 0x00, 0x1a, 0xff, 0xff, 0xff, 0xff, 0xff, 0x4b, 0x00, 0x00, 0x00, 0x7d, 0xff,
  0xff, 0xff, 0xff, 0xd2, 0x00, 0x00, 0x00, 0x00, 0x2c, 0xff, 0xff, 0xff, 0xff, 0xff, 0x4e, 0x00,
  0x00, 0x00, 0x7c, 0xff, 0xff, 0xff, 0xff, 0xd2, 0x00, 0x00, 0x00, 0x00, 0x8c, 0xff, 0xff, 0xff,
  0xff, 0xff, 0x20, 0x01, 0x80, 0x80, 0xbe, 0xff, 0xff, 0xff, 0xff, 0xe9, 0x80, 0x80, 0x80, 0xb4,
  0xff, 0xff, 0xff, 0xff, 0xff, 0xbd, 0x00, 0x03, 0xff, 0xff, 0xff, 0xff, 0xff, 0xff, 0xff, 0xff,
  0xff, 0xff, 0xff, 0xff, 0xff, 0xff, 0xff, 0xff, 0xf8, 0x2d, 0x00, 0x01, 0xff, 0xff, 0xff, 0xff,
  0xff, 0xff, 0xff, 0xff, 0xff, 0xff, 0xff, 0xff, 0xff, 0xff, 0xff, 0xe0, 0x40, 0x00, 0x00, 0x01,
  0xff, 0xff, 0xff, 0xff, 0xff, 0xff, 0xff, 0xff, 0xff, 0xff, 0xff, 0xf9, 0xd0, 0xa3, 0x5b, 0x05,
  0x00, 0x00, 0x00, 0x00, 0x00, 0x00, 0x00, 0x00, 0x00, 0x00, 0x00, 0x00, 0x00, 0x00, 0x00, 0x00,
  0x00, 0x00, 0x00, 0x00, 0x00, 0x00, 0x00, 0x00, 0x00, 0x00, 0x00, 0x00, 0x00, 0x06, 0x3f, 0x7b,
  0x9b, 0xb6, 0xa8, 0x80, 0x5b, 0x1a, 0x00, 0x03, 0x40, 0x40, 0x40, 0x19, 0x00, 0x00, 0x00, 0x00,
  0x00, 0x06, 0x74, 0xee, 0xff, 0xff, 0xff, 0xff, 0xff, 0xff, 0xff, 0xf6, 0x87, 0x1c, 0xff, 0xff,
  0xff, 0x63, 0x00, 0x00, 0x00, 0x00, 0x21, 0xd3, 0xff, 0xff, 0xff, 0xff, 0xff, 0xff, 0xff, 0xff,
  0xff, 0xff, 0xff, 0xef, 0xff, 0xff, 0xff, 0x64, 0x00, 0x00, 0x00, 0x30, 0xf1, 0xff, 0xff, 0xff,
  0xff, 0xff, 0xff, 0xff, 0xff, 0xff, 0xff, 0xff, 0xff, 0xff, 0xff, 0xff, 0xff, 0x64, 0x00, 0x00,
  0x1b, 0xe7, 0xff, 0xff, 0xff, 0xff, 0xff, 0xf7, 0x85, 0x47, 0x11, 0x19, 0x48, 0xc2, 0xff, 0xff,
  0xff, 0xff, 0xff, 0x64, 0x00, 0x00, 0x9f, 0xff, 0xff, 0xff, 0xff, 0xff, 0xc3, 0x1e, 0x00, 0x00,
  0x00, 0x00, 0x00, 0x00, 0x99, 0xff, 0xff, 0xff, 0xff, 0x64, 0x00, 0x21, 0xfe, 0xff, 0xff, 0xff,
  0xff, 0xf6, 0x17, 0x00, 0x00, 0x00, 0x00, 0x00, 0x00, 0x00, 0x02, 0xc7, 0xff, 0xff, 0xff, 0x64,
  0x00, 0x6b, 0xff, 0xff, 0xff, 0xff, 0xff, 0x75, 0x00, 0x00, 0x00, 0x00, 0x00, 0x00, 0x00, 0x00,
  0x00, 0x35, 0xc0, 0xc0, 0xc0, 0x4b, 0x00, 0xb0, 0xff, 0xff, 0xff, 0xff, 0xff, 0x1b, 0x00, 0x00,
  0x00, 0x00, 0x00, 0x00, 0x00, 0x00, 0x00, 0x00, 0x00, 0x00, 0x00, 0x00, 0x00, 0xd8, 0xff, 0xff,
  0xff, 0xff, 0xf8, 0x00, 0x00, 0x00, 0x00, 0x00, 0x00, 0x00, 0x00, 0x00, 0x00, 0x00, 0x00, 0x00,
  0x00, 0x00, 0x00, 0xe0, 0xff, 0xff, 0xff, 0xff, 0xd6, 0x00, 0x00, 0x00, 0x00, 0x00, 0x00, 0x00,
  0x00, 0x00, 0x00, 0x00, 0x00, 0x00, 0x00, 0x00, 0x00, 0xd5, 0xff, 0xff, 0xff, 0xff, 0xea, 0x00,
  0x00, 0x00, 0x00, 0x00, 0x00, 0x00, 0x00, 0x00, 0x00, 0x00, 0x00, 0x00, 0x00, 0x00, 0x00, 0xc1,
  0xff, 0xff, 0xff, 0xff, 0xff, 0x0e, 0x00, 0x00, 0x00, 0x00, 0x00, 0x00, 0x00, 0x00, 0x00, 0x01,
  0x8d, 0x1c, 0x00, 0x00, 0x00, 0x95, 0xff, 0xff, 0xff, 0xff, 0xff, 0x5d, 0x00, 0x00, 0x00, 0x00,
  0x00, 0x00, 0x00, 0x00, 0x00, 0x40, 0xff, 0xfa, 0x9c, 0x1e, 0x00, 0x4f, 0xff, 0xff, 0xff, 0xff,
  0xff, 0xd4, 0x00, 0x00, 0x00, 0x00, 0x00, 0x00, 0x00, 0x00, 0x00, 0xc1, 0xff, 0xff, 0xff, 0xfd,
  0x14, 0x05, 0xdf, 0xff, 0xff, 0xff, 0xff, 0xff, 0x4e, 0x00, 0x00, 0x00, 0x00, 0x00, 0x00, 0x00,
  0x60, 0xff, 0xff, 0xff, 0xff, 0xcd, 0x00, 0x00, 0x59, 0xff, 0xff, 0xff, 0xff, 0xff, 0xf8, 0x5b,
  0x00, 0x00, 0x00, 0x00, 0x00, 0x59, 0xf0, 0xff, 0xff, 0xff, 0xff, 0x55, 0x00, 0x00, 0x00, 0xaa,
  0xff, 0xff, 0xff, 0xff, 0xff, 0xff, 0xbd, 0x9e, 0x86, 0x9f, 0xcd, 0xff, 0xff, 0xff, 0xff, 0xff,
  0xa9, 0x00, 0x00, 0x00, 0x00, 0x0d, 0xcc, 0xff, 0xff, 0xff, 0xff, 0xff, 0xff, 0xff, 0xff, 0xff,
  0xff, 0xff, 0xff, 0xff, 0xff, 0xae, 0x05, 0x00, 0x00, 0x00, 0x00, 0x00, 0x06, 0x95, 0xfc, 0xff,
  0xff, 0xff, 0xff, 0xff, 0xff, 0xff, 0xff, 0xff, 0xff, 0xfd, 0x84, 0x02, 0x00, 0x00, 0x00, 0x00,
  0x00, 0x00, 0x00, 0x00, 0x14, 0x78, 0xd2, 0xff, 0xff, 0xff, 0xff, 0xff, 0xff, 0xd6, 0x9d, 0x31,
  0x00, 0x00, 0x00, 0x00, 0x00, 0x00, 0x00, 0x00, 0x00, 0x00, 0x00, 0x00, 0x00, 0x27, 0x40, 0x40,
  0x38, 0x20, 0x06, 0x00, 0x00, 0x00, 0x00, 0x00, 0x00, 0x00, 0x00, 0x00, 0x40, 0x40, 0x40, 0x40,
  0x40, 0x40, 0x40, 0x40, 0x40, 0x40, 0x34, 0x26, 0x17, 0x08, 0x00, 0x00, 0x00, 0x00, 0x00, 0x00,
  0x00, 0x00, 0x02, 0xff, 0xff, 0xff, 0xff, 0xff, 0xff, 0xff, 0xff, 0xff, 0xff, 0xff, 0xff, 0xff,
  0xff, 0xda, 0x80, 0x26, 0x00, 0x00, 0x00, 0x00, 0x00, 0x03, 0xff, 0xff, 0xff, 0xff, 0xff, 0xff,
  0xff, 0xff, 0xff, 0xff, 0xff, 0xff, 0xff, 0xff, 0xff, 0xff, 0xff, 0x96, 0x07, 0x00, 0x00, 0x00,
  0x02, 0xff, 0xff, 0xff, 0xff, 0xff, 0xff, 0xff, 0xff, 0xff, 0xff, 0xff, 0xff, 0xff, 0xff, 0xff,
  0xff, 0xff, 0xff, 0xd2, 0x16, 0x00, 0x00, 0x00, 0x00, 0x00, 0x00, 0xec, 0xff, 0xff, 0xff, 0xff,
  0x5c, 0x01, 0x16, 0x2e, 0x54, 0xcb, 0xff, 0xff, 0xff, 0xff, 0xff, 0xc1, 0x03, 0x00, 0x00, 0x00,
  0x00, 0x00, 0xec, 0xff, 0xff, 0xff, 0xff, 0x5c, 0x00, 0x00, 0x00, 0x00, 0x09, 0xca, 0xff, 0xff,
  0xff, 0xff, 0xff, 0x7f, 0x00, 0x00, 0x00, 0x00, 0x00, 0xec, 0xff, 0xff, 0xff, 0xff, 0x5c, 0x00,
  0x00, 0x00, 0x00, 0x00, 0x20, 0xf2, 0xff, 0xff, 0xff, 0xff, 0xea, 0x05, 0x00, 0x00, 0x00, 0x00,
  0xec, 0xff, 0xff, 0xff, 0xff, 0x5c, 0x00, 0x00, 0x00, 0x00, 0x00, 0x00, 0x51, 0xff, 0xff, 0xff,
  0xff, 0xff, 0x53, 0x00, 0x00, 0x00, 0x00, 0xec, 0xff, 0xff, 0xff, 0xff, 0x5c, 0x00, 0x00, 0x00,
  0x00, 0x00, 0x00, 0x00, 0xea, 0xff, 0xff, 0xff, 0xff, 0x93, 0x00, 0x00, 0x00, 0x00, 0xec, 0xff,
  0xff, 0xff, 0xff, 0x5c, 0x00, 0x00, 0x00, 0x00, 0x00, 0x00, 0x00, 0xd4, 0xff, 0xff, 0xff, 0xff,
  0xb2, 0x00, 0x00, 0x00, 0x00, 0xec, 0xff, 0xff, 0xff, 0xff, 0x5c, 0x00, 0x00, 0x00, 0x00, 0x00,
  0x00, 0x00, 0xbd, 0xff, 0xff, 0xff, 0xff, 0xcf, 0x00, 0x00, 0x00, 0x00, 0xec, 0xff, 0xff, 0xff,
  0xff, 0x5c, 0x00, 0x00, 0x00, 0x00, 0x00, 0x00, 0x00, 0xc6, 0xff, 0xff, 0xff, 0xff, 0xc7, 0x00,
  0x00, 0x00, 0x00, 0xec, 0xff, 0xff, 0xff, 0xff, 0x5c, 0x00, 0x00, 0x00, 0x00, 0x00, 0x00, 0x00,
  0xf4, 0xff, 0xff, 0xff, 0xff, 0xab, 0x00, 0x00, 0x00, 0x00, 0xec, 0xff, 0xff, 0xff, 0xff, 0x5c,
  0x00, 0x00, 0x00, 0x00, 0x00, 0x00, 0x1e, 0xff, 0xff, 0xff, 0xff, 0xff, 0x74, 0x00, 0x00, 0x00,
  0x00, 0xec, 0xff, 0xff, 0xff, 0xff, 0x5c, 0x00, 0x00, 0x00, 0x00, 0x00, 0x00, 0x92, 0xff, 0xff,
  0xff, 0xff, 0xff, 0x1e, 0x00, 0x00, 0x00, 0x00, 0xec, 0xff, 0xff, 0xff, 0xff, 0x5c, 0x00, 0x00,
  0x00, 0x00, 0x00, 0x4b, 0xff, 0xff, 0xff, 0xff, 0xff, 0xcb, 0x00, 0x00, 0x00, 0x00, 0x00, 0xec,
  0xff, 0xff, 0xff, 0xff, 0x5c, 0x00, 0x00, 0x00, 0x00, 0x3d, 0xf0, 0xff, 0xff, 0xff, 0xff, 0xff,
  0x3d, 0x00, 0x01, 0x80, 0x80, 0x80, 0xf6, 0xff, 0xff, 0xff, 0xff, 0xae, 0x80, 0x80, 0x80, 0xa9,
  0xff, 0xff, 0xff, 0xff, 0xff, 0xff, 0x96, 0x00, 0x00, 0x03, 0xff, 0xff, 0xff, 0xff, 0xff, 0xff,
  0xff, 0xff, 0xff, 0xff, 0xff, 0xff, 0xff, 0xff, 0xff, 0xff, 0xff, 0xff, 0xba, 0x07, 0x00, 0x00,
  0x02, 0xff, 0xff, 0xff, 0xff, 0xff, 0xff, 0xff, 0xff, 0xff, 0xff, 0xff, 0xff, 0xff, 0xff, 0xff,
  0xff, 0xfb, 0x95, 0x05, 0x00, 0x00, 0x00, 0x01, 0xff, 0xff, 0xff, 0xff, 0xff, 0xff, 0xff, 0xff,
  0xff, 0xff, 0xff, 0xff, 0xff, 0xf1, 0xc8, 0x7e, 0x1a, 0x00, 0x00, 0x00, 0x00, 0x00, 0x00, 0x00,
  0x00, 0x00, 0x00, 0x00, 0x00, 0x00, 0x00, 0x00, 0x00, 0x00, 0x00, 0x00, 0x00, 0x00, 0x00, 0x00,
  0x00, 0x00, 0x00, 0x00, 0x00, 0x00, 0x40, 0x40, 0x40, 0x40, 0x40, 0x40, 0x40, 0x40, 0x40, 0x40,
  0x40, 0x40, 0x40, 0x40, 0x40, 0x40, 0x40, 0x3b, 0x03, 0xff, 0xff, 0xff, 0xff, 0xff, 0xff, 0xff,
  0xff, 0xff, 0xff, 0xff, 0xff, 0xff, 0xff, 0xff, 0xff, 0xff, 0xee, 0x03, 0xff, 0xff, 0xff, 0xff,
  0xff, 0xff, 0xff, 0xff, 0xff, 0xff, 0xff, 0xff, 0xff, 0xff, 0xff, 0xff, 0xff, 0xee, 0x03, 0xff,
  0xff, 0xff, 0xff, 0xff, 0xff, 0xff, 0xff, 0xff, 0xff, 0xff, 0xff, 0xff, 0xff, 0xff, 0xff, 0xff,
  0xee, 0x00, 0x00, 0x00, 0x94, 0xff, 0xff, 0xff, 0xff, 0xbb, 0x00, 0x00, 0x00, 0x00, 0x00, 0x00,
  0xf1, 0xff, 0xff, 0xee, 0x00, 0x00, 0x00, 0x94, 0xff, 0xff, 0xff, 0xff, 0xbb, 0x00, 0x00, 0x00,
  0x00, 0x00, 0x00, 0xf1, 0xff, 0xff, 0xee, 0x00, 0x00, 0x00, 0x94, 0xff, 0xff, 0xff, 0xff, 0xbb,
  0x00, 0x00, 0x00, 0x00, 0x00, 0x00, 0xf1, 0xff, 0xff, 0xee, 0x00, 0x00, 0x00, 0x94, 0xff, 0xff,
  0xff, 0xff, 0xbb, 0x00, 0x00, 0x00, 0x00, 0x00, 0x00, 0x00, 0x00, 0x00, 0x00, 0x00, 0x00, 0x00,
  0x94, 0xff, 0xff, 0xff, 0xff, 0xcb, 0x40, 0x40, 0x40, 0x40, 0x35, 0x00, 0x00, 0x00, 0x00, 0x00,
  0x00, 0x00, 0x00, 0x94, 0xff, 0xff, 0xff, 0xff, 0xff, 0xff, 0xff, 0xff, 0xff, 0xd4, 0x00, 0x00,
  0x00, 0x00, 0x00, 0x00, 0x00, 0x00, 0x94, 0xff, 0xff, 0xff, 0xff, 0xff, 0xff, 0xff, 0xff, 0xff,
  0xd4, 0x00, 0x00, 0x00, 0x00, 0x00, 0x00, 0x00, 0x00, 0x94, 0xff, 0xff, 0xff, 0xff, 0xff, 0xff,
  0xff, 0xff, 0xff, 0xd4, 0x00, 0x00, 0x00, 0x00, 0x00, 0x00, 0x00, 0x00, 0x94, 0xff, 0xff, 0xff,
  0xff, 0xcb, 0x40, 0x40, 0x40, 0x40, 0x35, 0x00, 0x00, 0x00, 0x00, 0x00, 0x00, 0x00, 0x00, 0x94,
  0xff, 0xff, 0xff, 0xff, 0xbb, 0x00, 0x00, 0x00, 0x00, 0x00, 0x00, 0x00, 0x00, 0x00, 0x00, 0x00,
  0x00, 0x00, 0x94, 0xff, 0xff, 0xff, 0xff, 0xba, 0x00, 0x00, 0x00, 0x00, 0x00, 0x00, 0x78, 0x80,
  0x80, 0x77, 0x00, 0x00, 0x00, 0x94, 0xff, 0xff, 0xff, 0xff, 0xbb, 0x00, 0x00, 0x00, 0x00, 0x00,
  0x00, 0xf1, 0xff, 0xff, 0xee, 0x00, 0x00, 0x00, 0x94, 0xff, 0xff, 0xff, 0xff, 0xbb, 0x00, 0x00,
  0x00, 0x00, 0x00, 0x00, 0xf1, 0xff, 0xff, 0xee, 0x01, 0x80, 0x80, 0xca, 0xff, 0xff, 0xff, 0xff,
  0xdd, 0x80, 0x80, 0x80, 0x80, 0x80, 0x80, 0xf8, 0xff, 0xff, 0xee, 0x03, 0xff, 0xff, 0xff, 0xff,
  0xff, 0xff, 0xff, 0xff, 0xff, 0xff, 0xff, 0xff, 0xff, 0xff, 0xff, 0xff, 0xff, 0xee, 0x03, 0xff,
  0xff, 0xff, 0xff, 0xff, 0xff, 0xff, 0xff, 0xff, 0xff, 0xff, 0xff, 0xff, 0xff, 0xff, 0xff, 0xff,
  0xee, 0x03, 0xff, 0xff, 0xff, 0xff, 0xff, 0xff, 0xff, 0xff, 0xff, 0xff, 0xff, 0xff, 0xff, 0xff,
  0xff, 0xff, 0xff, 0xee, 0x0a, 0x40, 0x40, 0x40, 0x40, 0x40, 0x40, 0x40, 0x40, 0x40, 0x40, 0x40,
  0x40, 0x40, 0x40, 0x40, 0x40, 0x40, 0x40, 0x05, 0x29, 0xff, 0xff, 0xff, 0xff, 0xff, 0xff, 0xff,
  0xff, 0xff, 0xff, 0xff, 0xff, 0xff, 0xff, 0xff, 0xff, 0xff, 0xff, 0x14, 0x29, 0xff, 0xff, 0xff,
  0xff, 0xff, 0xff, 0xff, 0xff, 0xff, 0xff, 0xff, 0xff, 0xff, 0xff, 0xff, 0xff, 0xff, 0xff, 0x14,
  0x29, 0xff, 0xff, 0xff, 0xff, 0xff, 0xff, 0xff, 0xff, 0xff, 0xff, 0xff, 0xff, 0xff, 0xff, 0xff,
  0xff, 0xff, 0xff, 0x14, 0x00, 0x00, 0x00, 0x40, 0xff, 0xff, 0xff, 0xff, 0xff, 0x0f, 0x00, 0x00,
  0x00, 0x00, 0x00, 0xd2, 0xff, 0xff, 0xff, 0x14, 0x00, 0x00, 0x00, 0x40, 0xff, 0xff, 0xff, 0xff,
  0xff, 0x0f, 0x00, 0x00, 0x00, 0x00, 0x00, 0xd2, 0xff, 0xff, 0xff, 0x14, 0x00, 0x00, 0x00, 0x40,
  0xff, 0xff, 0xff, 0xff, 0xff, 0x0f, 0x00, 0x00, 0x00, 0x00, 0x00, 0xd2, 0xff, 0xff, 0xff, 0x14,
  0x00, 0x00, 0x00, 0x40, 0xff, 0xff, 0xff, 0xff, 0xff, 0x0f, 0x00, 0x00, 0x00, 0x00, 0x00, 0x00,
  0x00, 0x00, 0x00, 0x00, 0x00, 0x00, 0x00, 0x40, 0xff, 0xff, 0xff, 0xff, 0xff, 0x4a, 0x40, 0x40,
  0x40, 0x1e, 0x00, 0x00, 0x00, 0x00, 0x00, 0x00, 0x00, 0x00, 0x00, 0x40, 0xff, 0xff, 0xff, 0xff,
  0xff, 0xff, 0xff, 0xff, 0xff, 0x78, 0x00, 0x00, 0x00, 0x00, 0x00, 0x00, 0x00, 0x00, 0x00, 0x40,
  0xff, 0xff, 0xff, 0xff, 0xff, 0xff, 0xff, 0xff, 0xff, 0x78, 0x00, 0x00, 0x00, 0x00, 0x00, 0x00,
  0x00, 0x00, 0x00, 0x40, 0xff, 0xff, 0xff, 0xff, 0xff, 0xff, 0xff, 0xff, 0xff, 0x78, 0x00, 0x00,
  0x00, 0x00, 0x00, 0x00, 0x00, 0x00, 0x00, 0x40, 0xff, 0xff, 0xff, 0xff, 0xff, 0x4a, 0x40, 0x40,
  0x40, 0x1e, 0x00, 0x00, 0x00, 0x00, 0x00, 0x00, 0x00, 0x00, 0x00, 0x40, 0xff, 0xff, 0xff, 0xff,
  0xff, 0x0f, 0x00, 0x00, 0x00, 0x00, 0x00, 0x00, 0x00, 0x00, 0x00, 0x00, 0x00, 0x00, 0x00, 0x40,
  0xff, 0xff, 0xff, 0xff, 0xff, 0x0f, 0x00, 0x00, 0x00, 0x00, 0x00, 0x00, 0x00, 0x00, 0x00, 0x00,
  0x00, 0x00, 0x00, 0x40, 0xff, 0xff, 0xff, 0xff, 0xff, 0x0f, 0x00, 0x00, 0x00, 0x00, 0x00, 0x00,
  0x00, 0x00, 0x00, 0x00, 0x00, 0x00, 0x00, 0x40, 0xff, 0xff, 0xff, 0xff, 0xff, 0x0f, 0x00, 0x00,
  0x00, 0x00, 0x00, 0x00, 0x00, 0x00, 0x00, 0x00, 0x14, 0x80, 0x80, 0xa0, 0xff, 0xff, 0xff, 0xff,
  0xff, 0x87, 0x80, 0x80, 0x1b, 0x00, 0x00, 0x00, 0x00, 0x00, 0x00, 0x00, 0x29, 0xff, 0xff, 0xff,
  0xff, 0xff, 0xff, 0xff, 0xff, 0xff, 0xff, 0xff, 0x36, 0x00, 0x00, 0x00, 0x00, 0x00, 0x00, 0x00,
  0x29, 0xff, 0xff, 0xff, 0xff, 0xff, 0xff, 0xff, 0xff, 0xff, 0xff, 0xff, 0x36, 0x00, 0x00, 0x00,
  0x00, 0x00, 0x00, 0x00, 0x29, 0xff, 0xff, 0xff, 0xff, 0xff, 0xff, 0xff, 0xff, 0xff, 0xff, 0xff,
  0x36, 0x00, 0x00, 0x00, 0x00, 0x00, 0x00, 0x00, 0x00, 0x00, 0x00, 0x00, 0x00, 0x00, 0x00, 0x2a,
  0x68, 0x90, 0xac, 0xb6, 0x94, 0x72, 0x4c, 0x06, 0x00, 0x17, 0x40, 0x40, 0x40, 0x05, 0x00, 0x00,
  0x00, 0x00, 0x00, 0x00, 0x37, 0xcb, 0xff, 0xff, 0xff, 0xff, 0xff, 0xff, 0xff, 0xff, 0xe1, 0x5d,
  0x5f, 0xff, 0xff, 0xff, 0x13, 0x00, 0x00, 0x00, 0x00, 0x04, 0x91, 0xff, 0xff, 0xff, 0xff, 0xff,
  0xff, 0xff, 0xff, 0xff, 0xff, 0xff, 0xff, 0xf0, 0xff, 0xff, 0xff, 0x14, 0x00, 0x00, 0x00, 0x04,
  0xbd, 0xff, 0xff, 0xff, 0xff, 0xff, 0xff, 0xff, 0xff, 0xff, 0xff, 0xff, 0xff, 0xff, 0xff, 0xff,
  0xff, 0xff, 0x14, 0x00, 0x00, 0x00, 0xa4, 0xff, 0xff, 0xff, 0xff, 0xff, 0xff, 0x9f, 0x4f, 0x1c,
  0x0f, 0x35, 0x8d, 0xf4, 0xff, 0xff, 0xff, 0xff, 0xff, 0x14, 0x00, 0x00, 0x45, 0xff, 0xff, 0xff,
  0xff, 0xff, 0xe8, 0x41, 0x00, 0x00, 0x00, 0x00, 0x00, 0x00, 0x1c, 0xde, 0xff, 0xff, 0xff, 0xff,
  0x14, 0x00, 0x00, 0xc7, 0xff, 0xff, 0xff, 0xff, 0xff, 0x51, 0x00, 0x00, 0x00, 0x00, 0x00, 0x00,
  0x00, 0x00, 0x1d, 0xf8, 0xff, 0xff, 0xff, 0x14, 0x00, 0x18, 0xff, 0xff, 0xff, 0xff, 0xff, 0xbd,
  0x00, 0x00, 0x00, 0x00, 0x00, 0x00, 0x00, 0x00, 0x00, 0x00, 0x6f, 0xc0, 0xc0, 0xc0, 0x0f, 0x00,
  0x59, 0xff, 0xff, 0xff, 0xff, 0xff, 0x60, 0x00, 0x00, 0x00, 0x00, 0x00, 0x00, 0x00, 0x00, 0x00,
  0x00, 0x00, 0x00, 0x00, 0x00, 0x00, 0x00, 0x75, 0xff, 0xff, 0xff, 0xff, 0xff, 0x41, 0x00, 0x00,
  0x00, 0x00, 0x00, 0x00, 0x00, 0x00, 0x00, 0x00, 0x00, 0x00, 0x00, 0x00, 0x00, 0x00, 0x88, 0xff,
  0xff, 0xff, 0xff, 0xff, 0x2a, 0x00, 0x00, 0x00, 0x00, 0x00, 0x00, 0x2e, 0x40, 0x40, 0x40, 0x40,
  0x40, 0x40, 0x40, 0x40, 0x36, 0x7f, 0xff, 0xff, 0xff, 0xff, 0xff, 0x47, 0x00, 0x00, 0x00, 0x00,
  0x00, 0x00, 0xb8, 0xff, 0xff, 0xff, 0xff, 0xff, 0xff, 0xff, 0xff, 0xca, 0x69, 0xff, 0xff, 0xff,
  0xff, 0xff, 0x6b, 0x00, 0x00, 0x00, 0x00, 0x00, 0x00, 0xb8, 0xff, 0xff, 0xff, 0xff, 0xff, 0xff,
  0xff, 0xff, 0xac, 0x3a, 0xff, 0xff, 0xff, 0xff, 0xff, 0xc1, 0x00, 0x00, 0x00, 0x00, 0x00, 0x00,
  0xb8, 0xff, 0xff, 0xff, 0xff, 0xff, 0xff, 0xff, 0xff, 0x8d, 0x03, 0xef, 0xff, 0xff, 0xff, 0xff,
  0xff, 0x44, 0x00, 0x00, 0x00, 0x00, 0x00, 0x2e, 0x40, 0x40, 0x77, 0xff, 0xff, 0xff, 0xff, 0xff,
  0x4a, 0x00, 0x86, 0xff, 0xff, 0xff, 0xff, 0xff, 0xd1, 0x11, 0x00, 0x00, 0x00, 0x00, 0x00, 0x00,
  0x00, 0xb3, 0xff, 0xff, 0xff, 0xff, 0xe3, 0x02, 0x00, 0x0d, 0xea, 0xff, 0xff, 0xff, 0xff, 0xff,
  0xdf, 0x31, 0x00, 0x00, 0x00, 0x00, 0x05, 0x94, 0xff, 0xff, 0xff, 0xff, 0xff, 0x7b, 0x00, 0x00,
  0x00, 0x42, 0xfe, 0xff, 0xff, 0xff, 0xff, 0xff, 0xff, 0xd3, 0xa3, 0x80, 0x82, 0xdd, 0xff, 0xff,
  0xff, 0xff, 0xff, 0xbc, 0x05, 0x00, 0x00, 0x00, 0x00, 0x69, 0xfd, 0xff, 0xff, 0xff, 0xff, 0xff,
  0xff, 0xff, 0xff, 0xff, 0xff, 0xff, 0xff, 0xff, 0xff, 0xcd, 0x0e, 0x00, 0x00, 0x00, 0x00, 0x00,
  0x00, 0x3a, 0xe0, 0xff, 0xff, 0xff, 0xff, 0xff, 0xff, 0xff, 0xff, 0xff, 0xff, 0xff, 0xe9, 0x63,
  0x03, 0x00, 0x00, 0x00, 0x00, 0x00, 0x00, 0x00, 0x00, 0x06, 0x69, 0xd5, 0xff, 0xff, 0xff, 0xff,
  0xff, 0xff, 0xfe, 0xba, 0x56, 0x07, 0x00, 0x00, 0x00, 0x00, 0x00, 0x00, 0x00, 0x00, 0x00, 0x00,
  0x00, 0x00, 0x00, 0x0f, 0x3e, 0x40, 0x40, 0x31, 0x1c, 0x04, 0x00, 0x00, 0x00, 0x00, 0x00, 0x00,
  0x00, 0x00, 0x04, 0x40, 0x40, 0x40, 0x40, 0x40, 0x40, 0x40, 0x40, 0x40, 0x31, 0x00, 0x38, 0x40,
  0x40, 0x40, 0x40, 0x40, 0x40, 0x40, 0x40, 0x39, 0x12, 0xff, 0xff, 0xff, 0xff, 0xff, 0xff, 0xff,
  0xff, 0xff, 0xc5, 0x00, 0xe1, 0xff, 0xff, 0xff, 0xff, 0xff, 0xff, 0xff, 0xff, 0xe6, 0x12, 0xff,
  0xff, 0xff, 0xff, 0xff, 0xff, 0xff, 0xff, 0xff, 0xc5, 0x00, 0xe1, 0xff, 0xff, 0xff, 0xff, 0xff,
  0xff, 0xff, 0xff, 0xe6, 0x12, 0xff, 0xff, 0xff, 0xff, 0xff, 0xff, 0xff, 0xff, 0xff, 0xc5, 0x00,
  0xe1, 0xff, 0xff, 0xff, 0xff, 0xff, 0xff, 0xff, 0xff, 0xe6, 0x00, 0x00, 0x00, 0x8d, 0xff, 0xff,
  0xff, 0xff, 0x9c, 0x00, 0x00, 0x00, 0x00, 0x00, 0xd7, 0xff, 0xff, 0xff, 0xff, 0x52, 0x00, 0x00,
  0x00, 0x00, 0x00, 0x8d, 0xff, 0xff, 0xff, 0xff, 0x9c, 0x00, 0x00, 0x00, 0x00, 0x00, 0xd7, 0xff,
  0xff, 0xff, 0xff, 0x52, 0x00, 0x00, 0x00, 0x00, 0x00, 0x8d, 0xff, 0xff, 0xff, 0xff, 0x9c, 0x00,
  0x00, 0x00, 0x00, 0x00, 0xd7, 0xff, 0xff, 0xff, 0xff, 0x52, 0x00, 0x00, 0x00, 0x00, 0x00, 0x8d,
  0xff, 0xff, 0xff, 0xff, 0x9c, 0x00, 0x00, 0x00, 0x00, 0x00, 0xd7, 0xff, 0xff, 0xff, 0xff, 0x52,
  0x00, 0x00, 0x00, 0x00, 0x00, 0x8c, 0xff, 0xff, 0xff, 0xff, 0xce, 0x80, 0x80, 0x80, 0x80, 0x80,
  0xeb, 0xff, 0xff, 0xff, 0xff, 0x52, 0x00, 0x00, 0x00, 0x00, 0x00, 0x8d, 0xff, 0xff, 0xff, 0xff,
  0xff, 0xff, 0xff, 0xff, 0xff, 0xff, 0xff, 0xff, 0xff, 0xff, 0xff, 0x52, 0x00, 0x00, 0x00, 0x00,
  0x00, 0x8d, 0xff, 0xff, 0xff, 0xff, 0xff, 0xff, 0xff, 0xff, 0xff, 0xff, 0xff, 0xff, 0xff, 0xff,
  0xff, 0x52, 0x00, 0x00, 0x00, 0x00, 0x00, 0x8d, 0xff, 0xff, 0xff, 0xff, 0xff, 0xff, 0xff, 0xff,
  0xff, 0xff, 0xff, 0xff, 0xff, 0xff, 0xff, 0x52, 0x00, 0x00, 0x00, 0x00, 0x00, 0x8d, 0xff, 0xff,
  0xff, 0xff, 0x9c, 0x00, 0x00, 0x00, 0x00, 0x00, 0xd7, 0xff, 0xff, 0xff, 0xff, 0x52, 0x00, 0x00,
  0x00, 0x00, 0x00, 0x8d, 0xff, 0xff, 0xff, 0xff, 0x9c, 0x00, 0x00, 0x00, 0x00, 0x00, 0xd7, 0xff,
  0xff, 0xff, 0xff, 0x52, 0x00, 0x00, 0x00, 0x00, 0x00, 0x8d, 0xff, 0xff, 0xff, 0xff, 0x9c, 0x00,
  0x00, 0x00, 0x00, 0x00, 0xd7, 0xff, 0xff, 0xff, 0xff, 0x52, 0x00, 0x00, 0x00, 0x00, 0x00, 0x8d,
  0xff, 0xff, 0xff, 0xff, 0x9c, 0x00, 0x00, 0x00, 0x00, 0x00, 0xd7, 0xff, 0xff, 0xff, 0xff, 0x52,
  0x00, 0x00, 0x00, 0x00, 0x00, 0x8d, 0xff, 0xff, 0xff, 0xff, 0x9c, 0x00, 0x00, 0x00, 0x00, 0x00,
  0xd7, 0xff, 0xff, 0xff, 0xff, 0x52, 0x00, 0x00, 0x09, 0x80, 0x80, 0xc6, 0xff, 0xff, 0xff, 0xff,
  0xce, 0x80, 0x62, 0x00, 0x70, 0x80, 0xeb, 0xff, 0xff, 0xff, 0xff, 0xa9, 0x80, 0x73, 0x12, 0xff,
  0xff, 0xff, 0xff, 0xff, 0xff, 0xff, 0xff, 0xff, 0xc5, 0x00, 0xe1, 0xff, 0xff, 0xff, 0xff, 0xff,
  0xff, 0xff, 0xff, 0xe6, 0x12, 0xff, 0xff, 0xff, 0xff, 0xff, 0xff, 0xff, 0xff, 0xff, 0xc5, 0x00,
  0xe1, 0xff, 0xff, 0xff, 0xff, 0xff, 0xff, 0xff, 0xff, 0xe6, 0x12, 0xff, 0xff, 0xff, 0xff, 0xff,
  0xff, 0xff, 0xff, 0xff, 0xc5, 0x00, 0xe1, 0xff, 0xff, 0xff, 0xff, 0xff, 0xff, 0xff, 0xff, 0xe6,
  0x19, 0x40, 0x40, 0x40, 0x40, 0x40, 0x40, 0x40, 0x40, 0x40, 0x40, 0x40, 0x07, 0x66, 0xff, 0xff,
  0xff, 0xff, 0xff, 0xff, 0xff, 0xff, 0xff, 0xff, 0xff, 0x1f, 0x66, 0xff, 0xff, 0xff, 0xff, 0xff,
  0xff, 0xff, 0xff, 0xff, 0xff, 0xff, 0x1f, 0x66, 0xff, 0xff, 0xff, 0xff, 0xff, 0xff, 0xff, 0xff,
  0xff, 0xff, 0xff, 0x1f, 0x00, 0x00, 0x00, 0x4f, 0xff, 0xff, 0xff, 0xff, 0xff, 0x00, 0x00, 0x00,
  0x00, 0x00, 0x00, 0x00, 0x4f, 0xff, 0xff, 0xff, 0xff, 0xff, 0x00, 0x00, 0x00, 0x00, 0x00, 0x00,
  0x00, 0x4f, 0xff, 0xff, 0xff, 0xff, 0xff, 0x00, 0x00, 0x00, 0x00, 0x00, 0x00, 0x00, 0x4f, 0xff,
  0xff, 0xff, 0xff, 0xff, 0x00, 0x00, 0x00, 0x00, 0x00, 0x00, 0x00, 0x4f, 0xff, 0xff, 0xff, 0xff,
  0xff, 0x00, 0x00, 0x00, 0x00, 0x00, 0x00, 0x00, 0x4f, 0xff, 0xff, 0xff, 0xff, 0xff, 0x00, 0x00,
  0x00, 0x00, 0x00, 0x00, 0x00, 0x4f, 0xff, 0xff, 0xff, 0xff, 0xff, 0x00, 0x00, 0x00, 0x00, 0x00,
  0x00, 0x00, 0x4f, 0xff, 0xff, 0xff, 0xff, 0xff, 0x00, 0x00, 0x00, 0x00, 0x00, 0x00, 0x00, 0x4f,
  0xff, 0xff, 0xff, 0xff, 0xff, 0x00, 0x00, 0x00, 0x00, 0x00, 0x00, 0x00, 0x4f, 0xff, 0xff, 0xff,
  0xff, 0xff, 0x00, 0x00, 0x00, 0x00, 0x00, 0x00, 0x00, 0x4f, 0xff, 0xff, 0xff, 0xff, 0xff, 0x00,
  0x00, 0x00, 0x00, 0x00, 0x00, 0x00, 0x4f, 0xff, 0xff, 0xff, 0xff, 0xff, 0x00, 0x00, 0x00, 0x00,
  0x00, 0x00, 0x00, 0x4f, 0xff, 0xff, 0xff, 0xff, 0xff, 0x00, 0x00, 0x00, 0x00, 0x33, 0x80, 0x80,
  0xa7, 0xff, 0xff, 0xff, 0xff, 0xff, 0x80, 0x80, 0x80, 0x0f, 0x66, 0xff, 0xff, 0xff, 0xff, 0xff,
  0xff, 0xff, 0xff, 0xff, 0xff, 0xff, 0x1f, 0x66, 0xff, 0xff, 0xff, 0xff, 0xff, 0xff, 0xff, 0xff,
  0xff, 0xff, 0xff, 0x1f, 0x66, 0xff, 0xff, 0xff, 0xff, 0xff, 0xff, 0xff, 0xff, 0xff, 0xff, 0xff,
  0x1f, 0x00, 0x10, 0x40, 0x40, 0x40, 0x40, 0x40, 0x40, 0x40, 0x40, 0x40, 0x40, 0x36, 0x00, 0x40,
  0xff, 0xff, 0xff, 0xff, 0xff, 0xff, 0xff, 0xff, 0xff, 0xff, 0xda, 0x00, 0x40, 0xff, 0xff, 0xff,
  0xff, 0xff, 0xff, 0xff, 0xff, 0xff, 0xff, 0xda, 0x00, 0x40, 0xff, 0xff, 0xff, 0xff, 0xff, 0xff,
  0xff, 0xff, 0xff, 0xff, 0xda, 0x00, 0x00, 0x00, 0x00, 0x38, 0xff, 0xff, 0xff, 0xff, 0xff, 0x17,
  0x00, 0x00, 0x00, 0x00, 0x00, 0x00, 0x38, 0xff, 0xff, 0xff, 0xff, 0xff, 0x17, 0x00, 0x00, 0x00,
  0x00, 0x00, 0x00, 0x38, 0xff, 0xff, 0xff, 0xff, 0xff, 0x17, 0x00, 0x00, 0x00, 0x00, 0x00, 0x00,
  0x38, 0xff, 0xff, 0xff, 0xff, 0xff, 0x17, 0x00, 0x00, 0x00, 0x00, 0x00, 0x00, 0x38, 0xff, 0xff,
  0xff, 0xff, 0xff, 0x17, 0x00, 0x00, 0x00, 0x00, 0x00, 0x00, 0x38, 0xff, 0xff, 0xff, 0xff, 0xff,
  0x17, 0x00, 0x00, 0x00, 0x00, 0x00, 0x00, 0x38, 0xff, 0xff, 0xff, 0xff, 0xff, 0x17, 0x00, 0x00,
  0x00, 0x00, 0x00, 0x00, 0x38, 0xff, 0xff, 0xff, 0xff, 0xff, 0x17, 0x00, 0x00, 0x00, 0x00, 0x00,
  0x00, 0x38, 0xff, 0xff, 0xff, 0xff, 0xff, 0x17, 0x00, 0x00, 0x00, 0x00, 0x00, 0x00, 0x38, 0xff,
  0xff, 0xff, 0xff, 0xff, 0x17, 0x00, 0x00, 0x00, 0x00, 0x00, 0x00, 0x38, 0xff, 0xff, 0xff, 0xff,
  0xff, 0x17, 0x00, 0x00, 0x00, 0x00, 0x00, 0x00, 0x38, 0xff, 0xff, 0xff, 0xff, 0xff, 0x17, 0x00,
  0x00, 0x00, 0x00, 0x00, 0x00, 0x38, 0xff, 0xff, 0xff, 0xff, 0xff, 0x17, 0x00, 0x00, 0x00, 0x00,
  0x00, 0x00, 0x38, 0xff, 0xff, 0xff, 0xff, 0xff, 0x17, 0x00, 0x00, 0x00, 0x00, 0x00, 0x00, 0x38,
  0xff, 0xff, 0xff, 0xff, 0xff, 0x17, 0x00, 0x00, 0x00, 0x00, 0x00, 0x00, 0x38, 0xff, 0xff, 0xff,
  0xff, 0xff, 0x17, 0x00, 0x00, 0x00, 0x00, 0x00, 0x00, 0x3b, 0xff, 0xff, 0xff, 0xff, 0xff, 0x12,
  0x00, 0x00, 0x00, 0x00, 0x00, 0x00, 0x50, 0xff, 0xff, 0xff, 0xff, 0xf8, 0x00, 0x00, 0x00, 0x00,
  0x00, 0x00, 0x00, 0xa4, 0xff, 0xff, 0xff, 0xff, 0xcf, 0x00, 0x00, 0x00, 0x06, 0x97, 0x87, 0xca,
  0xff, 0xff, 0xff, 0xff, 0xff, 0x7e, 0x00, 0x00, 0x00, 0x08, 0xff, 0xff, 0xff, 0xff, 0xff, 0xff,
  0xff, 0xf3, 0x10, 0x00, 0x00, 0x00, 0x08, 0xff, 0xff, 0xff, 0xff, 0xff, 0xff, 0xfd, 0x68, 0x00,
  0x00, 0x00, 0x00, 0x08, 0xff, 0xff, 0xff, 0xff, 0xf6, 0xbe, 0x30, 0x00, 0x00, 0x00, 0x00, 0x00,
  0x00, 0x16, 0x3a, 0x40, 0x2a, 0x02, 0x00, 0x00, 0x00, 0x00, 0x00, 0x00, 0x00, 0x19, 0x40, 0x40,
  0x40, 0x40, 0x40, 0x40, 0x40, 0x40, 0x40, 0x40, 0x10, 0x00, 0x3e, 0x40, 0x40, 0x40, 0x40, 0x40,
  0x40, 0x40, 0x40, 0x3e, 0x00, 0x66, 0xff, 0xff, 0xff, 0xff, 0xff, 0xff, 0xff, 0xff, 0xff, 0xff,
  0x40, 0x00, 0xfb, 0xff, 0xff, 0xff, 0xff, 0xff, 0xff, 0xff, 0xff, 0xfb, 0x00, 0x66, 0xff, 0xff,
  0xff, 0xff, 0xff, 0xff, 0xff, 0xff, 0xff, 0xff, 0x40, 0x00, 0xfb, 0xff, 0xff, 0xff, 0xff, 0xff,
  0xff, 0xff, 0xff, 0xfb, 0x00, 0x66, 0xff, 0xff, 0xff, 0xff, 0xff, 0xff, 0xff, 0xff, 0xff, 0xff,
  0x40, 0x00, 0xfb, 0xff, 0xff, 0xff, 0xff, 0xff, 0xff, 0xff, 0xff, 0xfb, 0x00, 0x00, 0x00, 0x00,
  0xa4, 0xff, 0xff, 0xff, 0xff, 0xac, 0x00, 0x00, 0x00, 0x00, 0x00, 0x24, 0xe6, 0xff, 0xff, 0xff,
  0xdf, 0x1c, 0x00, 0x00, 0x00, 0x00, 0x00, 0x00, 0xa4, 0xff, 0xff, 0xff, 0xff, 0xac, 0x00, 0x00,
  0x00, 0x00, 0x2d, 0xec, 0xff, 0xff, 0xff, 0xdf, 0x1c, 0x00, 0x00, 0x00, 0x00, 0x00, 0x00, 0x00,
  0xa4, 0xff, 0xff, 0xff, 0xff, 0xac, 0x00, 0x00, 0x00, 0x3b, 0xf2, 0xff, 0xff, 0xff, 0xdf, 0x1c,
  0x00, 0x00, 0x00, 0x00, 0x00, 0x00, 0x00, 0x00, 0xa4, 0xff, 0xff, 0xff, 0xff, 0xac, 0x00, 0x00,
  0x46, 0xf8, 0xff, 0xff, 0xff, 0xdf, 0x1c, 0x00, 0x00, 0x00, 0x00, 0x00, 0x00, 0x00, 0x00, 0x00,
  0xa4, 0xff, 0xff, 0xff, 0xff, 0xac, 0x00, 0x52, 0xfb, 0xff, 0xff, 0xff, 0xe3, 0x1c, 0x00, 0x00,
  0x00, 0x00, 0x00, 0x00, 0x00, 0x00, 0x00, 0x00, 0xa4, 0xff, 0xff, 0xff, 0xff, 0xac, 0x64, 0xff,
  0xff, 0xff, 0xff, 0xf1, 0x20, 0x00, 0x00, 0x00, 0x00, 0x00, 0x00, 0x00, 0x00, 0x00, 0x00, 0x00,
  0xa4, 0xff, 0xff, 0xff, 0xff, 0xb3, 0xe0, 0xff, 0xff, 0xff, 0xff, 0xff, 0x67, 0x00, 0x00, 0x00,
  0x00, 0x00, 0x00, 0x00, 0x00, 0x00, 0x00, 0x00, 0xa3, 0xff, 0xff, 0xff, 0xff, 0xab, 0x29, 0xf4,
  0xff, 0xff, 0xff, 0xff, 0xfc, 0x45, 0x00, 0x00, 0x00, 0x00, 0x00, 0x00, 0x00, 0x00, 0x00, 0x00,
  0xa3, 0xff, 0xff, 0xff, 0xff, 0xab, 0x00, 0x45, 0xfd, 0xff, 0xff, 0xff, 0xff, 0xf4, 0x2e, 0x00,
  0x00, 0x00, 0x00, 0x00, 0x00, 0x00, 0x00, 0x00, 0xa4, 0xff, 0xff, 0xff, 0xff, 0xac, 0x00, 0x00,
  0x6d, 0xff, 0xff, 0xff, 0xff, 0xff, 0xe7, 0x18, 0x00, 0x00, 0x00, 0x00, 0x00, 0x00, 0x00, 0x00,
  0xa4, 0xff, 0xff, 0xff, 0xff, 0xac, 0x00, 0x00, 0x00, 0x9e, 0xff, 0xff, 0xff, 0xff, 0xff, 0xd1,
  0x0b, 0x00, 0x00, 0x00, 0x00, 0x00, 0x00, 0x00, 0xa4, 0xff, 0xff, 0xff, 0xff, 0xac, 0x00, 0x00,
  0x00, 0x03, 0xba, 0xff, 0xff, 0xff, 0xff, 0xff, 0xba, 0x02, 0x00, 0x00, 0x00, 0x00, 0x00, 0x00,
  0xa4, 0xff, 0xff, 0xff, 0xff, 0xac, 0x00, 0x00, 0x00, 0x00, 0x0b, 0xd6, 0xff, 0xff, 0xff, 0xff,
  0xff, 0x96, 0x00, 0x00, 0x00, 0x33, 0x80, 0x80, 0xd2, 0xff, 0xff, 0xff, 0xff, 0xd6, 0x80, 0x80,
  0x05, 0x33, 0x80, 0xa0, 0xff, 0xff, 0xff, 0xff, 0xff, 0xff, 0x9d, 0x80, 0x46, 0x66, 0xff, 0xff,
  0xff, 0xff, 0xff, 0xff, 0xff, 0xff, 0xff, 0xff, 0x0a, 0x66, 0xff, 0xff, 0xff, 0xff, 0xff, 0xff,
  0xff, 0xff, 0xff, 0xff, 0x8d, 0x66, 0xff, 0xff, 0xff, 0xff, 0xff, 0xff, 0xff, 0xff, 0xff, 0xff,
  0x0a, 0x66, 0xff, 0xff, 0xff, 0xff, 0xff, 0xff, 0xff, 0xff, 0xff, 0xff, 0x8d, 0x66, 0xff, 0xff,
  0xff, 0xff, 0xff, 0xff, 0xff, 0xff, 0xff, 0xff, 0x0a, 0x66, 0xff, 0xff, 0xff, 0xff, 0xff, 0xff,
  0xff, 0xff, 0xff, 0xff, 0x8d, 0x0a, 0x40, 0x40, 0x40, 0x40, 0x40, 0x40, 0x40, 0x40, 0x40, 0x40,
  0x40, 0x02, 0x00, 0x00, 0x00, 0x00, 0x00, 0x00, 0x00, 0x29, 0xff, 0xff, 0xff, 0xff, 0xff, 0xff,
  0xff, 0xff, 0xff, 0xff, 0xff, 0x08, 0x00, 0x00, 0x00, 0x00, 0x00, 0x00, 0x00, 0x29, 0xff, 0xff,
  0xff, 0xff, 0xff, 0xff, 0xff, 0xff, 0xff, 0xff, 0xff, 0x08, 0x00, 0x00, 0x00, 0x00, 0x00, 0x00,
  0x00, 0x29, 0xff, 0xff, 0xff, 0xff, 0xff, 0xff, 0xff, 0xff, 0xff, 0xff, 0xff, 0x08, 0x00, 0x00,
  0x00, 0x00, 0x00, 0x00, 0x00, 0x00, 0x00, 0x00, 0x40, 0xff, 0xff, 0xff, 0xff, 0xff, 0x0f, 0x00,
  0x00, 0x00, 0x00, 0x00, 0x00, 0x00, 0x00, 0x00, 0x00, 0x00, 0x00, 0x00, 0x40, 0xff, 0xff, 0xff,
  0xff, 0xff, 0x0f, 0x00, 0x00, 0x00, 0x00, 0x00, 0x00, 0x00, 0x00, 0x00, 0x00, 0x00, 0x00, 0x00,
  0x40, 0xff, 0xff, 0xff, 0xff, 0xff, 0x0f, 0x00, 0x00, 0x00, 0x00, 0x00, 0x00, 0x00, 0x00, 0x00,
  0x00, 0x00, 0x00, 0x00, 0x40, 0xff, 0xff, 0xff, 0xff, 0xff, 0x0f, 0x00, 0x00, 0x00, 0x00, 0x00,
  0x00, 0x00, 0x00, 0x00, 0x00, 0x00, 0x00, 0x00, 0x40, 0xff, 0xff, 0xff, 0xff, 0xff, 0x0f, 0x00,
  0x00, 0x00, 0x00, 0x00, 0x00, 0x00, 0x00, 0x00, 0x00, 0x00, 0x00, 0x00, 0x40, 0xff, 0xff, 0xff,
  0xff, 0xff, 0x0f, 0x00, 0x00, 0x00, 0x00, 0x00, 0x00, 0x00, 0x00, 0x00, 0x00, 0x00, 0x00, 0x00,
  0x40, 0xff, 0xff, 0xff, 0xff, 0xff, 0x0f, 0x00, 0x00, 0x00, 0x00, 0x00, 0x00, 0x00, 0x00, 0x00,
  0x00, 0x00, 0x00, 0x00, 0x40, 0xff, 0xff, 0xff, 0xff, 0xff, 0x0d, 0x00, 0x00, 0x00, 0x00, 0x00,
  0xae, 0xc0, 0xc0, 0xc0, 0x09, 0x00, 0x00, 0x00, 0x40, 0xff, 0xff, 0xff, 0xff, 0xff, 0x0f, 0x00,
  0x00, 0x00, 0x00, 0x00, 0xe9, 0xff, 0xff, 0xff, 0x0d, 0x00, 0x00, 0x00, 0x40, 0xff, 0xff, 0xff,
  0xff, 0xff, 0x0f, 0x00, 0x00, 0x00, 0x00, 0x00, 0xe9, 0xff, 0xff, 0xff, 0x0d, 0x00, 0x00, 0x00,
  0x40, 0xff, 0xff, 0xff, 0xff, 0xff, 0x0f, 0x00, 0x00, 0x00, 0x00, 0x00, 0xe9, 0xff, 0xff, 0xff,
  0x0d, 0x00, 0x00, 0x00, 0x40, 0xff, 0xff, 0xff, 0xff, 0xff, 0x0f, 0x00, 0x00, 0x00, 0x00, 0x00,
  0xe9, 0xff, 0xff, 0xff, 0x0d, 0x00, 0x00, 0x00, 0x40, 0xff, 0xff, 0xff, 0xff, 0xff, 0x0f, 0x00,
  0x00, 0x00, 0x00, 0x00, 0xe9, 0xff, 0xff, 0xff, 0x0d, 0x14, 0x80, 0x80, 0xa0, 0xff, 0xff, 0xff,
  0xff, 0xff, 0x87, 0x80, 0x80, 0x80, 0x80, 0x80, 0xf4, 0xff, 0xff, 0xff, 0x0c, 0x29, 0xff, 0xff,
  0xff, 0xff, 0xff, 0xff, 0xff, 0xff, 0xff, 0xff, 0xff, 0xff, 0xff, 0xff, 0xff, 0xff, 0xff, 0xff,
  0x0d, 0x29, 0xff, 0xff, 0xff, 0xff, 0xff, 0xff, 0xff, 0xff, 0xff, 0xff, 0xff, 0xff, 0xff, 0xff,
  0xff, 0xff, 0xff, 0xff, 0x0d, 0x29, 0xff, 0xff, 0xff, 0xff, 0xff, 0xff, 0xff, 0xff, 0xff, 0xff,
  0xff, 0xff, 0xff, 0xff, 0xff, 0xff, 0xff, 0xff, 0x0d, 0x0c, 0x40, 0x40, 0x40, 0x40, 0x40, 0x40,
  0x40, 0x40, 0x40, 0x40, 0x03, 0x00, 0x00, 0x00, 0x00, 0x00, 0x00, 0x00, 0x04, 0x40, 0x40, 0x40,
  0x40, 0x40, 0x40, 0x40, 0x40, 0x40, 0x40, 0x19, 0x31, 0xff, 0xff, 0xff, 0xff, 0xff, 0xff, 0xff,
  0xff, 0xff, 0xff, 0x4c, 0x00, 0x00, 0x00, 0x00, 0x00, 0x00, 0x00, 0x4e, 0xff, 0xff, 0xff, 0xff,
  0xff, 0xff, 0xff, 0xff, 0xff, 0xff, 0x64, 0x31, 0xff, 0xff, 0xff, 0xff, 0xff, 0xff, 0xff, 0xff,
  0xff, 0xff, 0xae, 0x00, 0x00, 0x00, 0x00, 0x00, 0x00, 0x00, 0xaf, 0xff, 0xff, 0xff, 0xff, 0xff,
  0xff, 0xff, 0xff, 0xff, 0xff, 0x64, 0x31, 0xff, 0xff, 0xff, 0xff, 0xff, 0xff, 0xff, 0xff, 0xff,
  0xff, 0xfa, 0x14, 0x00, 0x00, 0x00, 0x00, 0x00, 0x15, 0xfd, 0xff, 0xff, 0xff, 0xff, 0xff, 0xff,
  0xff, 0xff, 0xff, 0xff, 0x64, 0x00, 0x00, 0x00, 0x8c, 0xff, 0xff, 0xc0, 0x94, 0xff, 0xff, 0xff,
  0xff, 0x71, 0x00, 0x00, 0x00, 0x00, 0x00, 0x71, 0xff, 0xff, 0xee, 0x66, 0xff, 0xff, 0xff, 0xff,
  0xc0, 0x00, 0x00, 0x00, 0x00, 0x00, 0x00, 0x8c, 0xff, 0xff, 0xbf, 0x34, 0xff, 0xff, 0xff, 0xff,
  0xd8, 0x00, 0x00, 0x00, 0x00, 0x00, 0xd8, 0xff, 0xff, 0x94, 0x61, 0xff, 0xff, 0xff, 0xff, 0xc0,
  0x00, 0x00, 0x00, 0x00, 0x00, 0x00, 0x8c, 0xff, 0xff, 0xbf, 0x00, 0xd7, 0xff, 0xff, 0xff, 0xff,
  0x36, 0x00, 0x00, 0x00, 0x34, 0xff, 0xff, 0xff, 0x35, 0x61, 0xff, 0xff, 0xff, 0xff, 0xc0, 0x00,
  0x00, 0x00, 0x00, 0x00, 0x00, 0x8d, 0xff, 0xff, 0xc0, 0x00, 0x74, 0xff, 0xff, 0xff, 0xff, 0x98,
  0x00, 0x00, 0x00, 0x96, 0xff, 0xff, 0xd7, 0x00, 0x61, 0xff, 0xff, 0xff, 0xff, 0xc0, 0x00, 0x00,
  0x00, 0x00, 0x00, 0x00, 0x8d, 0xff, 0xff, 0xc0, 0x00, 0x15, 0xfd, 0xff, 0xff, 0xff, 0xf4, 0x08,
  0x00, 0x08, 0xef, 0xff, 0xff, 0x76, 0x00, 0x61, 0xff, 0xff, 0xff, 0xff, 0xc0, 0x00, 0x00, 0x00,
  0x00, 0x00, 0x00, 0x8d, 0xff, 0xff, 0xc0, 0x00, 0x00, 0xb3, 0xff, 0xff, 0xff, 0xff, 0x5c, 0x00,
  0x58, 0xff, 0xff, 0xfd, 0x15, 0x00, 0x61, 0xff, 0xff, 0xff, 0xff, 0xc0, 0x00, 0x00, 0x00, 0x00,
  0x00, 0x00, 0x8d, 0xff, 0xff, 0xc0, 0x00, 0x00, 0x53, 0xff, 0xff, 0xff, 0xff, 0xbe, 0x00, 0xba,
  0xff, 0xff, 0xb7, 0x00, 0x00, 0x61, 0xff, 0xff, 0xff, 0xff, 0xc0, 0x00, 0x00, 0x00, 0x00, 0x00,
  0x00, 0x8d, 0xff, 0xff, 0xc0, 0x00, 0x00, 0x05, 0xef, 0xff, 0xff, 0xff, 0xfe, 0x3a, 0xfe, 0xff,
  0xff, 0x56, 0x00, 0x00, 0x61, 0xff, 0xff, 0xff, 0xff, 0xc0, 0x00, 0x00, 0x00, 0x00, 0x00, 0x00,
  0x8c, 0xff, 0xff, 0xc0, 0x00, 0x00, 0x00, 0x91, 0xff, 0xff, 0xff, 0xff, 0xe6, 0xff, 0xff, 0xf0,
  0x06, 0x00, 0x00, 0x60, 0xff, 0xff, 0xff, 0xff, 0xc0, 0x00, 0x00, 0x00, 0x00, 0x00, 0x00, 0x8d,
  0xff, 0xff, 0xc0, 0x00, 0x00, 0x00, 0x32, 0xff, 0xff, 0xff, 0xff, 0xff, 0xff, 0xff, 0x98, 0x00,
  0x00, 0x00, 0x61, 0xff, 0xff, 0xff, 0xff, 0xc0, 0x00, 0x00, 0x00, 0x00, 0x00, 0x00, 0x8d, 0xff,
  0xff, 0xc0, 0x00, 0x00, 0x00, 0x00, 0xd7, 0xff, 0xff, 0xff, 0xff, 0xff, 0xff, 0x38, 0x00, 0x00,
  0x00, 0x61, 0xff, 0xff, 0xff, 0xff, 0xc0, 0x00, 0x00, 0x00, 0x00, 0x00, 0x00, 0x8d, 0xff, 0xff,
  0xc0, 0x00, 0x00, 0x00, 0x00, 0x72, 0xff, 0xff, 0xff, 0xff, 0xff, 0xde, 0x00, 0x00, 0x00, 0x00,
  0x61, 0xff, 0xff, 0xff, 0xff, 0xc0, 0x00, 0x00, 0x00, 0x00, 0x00, 0x00, 0x8d, 0xff, 0xff, 0xc0,
  0x00, 0x00, 0x00, 0x00, 0x15, 0xfd, 0xff, 0xff, 0xff, 0xff, 0x79, 0x00, 0x00, 0x00, 0x00, 0x61,
  0xff, 0xff, 0xff, 0xff, 0xc0, 0x00, 0x00, 0x00, 0x18, 0x80, 0x80, 0xc6, 0xff, 0xff, 0xe0, 0x80,
  0x80, 0x36, 0x00, 0x00, 0xb0, 0xff, 0xff, 0xff, 0xff, 0x1b, 0x00, 0x00, 0x6f, 0x80, 0xb0, 0xff,
  0xff, 0xff, 0xff, 0xe0, 0x80, 0x80, 0x32, 0x31, 0xff, 0xff, 0xff, 0xff, 0xff, 0xff, 0xff, 0xff,
  0x6c, 0x00, 0x00, 0x51, 0xff, 0xff, 0xff, 0xba, 0x00, 0x00, 0x00, 0xdf, 0xff, 0xff, 0xff, 0xff,
  0xff, 0xff, 0xff, 0xff, 0xff, 0x64, 0x31, 0xff, 0xff, 0xff, 0xff, 0xff, 0xff, 0xff, 0xff, 0x6c,
  0x00, 0x00, 0x05, 0xef, 0xff, 0xff, 0x5b, 0x00, 0x00, 0x00, 0xdf, 0xff, 0xff, 0xff, 0xff, 0xff,
  0xff, 0xff, 0xff, 0xff, 0x64, 0x31, 0xff, 0xff, 0xff, 0xff, 0xff, 0xff, 0xff, 0xff, 0x6c, 0x00,
  0x00, 0x00, 0x91, 0xff, 0xf4, 0x08, 0x00, 0x00, 0x00, 0xdf, 0xff, 0xff, 0xff, 0xff, 0xff, 0xff,
  0xff, 0xff, 0xff, 0x64, 0x06, 0x40, 0x40, 0x40, 0x40, 0x40, 0x40, 0x40, 0x40, 0x1f, 0x00, 0x00,
  0x00, 0x00, 0x2e, 0x40, 0x40, 0x40, 0x40, 0x40, 0x40, 0x40, 0x40, 0x1b, 0x1a, 0xff, 0xff, 0xff,
  0xff, 0xff, 0xff, 0xff, 0xff, 0xdd, 0x05, 0x00, 0x00, 0x00, 0xb8, 0xff, 0xff, 0xff, 0xff, 0xff,
  0xff, 0xff, 0xff, 0x6e, 0x1a, 0xff, 0xff, 0xff, 0xff, 0xff, 0xff, 0xff, 0xff, 0xff, 0x77, 0x00,
  0x00, 0x00, 0xb8, 0xff, 0xff, 0xff, 0xff, 0xff, 0xff, 0xff, 0xff, 0x6e, 0x1a, 0xff, 0xff, 0xff,
  0xff, 0xff, 0xff, 0xff, 0xff, 0xff, 0xf5, 0x19, 0x00, 0x00, 0xb8, 0xff, 0xff, 0xff, 0xff, 0xff,
  0xff, 0xff, 0xff, 0x6e, 0x00, 0x00, 0x00, 0x65, 0xff, 0xff, 0xff, 0xff, 0xff, 0xff, 0xff, 0xa8,
  0x00, 0x00, 0x00, 0x00, 0x0c, 0xff, 0xff, 0xff, 0x94, 0x00, 0x00, 0x00, 0x00, 0x00, 0x00, 0x66,
  0xff, 0xff, 0xff, 0xff, 0xff, 0xff, 0xff, 0xff, 0x3b, 0x00, 0x00, 0x00, 0x0d, 0xff, 0xff, 0xff,
  0x94, 0x00, 0x00, 0x00, 0x00, 0x00, 0x00, 0x65, 0xff, 0xff, 0xff, 0xa6, 0xff, 0xff, 0xff, 0xff,
  0xd7, 0x03, 0x00, 0x00, 0x0d, 0xff, 0xff, 0xff, 0x94, 0x00, 0x00, 0x00, 0x00, 0x00, 0x00, 0x65,
  0xff, 0xff, 0xff, 0x43, 0xd5, 0xff, 0xff, 0xff, 0xff, 0x73, 0x00, 0x00, 0x0d, 0xff, 0xff, 0xff,
  0x94, 0x00, 0x00, 0x00, 0x00, 0x00, 0x00, 0x65, 0xff, 0xff, 0xff, 0x42, 0x3f, 0xff, 0xff, 0xff,
  0xff, 0xf5, 0x19, 0x00, 0x0d, 0xff, 0xff, 0xff, 0x94, 0x00, 0x00, 0x00, 0x00, 0x00, 0x00, 0x66,
  0xff, 0xff, 0xff, 0x43, 0x00, 0xaf, 0xff, 0xff, 0xff, 0xff, 0xa6, 0x00, 0x0d, 0xff, 0xff, 0xff,
  0x94, 0x00, 0x00, 0x00, 0x00, 0x00, 0x00, 0x66, 0xff, 0xff, 0xff, 0x43, 0x00, 0x1f, 0xfa, 0xff,
  0xff, 0xff, 0xff, 0x3b, 0x0d, 0xff, 0xff, 0xff, 0x94, 0x00, 0x00, 0x00, 0x00, 0x00, 0x00, 0x66,
  0xff, 0xff, 0xff, 0x43, 0x00, 0x00, 0x8a, 0xff, 0xff, 0xff, 0xff, 0xd7, 0x0f, 0xff, 0xff, 0xff,
  0x93, 0x00, 0x00, 0x00, 0x00, 0x00, 0x00, 0x66, 0xff, 0xff, 0xff, 0x43, 0x00, 0x00, 0x0e, 0xee,
  0xff, 0xff, 0xff, 0xff, 0x7b, 0xff, 0xff, 0xff, 0x93, 0x00, 0x00, 0x00, 0x00, 0x00, 0x00, 0x65,
  0xff, 0xff, 0xff, 0x41, 0x00, 0x00, 0x00, 0x66, 0xff, 0xff, 0xff, 0xff, 0xf7, 0xff, 0xff, 0xff,
  0x94, 0x00, 0x00, 0x00, 0x00, 0x00, 0x00, 0x66, 0xff, 0xff, 0xff, 0x43, 0x00, 0x00, 0x00, 0x01,
  0xd5, 0xff, 0xff, 0xff, 0xff, 0xff, 0xff, 0xff, 0x94, 0x00, 0x00, 0x00, 0x00, 0x00, 0x00, 0x66,
  0xff, 0xff, 0xff, 0x43, 0x00, 0x00, 0x00, 0x00, 0x3f, 0xff, 0xff, 0xff, 0xff, 0xff, 0xff, 0xff,
  0x94, 0x00, 0x00, 0x00, 0x00, 0x00, 0x00, 0x66, 0xff, 0xff, 0xff, 0x43, 0x00, 0x00, 0x00, 0x00,
  0x00, 0xb2, 0xff, 0xff, 0xff, 0xff, 0xff, 0xff, 0x94, 0x00, 0x00, 0x00, 0x0d, 0x80, 0x80, 0xb3,
  0xff, 0xff, 0xff, 0xa1, 0x80, 0x67, 0x00, 0x00, 0x00, 0x25, 0xfd, 0xff, 0xff, 0xff, 0xff, 0xff,
  0x94, 0x00, 0x00, 0x00, 0x1a, 0xff, 0xff, 0xff, 0xff, 0xff, 0xff, 0xff, 0xff, 0xcf, 0x00, 0x00,
  0x00, 0x00, 0x8f, 0xff, 0xff, 0xff, 0xff, 0xff, 0x94, 0x00, 0x00, 0x00, 0x1a, 0xff, 0xff, 0xff,
  0xff, 0xff, 0xff, 0xff, 0xff, 0xcf, 0x00, 0x00, 0x00, 0x00, 0x0e, 0xee, 0xff, 0xff, 0xff, 0xff,
  0x94, 0x00, 0x00, 0x00, 0x1a, 0xff, 0xff, 0xff, 0xff, 0xff, 0xff, 0xff, 0xff, 0xcf, 0x00, 0x00,
  0x00, 0x00, 0x00, 0x6b, 0xff, 0xff, 0xff, 0xff, 0x94, 0x00, 0x00, 0x00, 0x00, 0x00, 0x00, 0x00,
  0x00, 0x00, 0x00, 0x00, 0x00, 0x00, 0x00, 0x00, 0x00, 0x00, 0x00, 0x03, 0x40, 0x40, 0x40, 0x40,
  0x25, 0x00, 0x00, 0x00, 0x00, 0x00, 0x00, 0x00, 0x00, 0x00, 0x00, 0x11, 0x4c, 0x80, 0x9e, 0xb8,
  0xae, 0x94, 0x6e, 0x35, 0x03, 0x00, 0x00, 0x00, 0x00, 0x00, 0x00, 0x00, 0x00, 0x00, 0x00, 0x00,
  0x00, 0x1e, 0xa0, 0xfc, 0xff, 0xff, 0xff, 0xff, 0xff, 0xff, 0xff, 0xff, 0xe6, 0x6b, 0x05, 0x00,
  0x00, 0x00, 0x00, 0x00, 0x00, 0x00, 0x00, 0x00, 0x6a, 0xf7, 0xff, 0xff, 0xff, 0xff, 0xff, 0xff,
  0xff, 0xff, 0xff, 0xff, 0xff, 0xff, 0xd4, 0x27, 0x00, 0x00, 0x00, 0x00, 0x00, 0x00, 0x00, 0x9b,
  0xff, 0xff, 0xff, 0xff, 0xff, 0xff, 0xff, 0xff, 0xff, 0xff, 0xff, 0xff, 0xff, 0xff, 0xff, 0xf4,
  0x40, 0x00, 0x00, 0x00, 0x00, 0x00, 0x85, 0xff, 0xff, 0xff, 0xff, 0xff, 0xff, 0x94, 0x49, 0x0e,
  0x28, 0x60, 0xcf, 0xff, 0xff, 0xff, 0xff, 0xff, 0xf3, 0x2c, 0x00, 0x00, 0x00, 0x31, 0xff, 0xff,
  0xff, 0xff, 0xff, 0xf9, 0x55, 0x00, 0x00, 0x00, 0x00, 0x00, 0x0a, 0xb5, 0xff, 0xff, 0xff, 0xff,
  0xff, 0xc5, 0x00, 0x00, 0x00, 0xb7, 0xff, 0xff, 0xff, 0xff, 0xff, 0x76, 0x00, 0x00, 0x00, 0x00,
  0x00, 0x00, 0x00, 0x03, 0xd9, 0xff, 0xff, 0xff, 0xff, 0xff, 0x4b, 0x00, 0x0a, 0xfc, 0xff, 0xff,
  0xff, 0xff, 0xe9, 0x08, 0x00, 0x00, 0x00, 0x00, 0x00, 0x00, 0x00, 0x00, 0x50, 0xff, 0xff, 0xff,
  0xff, 0xff, 0x9c, 0x00, 0x52, 0xff, 0xff, 0xff, 0xff, 0xff, 0x94, 0x00, 0x00, 0x00, 0x00, 0x00,
  0x00, 0x00, 0x00, 0x00, 0x00, 0xf8, 0xff, 0xff, 0xff, 0xff, 0xea, 0x00, 0x7c, 0xff, 0xff, 0xff,
  0xff, 0xff, 0x68, 0x00, 0x00, 0x00, 0x00, 0x00, 0x00, 0x00, 0x00, 0x00, 0x00, 0xcc, 0xff, 0xff,
  0xff, 0xff, 0xff, 0x0f, 0x84, 0xff, 0xff, 0xff, 0xff, 0xff, 0x3e, 0x00, 0x00, 0x00, 0x00, 0x00,
  0x00, 0x00, 0x00, 0x00, 0x00, 0xa3, 0xff, 0xff, 0xff, 0xff, 0xff, 0x19, 0x77, 0xff, 0xff, 0xff,
  0xff, 0xff, 0x4e, 0x00, 0x00, 0x00, 0x00, 0x00, 0x00, 0x00, 0x00, 0x00, 0x00, 0xaf, 0xff, 0xff,
  0xff, 0xff, 0xff, 0x0d, 0x62, 0xff, 0xff, 0xff, 0xff, 0xff, 0x74, 0x00, 0x00, 0x00, 0x00, 0x00,
  0x00, 0x00, 0x00, 0x00, 0x00, 0xd4, 0xff, 0xff, 0xff, 0xff, 0xfa, 0x00, 0x30, 0xff, 0xff, 0xff,
  0xff, 0xff, 0xc0, 0x00, 0x00, 0x00, 0x00, 0x00, 0x00, 0x00, 0x00, 0x00, 0x21, 0xfd, 0xff, 0xff,
  0xff, 0xff, 0xc4, 0x00, 0x00, 0xe5, 0xff, 0xff, 0xff, 0xff, 0xff, 0x30, 0x00, 0x00, 0x00, 0x00,
  0x00, 0x00, 0x00, 0x00, 0x92, 0xff, 0xff, 0xff, 0xff, 0xff, 0x79, 0x00, 0x00, 0x75, 0xff, 0xff,
  0xff, 0xff, 0xff, 0xab, 0x00, 0x00, 0x00, 0x00, 0x00, 0x00, 0x00, 0x15, 0xf5, 0xff, 0xff, 0xff,
  0xff, 0xf5, 0x17, 0x00, 0x00, 0x07, 0xde, 0xff, 0xff, 0xff, 0xff, 0xff, 0xa0, 0x05, 0x00, 0x00,
  0x00, 0x00, 0x28, 0xde, 0xff, 0xff, 0xff, 0xff, 0xff, 0x7b, 0x00, 0x00, 0x00, 0x00, 0x27, 0xf0,
  0xff, 0xff, 0xff, 0xff, 0xff, 0xd7, 0xa5, 0x87, 0x94, 0xb0, 0xf1, 0xff, 0xff, 0xff, 0xff, 0xff,
  0xaa, 0x02, 0x00, 0x00, 0x00, 0x00, 0x00, 0x2f, 0xe0, 0xff, 0xff, 0xff, 0xff, 0xff, 0xff, 0xff,
  0xff, 0xff, 0xff, 0xff, 0xff, 0xff, 0xff, 0x9c, 0x06, 0x00, 0x00, 0x00, 0x00, 0x00, 0x00, 0x00,
  0x0c, 0x97, 0xfc, 0xff, 0xff, 0xff, 0xff, 0xff, 0xff, 0xff, 0xff, 0xff, 0xff, 0xe7, 0x58, 0x00,
  0x00, 0x00, 0x00, 0x00, 0x00, 0x00, 0x00, 0x00, 0x00, 0x00, 0x21, 0x8f, 0xcc, 0xfc, 0xff, 0xff,
  0xff, 0xff, 0xef, 0xb5, 0x6d, 0x07, 0x00, 0x00, 0x00, 0x00, 0x00, 0x00, 0x00, 0x00, 0x00, 0x00,
  0x00, 0x00, 0x00, 0x00, 0x00, 0x04, 0x1e, 0x38, 0x2e, 0x14, 0x00, 0x00, 0x00, 0x00, 0x00, 0x00,
  0x00, 0x00, 0x00, 0x00, 0x08, 0x40, 0x40, 0x40, 0x40, 0x40, 0x40, 0x40, 0x40, 0x40, 0x40, 0x3e,
  0x1e, 0x01, 0x00, 0x00, 0x00, 0x00, 0x00, 0x00, 0x20, 0xff, 0xff, 0xff, 0xff, 0xff, 0xff, 0xff,
  0xff, 0xff, 0xff, 0xff, 0xff, 0xf7, 0xcc, 0x82, 0x18, 0x00, 0x00, 0x00, 0x20, 0xff, 0xff, 0xff,
  0xff, 0xff, 0xff, 0xff, 0xff, 0xff, 0xff, 0xff, 0xff, 0xff, 0xff, 0xff, 0xfd, 0x81, 0x00, 0x00,
  0x21, 0xff, 0xff, 0xff, 0xff, 0xff, 0xff, 0xff, 0xff, 0xff, 0xff, 0xff, 0xff, 0xff, 0xff, 0xff,
  0xff, 0xff, 0x4f, 0x00, 0x00, 0x00, 0x00, 0x84, 0xff, 0xff, 0xff, 0xff, 0xc2, 0x00, 0x00, 0x35,
  0x96, 0xff, 0xff, 0xff, 0xff, 0xff, 0xd0, 0x00, 0x00, 0x00, 0x00, 0x84, 0xff, 0xff, 0xff, 0xff,
  0xc2, 0x00, 0x00, 0x00, 0x00, 0x99, 0xff, 0xff, 0xff, 0xff, 0xff, 0x0f, 0x00, 0x00, 0x00, 0x84,
  0xff, 0xff, 0xff, 0xff, 0xc1, 0x00, 0x00, 0x00, 0x00, 0x3b, 0xff, 0xff, 0xff, 0xff, 0xff, 0x4c,
  0x00, 0x00, 0x00, 0x84, 0xff, 0xff, 0xff, 0xff, 0xc1, 0x00, 0x00, 0x00, 0x00, 0x2d, 0xff, 0xff,
  0xff, 0xff, 0xff, 0x5f, 0x00, 0x00, 0x00, 0x84, 0xff, 0xff, 0xff, 0xff, 0xc1, 0x00, 0x00, 0x00,
  0x00, 0x75, 0xff, 0xff, 0xff, 0xff, 0xff, 0x3a, 0x00, 0x00, 0x00, 0x84, 0xff, 0xff, 0xff, 0xff,
  0xc1, 0x00, 0x00, 0x16, 0x7b, 0xff, 0xff, 0xff, 0xff, 0xff, 0xea, 0x04, 0x00, 0x00, 0x00, 0x84,
  0xff, 0xff, 0xff, 0xff, 0xf0, 0xc3, 0xea, 0xff, 0xff, 0xff, 0xff, 0xff, 0xff, 0xff, 0x79, 0x00,
  0x00, 0x00, 0x00, 0x84, 0xff, 0xff, 0xff, 0xff, 0xff, 0xff, 0xff, 0xff, 0xff, 0xff, 0xff, 0xff,
  0xff, 0xa7, 0x01, 0x00, 0x00, 0x00, 0x00, 0x84, 0xff, 0xff, 0xff, 0xff, 0xff, 0xff, 0xff, 0xff,
  0xff, 0xff, 0xff, 0xf4, 0x71, 0x00, 0x00, 0x00, 0x00, 0x00, 0x00, 0x84, 0xff, 0xff, 0xff, 0xff,
  0xe1, 0x80, 0x80, 0x80, 0x80, 0x80, 0x58, 0x0e, 0x00, 0x00, 0x00, 0x00, 0x00, 0x00, 0x00, 0x85,
  0xff, 0xff, 0xff, 0xff, 0xc3, 0x00, 0x00, 0x00, 0x00, 0x00, 0x00, 0x00, 0x00, 0x00, 0x00, 0x00,
  0x00, 0x00, 0x00, 0x85, 0xff, 0xff, 0xff, 0xff, 0xc3, 0x00, 0x00, 0x00, 0x00, 0x00, 0x00, 0x00,
  0x00, 0x00, 0x00, 0x00, 0x00, 0x00, 0x00, 0x85, 0xff, 0xff, 0xff, 0xff, 0xc3, 0x00, 0x00, 0x00,
  0x00, 0x00, 0x00, 0x00, 0x00, 0x00, 0x00, 0x00, 0x10, 0x80, 0x80, 0xc2, 0xff, 0xff, 0xff, 0xff,
  0xe1, 0x80, 0x80, 0x4e, 0x00, 0x00, 0x00, 0x00, 0x00, 0x00, 0x00, 0x00, 0x21, 0xff, 0xff, 0xff,
  0xff, 0xff, 0xff, 0xff, 0xff, 0xff, 0xff, 0x9c, 0x00, 0x00, 0x00, 0x00, 0x00, 0x00, 0x00, 0x00,
  0x21, 0xff, 0xff, 0xff, 0xff, 0xff, 0xff, 0xff, 0xff, 0xff, 0xff, 0x9c, 0x00, 0x00, 0x00, 0x00,
  0x00, 0x00, 0x00, 0x00, 0x21, 0xff, 0xff, 0xff, 0xff, 0xff, 0xff, 0xff, 0xff, 0xff, 0xff, 0x9c,
  0x00, 0x00, 0x00, 0x00, 0x00, 0x00, 0x00, 0x00, 0x00, 0x00, 0x00, 0x00, 0x00, 0x00, 0x00, 0x11,
  0x4c, 0x80, 0x9e, 0xb8, 0xae, 0x94, 0x6e, 0x35, 0x03, 0x00, 0x00, 0x00, 0x00, 0x00, 0x00, 0x00,
  0x00, 0x00, 0x00, 0x00, 0x00, 0x1e, 0xa0, 0xfc, 0xff, 0xff, 0xff, 0xff, 0xff, 0xff, 0xff, 0xff,
  0xe6, 0x6b, 0x05, 0x00, 0x00, 0x00, 0x00, 0x00, 0x00, 0x00, 0x00, 0x00, 0x6a, 0xf7, 0xff, 0xff,
  0xff, 0xff, 0xff, 0xff, 0xff, 0xff, 0xff, 0xff, 0xff, 0xff, 0xd4, 0x27, 0x00, 0x00, 0x00, 0x00,
  0x00, 0x00, 0x00, 0x9b, 0xff, 0xff, 0xff, 0xff, 0xff, 0xff, 0xff, 0xff, 0xff, 0xff, 0xff, 0xff,
  0xff, 0xff, 0xff, 0xf4, 0x40, 0x00, 0x00, 0x00, 0x00, 0x00, 0x85, 0xff, 0xff, 0xff, 0xff, 0xff,
  0xff, 0x94, 0x49, 0x0e, 0x28, 0x61, 0xd1, 0xff, 0xff, 0xff, 0xff, 0xff, 0xf3, 0x2c, 0x00, 0x00,
  0x00, 0x31, 0xff, 0xff, 0xff, 0xff, 0xff, 0xf9, 0x55, 0x00, 0x00, 0x00, 0x00, 0x00, 0x0a, 0xb5,
  0xff, 0xff, 0xff, 0xff, 0xff, 0xc5, 0x00, 0x00, 0x00, 0xb7, 0xff, 0xff, 0xff, 0xff, 0xff, 0x76,
  0x00, 0x00, 0x00, 0x00, 0x00, 0x00, 0x00, 0x03, 0xda, 0xff, 0xff, 0xff, 0xff, 0xff, 0x4a, 0x00,
  0x0b, 0xfc, 0xff, 0xff, 0xff, 0xff, 0xe8, 0x08, 0x00, 0x00, 0x00, 0x00, 0x00, 0x00, 0x00, 0x00,
  0x51, 0xff, 0xff, 0xff, 0xff, 0xff, 0x9b, 0x00, 0x50, 0xff, 0xff, 0xff, 0xff, 0xff, 0x97, 0x00,
  0x00, 0x00, 0x00, 0x00, 0x00, 0x00, 0x00, 0x00, 0x00, 0xf8, 0xff, 0xff, 0xff, 0xff, 0xe1, 0x00,
  0x7a, 0xff, 0xff, 0xff, 0xff, 0xff, 0x6e, 0x00, 0x00, 0x00, 0x00, 0x00, 0x00, 0x00, 0x00, 0x00,
  0x00, 0xcc, 0xff, 0xff, 0xff, 0xff, 0xff, 0x0d, 0x84, 0xff, 0xff, 0xff, 0xff, 0xff, 0x44, 0x00,
  0x00, 0x00, 0x00, 0x00, 0x00, 0x00, 0x00, 0x00, 0x00, 0xa3, 0xff, 0xff, 0xff, 0xff, 0xff, 0x18,
  0x6a, 0xff, 0xff, 0xff, 0xff, 0xff, 0x45, 0x00, 0x00, 0x00, 0x00, 0x00, 0x00, 0x00, 0x00, 0x00,
  0x00, 0xae, 0xff, 0xff, 0xff, 0xff, 0xff, 0x04, 0x44, 0xff, 0xff, 0xff, 0xff, 0xff, 0x6a, 0x00,
  0x00, 0x00, 0x00, 0x00, 0x00, 0x00, 0x00, 0x00, 0x00, 0xd2, 0xff, 0xff, 0xff, 0xff, 0xe8, 0x00,
  0x1d, 0xff, 0xff, 0xff, 0xff, 0xff, 0x90, 0x00, 0x00, 0x00, 0x00, 0x00, 0x00, 0x00, 0x00, 0x00,
  0x00, 0xf8, 0xff, 0xff, 0xff, 0xff, 0xac, 0x00, 0x00, 0xc7, 0xff, 0xff, 0xff, 0xff, 0xe8, 0x0c,
  0x00, 0x00, 0x00, 0x00, 0x00, 0x00, 0x00, 0x00, 0x57, 0xff, 0xff, 0xff, 0xff, 0xff, 0x53, 0x00,
  0x00, 0x45, 0xff, 0xff, 0xff, 0xff, 0xff, 0x9d, 0x00, 0x00, 0x00, 0x00, 0x00, 0x00, 0x00, 0x11,
  0xe7, 0xff, 0xff, 0xff, 0xff, 0xf3, 0x07, 0x00, 0x00, 0x00, 0xc7, 0xff, 0xff, 0xff, 0xff, 0xff,
  0xa1, 0x05, 0x00, 0x00, 0x00, 0x00, 0x24, 0xdf, 0xff, 0xff, 0xff, 0xff, 0xff, 0x71, 0x00, 0x00,
  0x00, 0x00, 0x2a, 0xeb, 0xff, 0xff, 0xff, 0xff, 0xff, 0xd7, 0xa5, 0x87, 0x94, 0xb0, 0xf0, 0xff,
  0xff, 0xff, 0xff, 0xff, 0xb1, 0x00, 0x00, 0x00, 0x00, 0x00, 0x00, 0x1f, 0xdc, 0xff, 0xff, 0xff,
  0xff, 0xff, 0xff, 0xff, 0xff, 0xff, 0xff, 0xff, 0xff, 0xff, 0xff, 0xad, 0x09, 0x00, 0x00, 0x00,
  0x00, 0x00, 0x00, 0x00, 0x12, 0xca, 0xff, 0xff, 0xff, 0xff, 0xff, 0xff, 0xff, 0xff, 0xff, 0xff,
  0xff, 0xf7, 0x74, 0x00, 0x00, 0x00, 0x00, 0x00, 0x00, 0x00, 0x00, 0x00, 0x00, 0x03, 0x49, 0xaa,
  0xf8, 0xff, 0xff, 0xff, 0xff, 0xff, 0xff, 0xd6, 0x80, 0x13, 0x00, 0x00, 0x00, 0x00, 0x00, 0x00,
  0x00, 0x00, 0x00, 0x00, 0x00, 0x00, 0x65, 0xbf, 0xf9, 0xff, 0xff, 0xff, 0xff, 0xcb, 0x35, 0x00,
  0x00, 0x00, 0x00, 0x00, 0x00, 0x00, 0x00, 0x00, 0x00, 0x00, 0x00, 0x00, 0x00, 0x88, 0xff, 0xff,
  0xff, 0xff, 0xff, 0xff, 0xff, 0xff, 0xff, 0xb3, 0x5e, 0x40, 0x40, 0x0e, 0x00, 0x00, 0x00, 0x00,
  0x00, 0x00, 0x00, 0x00, 0x00, 0x65, 0xff, 0xec, 0xa7, 0x89, 0xb4, 0xf9, 0xff, 0xff, 0xff, 0xff,
  0xff, 0xff, 0xf1, 0x08, 0x00, 0x00, 0x00, 0x00, 0x00, 0x00, 0x00, 0x00, 0x00, 0x00, 0x84, 0x15,
  0x00, 0x00, 0x00, 0x0f, 0x71, 0xdc, 0xff, 0xff, 0xff, 0xff, 0x99, 0x00, 0x00, 0x00, 0x00, 0x00,
  0x00, 0x00, 0x00, 0x00, 0x00, 0x00, 0x00, 0x00, 0x00, 0x00, 0x00, 0x00, 0x00, 0x01, 0x4b, 0xb5,
  0xf8, 0xff, 0x34, 0x00, 0x00, 0x00, 0x00, 0x00, 0x00, 0x00, 0x00, 0x00, 0x00, 0x00, 0x00, 0x00,
  0x00, 0x00, 0x00, 0x00, 0x00, 0x00, 0x00, 0x00, 0x00, 0x00, 0x00, 0x00, 0x00, 0x00, 0x00, 0x00,
  0x13, 0x40, 0x40, 0x40, 0x40, 0x40, 0x40, 0x40, 0x40, 0x40, 0x40, 0x40, 0x40, 0x32, 0x16, 0x00,
  0x00, 0x00, 0x00, 0x00, 0x00, 0x00, 0x4e, 0xff, 0xff, 0xff, 0xff, 0xff, 0xff, 0xff, 0xff, 0xff,
  0xff, 0xff, 0xff, 0xff, 0xff, 0xec, 0xa1, 0x27, 0x00, 0x00, 0x00, 0x00, 0x4d, 0xff, 0xff, 0xff,
  0xff, 0xff, 0xff, 0xff, 0xff, 0xff, 0xff, 0xff, 0xff, 0xff, 0xff, 0xff, 0xff, 0xf8, 0x33, 0x00,
  0x00, 0x00, 0x4e, 0xff, 0xff, 0xff, 0xff, 0xff, 0xff, 0xff, 0xff, 0xff, 0xff, 0xff, 0xff, 0xff,
  0xff, 0xff, 0xff, 0xff, 0xcf, 0x00, 0x00, 0x00, 0x00, 0x00, 0x00, 0x84, 0xff, 0xff, 0xff, 0xff,
  0xc8, 0x00, 0x00, 0x12, 0x4a, 0xc5, 0xff, 0xff, 0xff, 0xff, 0xff, 0x3c, 0x00, 0x00, 0x00, 0x00,
  0x00, 0x84, 0xff, 0xff, 0xff, 0xff, 0xc9, 0x00, 0x00, 0x00, 0x00, 0x30, 0xff, 0xff, 0xff, 0xff,
  0xff, 0x70, 0x00, 0x00, 0x00, 0x00, 0x00, 0x84, 0xff, 0xff, 0xff, 0xff, 0xc9, 0x00, 0x00, 0x00,
  0x00, 0x10, 0xff, 0xff, 0xff, 0xff, 0xff, 0x78, 0x00, 0x00, 0x00, 0x00, 0x00, 0x84, 0xff, 0xff,
  0xff, 0xff, 0xca, 0x00, 0x00, 0x00, 0x00, 0x50, 0xff, 0xff, 0xff, 0xff, 0xff, 0x4d, 0x00, 0x00,
  0x00, 0x00, 0x00, 0x84, 0xff, 0xff, 0xff, 0xff, 0xd7, 0x40, 0x40, 0x40, 0x71, 0xf0, 0xff, 0xff,
  0xff, 0xff, 0xe2, 0x08, 0x00, 0x00, 0x00, 0x00, 0x00, 0x85, 0xff, 0xff, 0xff, 0xff, 0xff, 0xff,
  0xff, 0xff, 0xff, 0xff, 0xff, 0xff, 0xff, 0xff, 0x52, 0x00, 0x00, 0x00, 0x00, 0x00, 0x00, 0x84,
  0xff, 0xff, 0xff, 0xff, 0xff, 0xff, 0xff, 0xff, 0xff, 0xff, 0xff, 0xff, 0xfb, 0x70, 0x00, 0x00,
  0x00, 0x00, 0x00, 0x00, 0x00, 0x84, 0xff, 0xff, 0xff, 0xff, 0xff, 0xff, 0xff, 0xff, 0xff, 0xff,
  0xff, 0xff, 0x37, 0x00, 0x00, 0x00, 0x00, 0x00, 0x00, 0x00, 0x00, 0x85, 0xff, 0xff, 0xff, 0xff,
  0xca, 0x00, 0x00, 0x9d, 0xff, 0xff, 0xff, 0xff, 0x89, 0x00, 0x00, 0x00, 0x00, 0x00, 0x00, 0x00,
  0x00, 0x85, 0xff, 0xff, 0xff, 0xff, 0xca, 0x00, 0x00, 0x1d, 0xfc, 0xff, 0xff, 0xff, 0xf7, 0x1b,
  0x00, 0x00, 0x00, 0x00, 0x00, 0x00, 0x00, 0x85, 0xff, 0xff, 0xff, 0xff, 0xca, 0x00, 0x00, 0x00,
  0x99, 0xff, 0xff, 0xff, 0xff, 0xa2, 0x00, 0x00, 0x00, 0x00, 0x00, 0x00, 0x00, 0x85, 0xff, 0xff,
  0xff, 0xff, 0xca, 0x00, 0x00, 0x00, 0x1d, 0xf9, 0xff, 0xff, 0xff, 0xff, 0x2c, 0x00, 0x00, 0x00,
  0x00, 0x00, 0x00, 0x85, 0xff, 0xff, 0xff, 0xff, 0xca, 0x00, 0x00, 0x00, 0x00, 0x95, 0xff, 0xff,
  0xff, 0xff, 0xbe, 0x00, 0x00, 0x00, 0x27, 0x80, 0x80, 0xc2, 0xff, 0xff, 0xff, 0xff, 0xe5, 0x80,
  0x80, 0x2b, 0x00, 0x19, 0xfa, 0xff, 0xff, 0xff, 0xff, 0x92, 0x80, 0x77, 0x4f, 0xff, 0xff, 0xff,
  0xff, 0xff, 0xff, 0xff, 0xff, 0xff, 0xff, 0x57, 0x00, 0x00, 0x90, 0xff, 0xff, 0xff, 0xff, 0xff,
  0xff, 0xee, 0x4f, 0xff, 0xff, 0xff, 0xff, 0xff, 0xff, 0xff, 0xff, 0xff, 0xff, 0x57, 0x00, 0x00,
  0x13, 0xf7, 0xff, 0xff, 0xff, 0xff, 0xff, 0xee, 0x4f, 0xff, 0xff, 0xff, 0xff, 0xff, 0xff, 0xff,
  0xff, 0xff, 0xff, 0x57, 0x00, 0x00, 0x00, 0x8c, 0xff, 0xff, 0xff, 0xff, 0xff, 0xee, 0x00, 0x00,
  0x00, 0x07, 0x3c, 0x72, 0x4d, 0x11, 0x00, 0x25, 0x40, 0x40, 0x37, 0x00, 0x00, 0x04, 0x6f, 0xee,
  0xff, 0xff, 0xff, 0xfb, 0x6e, 0x96, 0xff, 0xff, 0xdb, 0x00, 0x00, 0x95, 0xff, 0xff, 0xff, 0xff,
  0xff, 0xff, 0xff, 0xf1, 0xff, 0xff, 0xdc, 0x00, 0x3d, 0xff, 0xff, 0xff, 0xff, 0xfe, 0xd2, 0xf8,
  0xff, 0xff, 0xff, 0xff, 0xdc, 0x00, 0x8b, 0xff, 0xff, 0xff, 0xd3, 0x1b, 0x00, 0x0e, 0xa4, 0xff,
  0xff, 0xff, 0xdc, 0x00, 0xb7, 0xff, 0xff, 0xff, 0x88, 0x00, 0x00, 0x00, 0x09, 0xee, 0xff, 0xff,
  0xdc, 0x00, 0xb4, 0xff, 0xff, 0xff, 0xd9, 0x17, 0x00, 0x00, 0x00, 0x84, 0xc0, 0xc0, 0xa5, 0x00,
  0x86, 0xff, 0xff, 0xff, 0xff, 0xe8, 0x5a, 0x02, 0x00, 0x00, 0x00, 0x00, 0x00, 0x00, 0x22, 0xf8,
  0xff, 0xff, 0xff, 0xff, 0xff, 0xde, 0x63, 0x03, 0x00, 0x00, 0x00, 0x00, 0x00, 0x64, 0xff, 0xff,
  0xff, 0xff, 0xff, 0xff, 0xff, 0xdc, 0x4b, 0x00, 0x00, 0x00, 0x00, 0x00, 0x5a, 0xfa, 0xff, 0xff,
  0xff, 0xff, 0xff, 0xff, 0xff, 0xa8, 0x04, 0x00, 0x00, 0x00, 0x00, 0x1e, 0x94, 0xf6, 0xff, 0xff,
  0xff, 0xff, 0xff, 0xff, 0x8e, 0x00, 0x00, 0x00, 0x00, 0x00, 0x00, 0x19, 0xa3, 0xfe, 0xff, 0xff,
  0xff, 0xff, 0xff, 0x4a, 0x00, 0x00, 0x00, 0x00, 0x00, 0x00, 0x00, 0x4a, 0xf3, 0xff, 0xff, 0xff,
  0xff, 0xb9, 0x9d, 0xff, 0xff, 0xe7, 0x00, 0x00, 0x00, 0x00, 0x42, 0xff, 0xff, 0xff, 0xff, 0xce,
  0x9d, 0xff, 0xff, 0xff, 0x1c, 0x00, 0x00, 0x00, 0x00, 0xe9, 0xff, 0xff, 0xff, 0xcf, 0x9d, 0xff,
  0xff, 0xff, 0x9a, 0x00, 0x00, 0x00, 0x22, 0xff, 0xff, 0xff, 0xff, 0x9a, 0x9c, 0xff, 0xff, 0xff,
  0xff, 0xab, 0x55, 0x43, 0xc3, 0xff, 0xff, 0xff, 0xff, 0x62, 0x9f, 0xff, 0xff, 0xff, 0xff, 0xff,
  0xff, 0xff, 0xff, 0xff, 0xff, 0xff, 0xd6, 0x0b, 0x9d, 0xff, 0xff, 0xdf, 0xc4, 0xff, 0xff, 0xff,
  0xff, 0xff, 0xff, 0xec, 0x1f, 0x00, 0x9d, 0xff, 0xff, 0xd4, 0x07, 0xa0, 0xf3, 0xff, 0xff, 0xff,
  0xd5, 0x37, 0x00, 0x00, 0x00, 0x00, 0x00, 0x00, 0x00, 0x00, 0x01, 0x2b, 0x40, 0x39, 0x01, 0x00,
  0x00, 0x00, 0x00, 0x40, 0x40, 0x40, 0x40, 0x40, 0x40, 0x40, 0x40, 0x40, 0x40, 0x40, 0x40, 0x40,
  0x40, 0x40, 0x40, 0x40, 0x40, 0x1c, 0x03, 0xff, 0xff, 0xff, 0xff, 0xff, 0xff, 0xff, 0xff, 0xff,
  0xff, 0xff, 0xff, 0xff, 0xff, 0xff, 0xff, 0xff, 0xff, 0x71, 0x03, 0xff, 0xff, 0xff, 0xff, 0xff,
  0xff, 0xff, 0xff, 0xff, 0xff, 0xff, 0xff, 0xff, 0xff, 0xff, 0xff, 0xff, 0xff, 0x71, 0x03, 0xff,
  0xff, 0xff, 0xff, 0xff, 0xff, 0xff, 0xff, 0xff, 0xff, 0xff, 0xff, 0xff, 0xff, 0xff, 0xff, 0xff,
  0xff, 0x71, 0x03, 0xff, 0xff, 0xff, 0x80, 0x00, 0x00, 0x71, 0xff, 0xff, 0xff, 0xff, 0xd7, 0x00,
  0x00, 0x00, 0xfb, 0xff, 0xff, 0x71, 0x03, 0xff, 0xff, 0xff, 0x80, 0x00, 0x00, 0x71, 0xff, 0xff,
  0xff, 0xff, 0xd7, 0x00, 0x00, 0x00, 0xfb, 0xff, 0xff, 0x71, 0x03, 0xff, 0xff, 0xff, 0x80, 0x00,
  0x00, 0x71, 0xff, 0xff, 0xff, 0xff, 0xd7, 0x00, 0x00, 0x00, 0xfb, 0xff, 0xff, 0x71, 0x03, 0xff,
  0xff, 0xff, 0x80, 0x00, 0x00, 0x71, 0xff, 0xff, 0xff, 0xff, 0xd7, 0x00, 0x00, 0x00, 0xfb, 0xff,
  0xff, 0x71, 0x01, 0xc0, 0xc0, 0xc0, 0x60, 0x00, 0x00, 0x70, 0xff, 0xff, 0xff, 0xff, 0xd5, 0x00,
  0x00, 0x00, 0xbb, 0xc0, 0xc0, 0x54, 0x00, 0x00, 0x00, 0x00, 0x00, 0x00, 0x00, 0x71, 0xff, 0xff,
  0xff, 0xff, 0xd7, 0x00, 0x00, 0x00, 0x00, 0x00, 0x00, 0x00, 0x00, 0x00, 0x00, 0x00, 0x00, 0x00,
  0x00, 0x71, 0xff, 0xff, 0xff, 0xff, 0xd7, 0x00, 0x00, 0x00, 0x00, 0x00, 0x00, 0x00, 0x00, 0x00,
  0x00, 0x00, 0x00, 0x00, 0x00, 0x71, 0xff, 0xff, 0xff, 0xff, 0xd7, 0x00, 0x00, 0x00, 0x00, 0x00,
  0x00, 0x00, 0x00, 0x00, 0x00, 0x00, 0x00, 0x00, 0x00, 0x71, 0xff, 0xff, 0xff, 0xff, 0xd7, 0x00,
  0x00, 0x00, 0x00, 0x00, 0x00, 0x00, 0x00, 0x00, 0x00, 0x00, 0x00, 0x00, 0x00, 0x71, 0xff, 0xff,
  0xff, 0xff, 0xd7, 0x00, 0x00, 0x00, 0x00, 0x00, 0x00, 0x00, 0x00, 0x00, 0x00, 0x00, 0x00, 0x00,
  0x00, 0x71, 0xff, 0xff, 0xff, 0xff, 0xd7, 0x00, 0x00, 0x00, 0x00, 0x00, 0x00, 0x00, 0x00, 0x00,
  0x00, 0x00, 0x00, 0x00, 0x00, 0x71, 0xff, 0xff, 0xff, 0xff, 0xd7, 0x00, 0x00, 0x00, 0x00, 0x00,
  0x00, 0x00, 0x00, 0x00, 0x00, 0x00, 0x00, 0x00, 0x00, 0x71, 0xff, 0xff, 0xff, 0xff, 0xd7, 0x00,
  0x00, 0x00, 0x00, 0x00, 0x00, 0x00, 0x00, 0x00, 0x00, 0x00, 0x40, 0x80, 0x80, 0xb8, 0xff, 0xff,
  0xff, 0xff, 0xeb, 0x80, 0x80, 0x77, 0x00, 0x00, 0x00, 0x00, 0x00, 0x00, 0x00, 0x00, 0x80, 0xff,
  0xff, 0xff, 0xff, 0xff, 0xff, 0xff, 0xff, 0xff, 0xff, 0xee, 0x00, 0x00, 0x00, 0x00, 0x00, 0x00,
  0x00, 0x00, 0x80, 0xff, 0xff, 0xff, 0xff, 0xff, 0xff, 0xff, 0xff, 0xff, 0xff, 0xee, 0x00, 0x00,
  0x00, 0x00, 0x00, 0x00, 0x00, 0x00, 0x80, 0xff, 0xff, 0xff, 0xff, 0xff, 0xff, 0xff, 0xff, 0xff,
  0xff, 0xee, 0x00, 0x00, 0x00, 0x00, 0x23, 0x40, 0x40, 0x40, 0x40, 0x40, 0x40, 0x40, 0x40, 0x40,
  0x0b, 0x17, 0x40, 0x40, 0x40, 0x40, 0x40, 0x40, 0x40, 0x2f, 0x8d, 0xff, 0xff, 0xff, 0xff, 0xff,
  0xff, 0xff, 0xff, 0xff, 0x2c, 0x5c, 0xff, 0xff, 0xff, 0xff, 0xff, 0xff, 0xff, 0xbd, 0x8d, 0xff,
  0xff, 0xff, 0xff, 0xff, 0xff, 0xff, 0xff, 0xff, 0x2c, 0x5c, 0xff, 0xff, 0xff, 0xff, 0xff, 0xff,
  0xff, 0xbd, 0x8d, 0xff, 0xff, 0xff, 0xff, 0xff, 0xff, 0xff, 0xff, 0xff, 0x2c, 0x5c, 0xff, 0xff,
  0xff, 0xff, 0xff, 0xff, 0xff, 0xbd, 0x00, 0x00, 0x26, 0xff, 0xff, 0xff, 0xff, 0xff, 0x29, 0x00,
  0x00, 0x00, 0x00, 0x61, 0xff, 0xff, 0xff, 0x40, 0x00, 0x00, 0x00, 0x00, 0x26, 0xff, 0xff, 0xff,
  0xff, 0xff, 0x29, 0x00, 0x00, 0x00, 0x00, 0x61, 0xff, 0xff, 0xff, 0x40, 0x00, 0x00, 0x00, 0x00,
  0x26, 0xff, 0xff, 0xff, 0xff, 0xff, 0x29, 0x00, 0x00, 0x00, 0x00, 0x61, 0xff, 0xff, 0xff, 0x40,
  0x00, 0x00, 0x00, 0x00, 0x26, 0xff, 0xff, 0xff, 0xff, 0xff, 0x29, 0x00, 0x00, 0x00, 0x00, 0x61,
  0xff, 0xff, 0xff, 0x40, 0x00, 0x00, 0x00, 0x00, 0x26, 0xff, 0xff, 0xff, 0xff, 0xff, 0x29, 0x00,
  0x00, 0x00, 0x00, 0x61, 0xff, 0xff, 0xff, 0x40, 0x00, 0x00, 0x00, 0x00, 0x26, 0xff, 0xff, 0xff,
  0xff, 0xff, 0x29, 0x00, 0x00, 0x00, 0x00, 0x61, 0xff, 0xff, 0xff, 0x40, 0x00, 0x00, 0x00, 0x00,
  0x26, 0xff, 0xff, 0xff, 0xff, 0xff, 0x29, 0x00, 0x00, 0x00, 0x00, 0x61, 0xff, 0xff, 0xff, 0x40,
  0x00, 0x00, 0x00, 0x00, 0x26, 0xff, 0xff, 0xff, 0xff, 0xff, 0x29, 0x00, 0x00, 0x00, 0x00, 0x61,
  0xff, 0xff, 0xff, 0x40, 0x00, 0x00, 0x00, 0x00, 0x25, 0xff, 0xff, 0xff, 0xff, 0xff, 0x28, 0x00,
  0x00, 0x00, 0x00, 0x60, 0xff, 0xff, 0xff, 0x40, 0x00, 0x00, 0x00, 0x00, 0x24, 0xff, 0xff, 0xff,
  0xff, 0xff, 0x2c, 0x00, 0x00, 0x00, 0x00, 0x65, 0xff, 0xff, 0xff, 0x40, 0x00, 0x00, 0x00, 0x00,
  0x1f, 0xff, 0xff, 0xff, 0xff, 0xff, 0x33, 0x00, 0x00, 0x00, 0x00, 0x6c, 0xff, 0xff, 0xff, 0x3b,
  0x00, 0x00, 0x00, 0x00, 0x12, 0xff, 0xff, 0xff, 0xff, 0xff, 0x50, 0x00, 0x00, 0x00, 0x00, 0x85,
  0xff, 0xff, 0xff, 0x35, 0x00, 0x00, 0x00, 0x00, 0x01, 0xf5, 0xff, 0xff, 0xff, 0xff, 0xc2, 0x09,
  0x00, 0x00, 0x15, 0xde, 0xff, 0xff, 0xff, 0x21, 0x00, 0x00, 0x00, 0x00, 0x00, 0xa4, 0xff, 0xff,
  0xff, 0xff, 0xff, 0xec, 0x99, 0xa1, 0xe9, 0xff, 0xff, 0xff, 0xd7, 0x01, 0x00, 0x00, 0x00, 0x00,
  0x00, 0x11, 0xda, 0xff, 0xff, 0xff, 0xff, 0xff, 0xff, 0xff, 0xff, 0xff, 0xff, 0xfd, 0x45, 0x00,
  0x00, 0x00, 0x00, 0x00, 0x00, 0x00, 0x25, 0xd3, 0xff, 0xff, 0xff, 0xff, 0xff, 0xff, 0xff, 0xff,
  0xe1, 0x38, 0x00, 0x00, 0x00, 0x00, 0x00, 0x00, 0x00, 0x00, 0x00, 0x01, 0x49, 0x93, 0xc9, 0xeb,
  0xf7, 0xce, 0xad, 0x81, 0x0e, 0x00, 0x00, 0x00, 0x00, 0x00, 0x02, 0x40, 0x40, 0x40, 0x40, 0x40,
  0x40, 0x40, 0x40, 0x40, 0x40, 0x16, 0x00, 0x40, 0x40, 0x40, 0x40, 0x40, 0x40, 0x40, 0x40, 0x40,
  0x08, 0xff, 0xff, 0xff, 0xff, 0xff, 0xff, 0xff, 0xff, 0xff, 0xff, 0x5a, 0x00, 0xff, 0xff, 0xff,
  0xff, 0xff, 0xff, 0xff, 0xff, 0xff, 0x08, 0xff, 0xff, 0xff, 0xff, 0xff, 0xff, 0xff, 0xff, 0xff,
  0xff, 0x5a, 0x00, 0xff, 0xff, 0xff, 0xff, 0xff, 0xff, 0xff, 0xff, 0xff, 0x08, 0xff, 0xff, 0xff,
  0xff, 0xff, 0xff, 0xff, 0xff, 0xff, 0xff, 0x5a, 0x00, 0xff, 0xff, 0xff, 0xff, 0xff, 0xff, 0xff,
  0xff, 0xff, 0x00, 0x00, 0x00, 0x6c, 0xff, 0xff, 0xff, 0xff, 0xe1, 0x00, 0x00, 0x00, 0x00, 0x00,
  0x00, 0x8e, 0xff, 0xff, 0xff, 0x5d, 0x00, 0x00, 0x00, 0x00, 0x00, 0x11, 0xfc, 0xff, 0xff, 0xff,
  0xff, 0x35, 0x00, 0x00, 0x00, 0x00, 0x00, 0xe8, 0xff, 0xff, 0xfa, 0x0c, 0x00, 0x00, 0x00, 0x00,
  0x00, 0x00, 0xb5, 0xff, 0xff, 0xff, 0xff, 0x8a, 0x00, 0x00, 0x00, 0x00, 0x39, 0xff, 0xff, 0xff,
  0xad, 0x00, 0x00, 0x00, 0x00, 0x00, 0x00, 0x00, 0x5a, 0xff, 0xff, 0xff, 0xff, 0xe1, 0x00, 0x00,
  0x00, 0x00, 0x8f, 0xff, 0xff, 0xff, 0x55, 0x00, 0x00, 0x00, 0x00, 0x00, 0x00, 0x00, 0x08, 0xf7,
  0xff, 0xff, 0xff, 0xff, 0x34, 0x00, 0x00, 0x00, 0xe8, 0xff, 0xff, 0xf7, 0x08, 0x00, 0x00, 0x00,
  0x00, 0x00, 0x00, 0x00, 0x00, 0xa3, 0xff, 0xff, 0xff, 0xff, 0x89, 0x00, 0x00, 0x3a, 0xff, 0xff,
  0xff, 0xa4, 0x00, 0x00, 0x00, 0x00, 0x00, 0x00, 0x00, 0x00, 0x00, 0x48, 0xff, 0xff, 0xff, 0xff,
  0xe1, 0x00, 0x00, 0x8f, 0xff, 0xff, 0xff, 0x4c, 0x00, 0x00, 0x00, 0x00, 0x00, 0x00, 0x00, 0x00,
  0x00, 0x03, 0xe9, 0xff, 0xff, 0xff, 0xff, 0x33, 0x00, 0xe8, 0xff, 0xff, 0xf3, 0x05, 0x00, 0x00,
  0x00, 0x00, 0x00, 0x00, 0x00, 0x00, 0x00, 0x00, 0x91, 0xff, 0xff, 0xff, 0xff, 0x88, 0x3a, 0xff,
  0xff, 0xff, 0x9c, 0x00, 0x00, 0x00, 0x00, 0x00, 0x00, 0x00, 0x00, 0x00, 0x00, 0x00, 0x35, 0xff,
  0xff, 0xff, 0xff, 0xe1, 0x8e, 0xff, 0xff, 0xff, 0x42, 0x00, 0x00, 0x00, 0x00, 0x00, 0x00, 0x00,
  0x00, 0x00, 0x00, 0x00, 0x00, 0xdb, 0xff, 0xff, 0xff, 0xff, 0xf5, 0xff, 0xff, 0xe9, 0x03, 0x00,
  0x00, 0x00, 0x00, 0x00, 0x00, 0x00, 0x00, 0x00, 0x00, 0x00, 0x00, 0x80, 0xff, 0xff, 0xff, 0xff,
  0xff, 0xff, 0xff, 0x93, 0x00, 0x00, 0x00, 0x00, 0x00, 0x00, 0x00, 0x00, 0x00, 0x00, 0x00, 0x00,
  0x00, 0x22, 0xff, 0xff, 0xff, 0xff, 0xff, 0xff, 0xff, 0x3b, 0x00, 0x00, 0x00, 0x00, 0x00, 0x00,
  0x00, 0x00, 0x00, 0x00, 0x00, 0x00, 0x00, 0x00, 0xc9, 0xff, 0xff, 0xff, 0xff, 0xff, 0xe2, 0x00,
  0x00, 0x00, 0x00, 0x00, 0x00, 0x00, 0x00, 0x00, 0x00, 0x00, 0x00, 0x00, 0x00, 0x00, 0x6e, 0xff,
  0xff, 0xff, 0xff, 0xff, 0x8a, 0x00, 0x00, 0x00, 0x00, 0x00, 0x00, 0x00, 0x00, 0x00, 0x00, 0x00,
  0x00, 0x00, 0x00, 0x00, 0x16, 0xfc, 0xff, 0xff, 0xff, 0xff, 0x32, 0x00, 0x00, 0x00, 0x00, 0x00,
  0x00, 0x00, 0x00, 0x00, 0x00, 0x00, 0x00, 0x00, 0x00, 0x00, 0x00, 0xb7, 0xff, 0xff, 0xff, 0xdc,
  0x00, 0x00, 0x00, 0x00, 0x00, 0x00, 0x00, 0x00, 0x00, 0x00, 0x00, 0x00, 0x00, 0x00, 0x00, 0x00,
  0x00, 0x00, 0x00, 0x00, 0x00, 0x00, 0x00, 0x00, 0x00, 0x00, 0x00, 0x00, 0x00, 0x00, 0x02, 0x40,
  0x40, 0x40, 0x40, 0x40, 0x40, 0x40, 0x40, 0x40, 0x09, 0x00, 0x19, 0x40, 0x40, 0x40, 0x40, 0x40,
  0x40, 0x3b, 0x00, 0x00, 0x1b, 0x40, 0x40, 0x40, 0x40, 0x40, 0x40, 0x40, 0x2e, 0x08, 0xff, 0xff,
  0xff, 0xff, 0xff, 0xff, 0xff, 0xff, 0xff, 0x26, 0x00, 0x64, 0xff, 0xff, 0xff, 0xff, 0xff, 0xff,
  0xee, 0x00, 0x00, 0x6e, 0xff, 0xff, 0xff, 0xff, 0xff, 0xff, 0xff, 0xbb, 0x08, 0xff, 0xff, 0xff,
  0xff, 0xff, 0xff, 0xff, 0xff, 0xff, 0x26, 0x00, 0x64, 0xff, 0xff, 0xff, 0xff, 0xff, 0xff, 0xee,
  0x00, 0x00, 0x6e, 0xff, 0xff, 0xff, 0xff, 0xff, 0xff, 0xff, 0xbb, 0x08, 0xff, 0xff, 0xff, 0xff,
  0xff, 0xff, 0xff, 0xff, 0xff, 0x26, 0x00, 0x64, 0xff, 0xff, 0xff, 0xff, 0xff, 0xff, 0xee, 0x00,
  0x00, 0x6e, 0xff, 0xff, 0xff, 0xff, 0xff, 0xff, 0xff, 0xbb, 0x00, 0x00, 0x00, 0xb3, 0xff, 0xff,
  0xff, 0xff, 0x37, 0x00, 0x00, 0x00, 0x00, 0x00, 0xb0, 0xff, 0xff, 0xff, 0x35, 0x00, 0x00, 0x00,
  0x00, 0x00, 0x8e, 0xff, 0xff, 0xff, 0x58, 0x00, 0x00, 0x00, 0x00, 0x00, 0x5b, 0xff, 0xff, 0xff,
  0xff, 0x8d, 0x00, 0x00, 0x00, 0x00, 0x09, 0xf9, 0xff, 0xff, 0xff, 0x8b, 0x00, 0x00, 0x00, 0x00,
  0x00, 0xe7, 0xff, 0xff, 0xf9, 0x09, 0x00, 0x00, 0x00, 0x00, 0x00, 0x09, 0xfa, 0xff, 0xff, 0xff,
  0xe8, 0x00, 0x00, 0x00, 0x00, 0x53, 0xff, 0xff, 0xff, 0xff, 0xe2, 0x00, 0x00, 0x00, 0x00, 0x37,
  0xff, 0xff, 0xff, 0xae, 0x00, 0x00, 0x00, 0x00, 0x00, 0x00, 0x00, 0xac, 0xff, 0xff, 0xff, 0xff,
  0x39, 0x00, 0x00, 0x00, 0xa4, 0xff, 0xff, 0xff, 0xff, 0xff, 0x38, 0x00, 0x00, 0x00, 0x8b, 0xff,
  0xff, 0xff, 0x59, 0x00, 0x00, 0x00, 0x00, 0x00, 0x00, 0x00, 0x55, 0xff, 0xff, 0xff, 0xff, 0x8e,
  0x00, 0x00, 0x03, 0xf1, 0xff, 0xff, 0xff, 0xff, 0xff, 0x8f, 0x00, 0x00, 0x00, 0xe1, 0xff, 0xff,
  0xf9, 0x09, 0x00, 0x00, 0x00, 0x00, 0x00, 0x00, 0x00, 0x09, 0xf6, 0xff, 0xff, 0xff, 0xe8, 0x00,
  0x00, 0x46, 0xff, 0xff, 0xff, 0xff, 0xff, 0xff, 0xe8, 0x01, 0x00, 0x34, 0xff, 0xff, 0xff, 0xaf,
  0x00, 0x00, 0x00, 0x00, 0x00, 0x00, 0x00, 0x00, 0x00, 0xa6, 0xff, 0xff, 0xff, 0xff, 0x3a, 0x00,
  0x97, 0xff, 0xff, 0xff, 0xff, 0xff, 0xff, 0xff, 0x3c, 0x00, 0x89, 0xff, 0xff, 0xff, 0x5a, 0x00,
  0x00, 0x00, 0x00, 0x00, 0x00, 0x00, 0x00, 0x00, 0x4d, 0xff, 0xff, 0xff, 0xff, 0x8f, 0x01, 0xe6,
  0xff, 0xff, 0xf6, 0xff, 0xff, 0xff, 0xff, 0x91, 0x00, 0xdd, 0xff, 0xff, 0xf9, 0x0c, 0x00, 0x00,
  0x00, 0x00, 0x00, 0x00, 0x00, 0x00, 0x00, 0x05, 0xf2, 0xff, 0xff, 0xff, 0xe8, 0x3a, 0xff, 0xff,
  0xff, 0x92, 0xe2, 0xff, 0xff, 0xff, 0xe8, 0x32, 0xff, 0xff, 0xff, 0xb0, 0x00, 0x00, 0x00, 0x00,
  0x00, 0x00, 0x00, 0x00, 0x00, 0x00, 0x00, 0x9e, 0xff, 0xff, 0xff, 0xff, 0xc3, 0xff, 0xff, 0xff,
  0x3e, 0x84, 0xff, 0xff, 0xff, 0xff, 0xc2, 0xff, 0xff, 0xff, 0x5a, 0x00, 0x00, 0x00, 0x00, 0x00,
  0x00, 0x00, 0x00, 0x00, 0x00, 0x00, 0x47, 0xff, 0xff, 0xff, 0xff, 0xff, 0xff, 0xff, 0xed, 0x01,
  0x2d, 0xff, 0xff, 0xff, 0xff, 0xff, 0xff, 0xff, 0xf9, 0x0d, 0x00, 0x00, 0x00, 0x00, 0x00, 0x00,
  0x00, 0x00, 0x00, 0x00, 0x00, 0x03, 0xee, 0xff, 0xff, 0xff, 0xff, 0xff, 0xff, 0x9a, 0x00, 0x00,
  0xdb, 0xff, 0xff, 0xff, 0xff, 0xff, 0xff, 0xb2, 0x00, 0x00, 0x00, 0x00, 0x00, 0x00, 0x00, 0x00,
  0x00, 0x00, 0x00, 0x00, 0x00, 0x98, 0xff, 0xff, 0xff, 0xff, 0xff, 0xff, 0x47, 0x00, 0x00, 0x7e,
  0xff, 0xff, 0xff, 0xff, 0xff, 0xff, 0x5d, 0x00, 0x00, 0x00, 0x00, 0x00, 0x00, 0x00, 0x00, 0x00,
  0x00, 0x00, 0x00, 0x00, 0x41, 0xff, 0xff, 0xff, 0xff, 0xff, 0xf2, 0x03, 0x00, 0x00, 0x24, 0xff,
  0xff, 0xff, 0xff, 0xff, 0xf9, 0x0d, 0x00, 0x00, 0x00, 0x00, 0x00, 0x00, 0x00, 0x00, 0x00, 0x00,
  0x00, 0x00, 0x00, 0x01, 0xe8, 0xff, 0xff, 0xff, 0xff, 0xa1, 0x00, 0x00, 0x00, 0x00, 0xce, 0xff,
  0xff, 0xff, 0xff, 0xb3, 0x00, 0x00, 0x00, 0x00, 0x00, 0x00, 0x00, 0x00, 0x00, 0x00, 0x00, 0x00,
  0x00, 0x00, 0x00, 0x92, 0xff, 0xff, 0xff, 0xff, 0x4e, 0x00, 0x00, 0x00, 0x00, 0x76, 0xff, 0xff,
  0xff, 0xff, 0x5e, 0x00, 0x00, 0x00, 0x00, 0x00, 0x00, 0x00, 0x00, 0x00, 0x00, 0x00, 0x00, 0x00,
  0x00, 0x00, 0x3a, 0xff, 0xff, 0xff, 0xf6, 0x06, 0x00, 0x00, 0x00, 0x00, 0x1d, 0xff, 0xff, 0xff,
  0xf9, 0x0d, 0x00, 0x00, 0x00, 0x00, 0x00, 0x00, 0x00, 0x00, 0x00, 0x00, 0x00, 0x00, 0x00, 0x00,
  0x00, 0x00, 0x00, 0x00, 0x00, 0x00, 0x00, 0x00, 0x00, 0x00, 0x00, 0x00, 0x00, 0x00, 0x00, 0x00,
  0x00, 0x00, 0x00, 0x00, 0x00, 0x00, 0x00, 0x00, 0x00, 0x36, 0x40, 0x40, 0x40, 0x40, 0x40, 0x40,
  0x40, 0x40, 0x40, 0x27, 0x00, 0x17, 0x40, 0x40, 0x40, 0x40, 0x40, 0x40, 0x40, 0x40, 0x2a, 0x00,
  0x00, 0xda, 0xff, 0xff, 0xff, 0xff, 0xff, 0xff, 0xff, 0xff, 0xff, 0x9f, 0x00, 0x5f, 0xff, 0xff,
  0xff, 0xff, 0xff, 0xff, 0xff, 0xff, 0xa9, 0x00, 0x00, 0xda, 0xff, 0xff, 0xff, 0xff, 0xff, 0xff,
  0xff, 0xff, 0xff, 0x9f, 0x00, 0x5f, 0xff, 0xff, 0xff, 0xff, 0xff, 0xff, 0xff, 0xff, 0xa9, 0x00,
  0x00, 0xd9, 0xff, 0xff, 0xff, 0xff, 0xff, 0xff, 0xff, 0xf1, 0xc0, 0x76, 0x00, 0x46, 0xc0, 0xe8,
  0xff, 0xff, 0xff, 0xff, 0xff, 0xff, 0xa8, 0x00, 0x00, 0x00, 0x00, 0x00, 0xad, 0xff, 0xff, 0xff,
  0xff, 0xfe, 0x3f, 0x00, 0x00, 0x00, 0x1d, 0xf2, 0xff, 0xff, 0xff, 0x79, 0x00, 0x00, 0x00, 0x00,
  0x00, 0x00, 0x00, 0x00, 0x0c, 0xdb, 0xff, 0xff, 0xff, 0xff, 0xe8, 0x13, 0x00, 0x01, 0xbf, 0xff,
  0xff, 0xff, 0xc1, 0x01, 0x00, 0x00, 0x00, 0x00, 0x00, 0x00, 0x00, 0x00, 0x00, 0x29, 0xf8, 0xff,
  0xff, 0xff, 0xff, 0xbe, 0x01, 0x70, 0xff, 0xff, 0xff, 0xee, 0x18, 0x00, 0x00, 0x00, 0x00, 0x00,
  0x00, 0x00, 0x00, 0x00, 0x00, 0x00, 0x60, 0xff, 0xff, 0xff, 0xff, 0xff, 0x9a, 0xf7, 0xff, 0xff,
  0xff, 0x4f, 0x00, 0x00, 0x00, 0x00, 0x00, 0x00, 0x00, 0x00, 0x00, 0x00, 0x00, 0x00, 0x00, 0xa3,
  0xff, 0xff, 0xff, 0xff, 0xff, 0xff, 0xff, 0xff, 0x99, 0x00, 0x00, 0x00, 0x00, 0x00, 0x00, 0x00,
  0x00, 0x00, 0x00, 0x00, 0x00, 0x00, 0x00, 0x07, 0xd6, 0xff, 0xff, 0xff, 0xff, 0xff, 0xff, 0xd9,
  0x08, 0x00, 0x00, 0x00, 0x00, 0x00, 0x00, 0x00, 0x00, 0x00, 0x00, 0x00, 0x00, 0x00, 0x00, 0x00,
  0x44, 0xff, 0xff, 0xff, 0xff, 0xff, 0xff, 0x32, 0x00, 0x00, 0x00, 0x00, 0x00, 0x00, 0x00, 0x00,
  0x00, 0x00, 0x00, 0x00, 0x00, 0x00, 0x00, 0x02, 0xc8, 0xff, 0xff, 0xff, 0xff, 0xff, 0xff, 0x92,
  0x00, 0x00, 0x00, 0x00, 0x00, 0x00, 0x00, 0x00, 0x00, 0x00, 0x00, 0x00, 0x00, 0x00, 0x00, 0x80,
  0xff, 0xff, 0xff, 0xff, 0xff, 0xff, 0xff, 0xff, 0x5a, 0x00, 0x00, 0x00, 0x00, 0x00, 0x00, 0x00,
  0x00, 0x00, 0x00, 0x00, 0x00, 0x00, 0x38, 0xfe, 0xff, 0xff, 0xff, 0xd0, 0xff, 0xff, 0xff, 0xff,
  0xf9, 0x2e, 0x00, 0x00, 0x00, 0x00, 0x00, 0x00, 0x00, 0x00, 0x00, 0x00, 0x00, 0x0d, 0xe2, 0xff,
  0xff, 0xff, 0x92, 0x10, 0xe4, 0xff, 0xff, 0xff, 0xff, 0xe1, 0x0f, 0x00, 0x00, 0x00, 0x00, 0x00,
  0x00, 0x00, 0x00, 0x00, 0x00, 0xa3, 0xff, 0xff, 0xff, 0xd9, 0x08, 0x00, 0x35, 0xfd, 0xff, 0xff,
  0xff, 0xff, 0xbb, 0x01, 0x00, 0x00, 0x00, 0x00, 0x00, 0x00, 0x00, 0x00, 0x53, 0xff, 0xff, 0xff,
  0xf9, 0x2c, 0x00, 0x00, 0x00, 0x78, 0xff, 0xff, 0xff, 0xff, 0xff, 0x84, 0x00, 0x00, 0x00, 0x00,
  0x06, 0x80, 0x80, 0x80, 0xf3, 0xff, 0xff, 0xff, 0xa4, 0x40, 0x17, 0x00, 0x22, 0x41, 0xde, 0xff,
  0xff, 0xff, 0xff, 0xff, 0x8c, 0x80, 0x80, 0x20, 0x0f, 0xff, 0xff, 0xff, 0xff, 0xff, 0xff, 0xff,
  0xff, 0xff, 0x5c, 0x00, 0x8a, 0xff, 0xff, 0xff, 0xff, 0xff, 0xff, 0xff, 0xff, 0xff, 0xff, 0x43,
  0x0f, 0xff, 0xff, 0xff, 0xff, 0xff, 0xff, 0xff, 0xff, 0xff, 0x5c, 0x00, 0x8a, 0xff, 0xff, 0xff,
  0xff, 0xff, 0xff, 0xff, 0xff, 0xff, 0xff, 0x43, 0x0f, 0xff, 0xff, 0xff, 0xff, 0xff, 0xff, 0xff,
  0xff, 0xff, 0x5c, 0x00, 0x8a, 0xff, 0xff, 0xff, 0xff, 0xff, 0xff, 0xff, 0xff, 0xff, 0xff, 0x43,
  0x03, 0x40, 0x40, 0x40, 0x40, 0x40, 0x40, 0x40, 0x40, 0x40, 0x40, 0x09, 0x00, 0x3c, 0x40, 0x40,
  0x40, 0x40, 0x40, 0x40, 0x40, 0x40, 0x02, 0x0f, 0xff, 0xff, 0xff, 0xff, 0xff, 0xff, 0xff, 0xff,
  0xff, 0xff, 0x24, 0x00, 0xf1, 0xff, 0xff, 0xff, 0xff, 0xff, 0xff, 0xff, 0xff, 0x08, 0x0f, 0xff,
  0xff, 0xff, 0xff, 0xff, 0xff, 0xff, 0xff, 0xff, 0xff, 0x24, 0x00, 0xf1, 0xff, 0xff, 0xff, 0xff,
  0xff, 0xff, 0xff, 0xff, 0x08, 0x0f, 0xff, 0xff, 0xff, 0xff, 0xff, 0xff, 0xff, 0xff, 0xff, 0xff,
  0x24, 0x00, 0xf1, 0xff, 0xff, 0xff, 0xff, 0xff, 0xff, 0xff, 0xff, 0x08, 0x00, 0x00, 0x00, 0x3a,
  0xfe, 0xff, 0xff, 0xff, 0xff, 0x6c, 0x00, 0x00, 0x00, 0x00, 0x2d, 0xfc, 0xff, 0xff, 0xfc, 0x30,
  0x00, 0x00, 0x00, 0x00, 0x00, 0x00, 0x00, 0x89, 0xff, 0xff, 0xff, 0xff, 0xf2, 0x14, 0x00, 0x00,
  0x00, 0xcb, 0xff, 0xff, 0xff, 0x87, 0x00, 0x00, 0x00, 0x00, 0x00, 0x00, 0x00, 0x00, 0x06, 0xd7,
  0xff, 0xff, 0xff, 0xff, 0x9c, 0x00, 0x00, 0x62, 0xff, 0xff, 0xff, 0xdb, 0x06, 0x00, 0x00, 0x00,
  0x00, 0x00, 0x00, 0x00, 0x00, 0x00, 0x2e, 0xf9, 0xff, 0xff, 0xff, 0xff, 0x35, 0x10, 0xef, 0xff,
  0xff, 0xfe, 0x36, 0x00, 0x00, 0x00, 0x00, 0x00, 0x00, 0x00, 0x00, 0x00, 0x00, 0x00, 0x76, 0xff,
  0xff, 0xff, 0xff, 0xd1, 0x99, 0xff, 0xff, 0xff, 0x8e, 0x00, 0x00, 0x00, 0x00, 0x00, 0x00, 0x00,
  0x00, 0x00, 0x00, 0x00, 0x00, 0x01, 0xc5, 0xff, 0xff, 0xff, 0xff, 0xff, 0xff, 0xff, 0xe0, 0x09,
  0x00, 0x00, 0x00, 0x00, 0x00, 0x00, 0x00, 0x00, 0x00, 0x00, 0x00, 0x00, 0x00, 0x1e, 0xf4, 0xff,
  0xff, 0xff, 0xff, 0xff, 0xff, 0x3c, 0x00, 0x00, 0x00, 0x00, 0x00, 0x00, 0x00, 0x00, 0x00, 0x00,
  0x00, 0x00, 0x00, 0x00, 0x00, 0x66, 0xff, 0xff, 0xff, 0xff, 0xff, 0x97, 0x00, 0x00, 0x00, 0x00,
  0x00, 0x00, 0x00, 0x00, 0x00, 0x00, 0x00, 0x00, 0x00, 0x00, 0x00, 0x00, 0x0d, 0xff, 0xff, 0xff,
  0xff, 0xff, 0x43, 0x00, 0x00, 0x00, 0x00, 0x00, 0x00, 0x00, 0x00, 0x00, 0x00, 0x00, 0x00, 0x00,
  0x00, 0x00, 0x00, 0x0d, 0xff, 0xff, 0xff, 0xff, 0xff, 0x43, 0x00, 0x00, 0x00, 0x00, 0x00, 0x00,
  0x00, 0x00, 0x00, 0x00, 0x00, 0x00, 0x00, 0x00, 0x00, 0x00, 0x0d, 0xff, 0xff, 0xff, 0xff, 0xff,
  0x43, 0x00, 0x00, 0x00, 0x00, 0x00, 0x00, 0x00, 0x00, 0x00, 0x00, 0x00, 0x00, 0x00, 0x00, 0x00,
  0x00, 0x0d, 0xff, 0xff, 0xff, 0xff, 0xff, 0x43, 0x00, 0x00, 0x00, 0x00, 0x00, 0x00, 0x00, 0x00,
  0x00, 0x00, 0x00, 0x00, 0x00, 0x00, 0x00, 0x00, 0x0d, 0xff, 0xff, 0xff, 0xff, 0xff, 0x43, 0x00,
  0x00, 0x00, 0x00, 0x00, 0x00, 0x00, 0x00, 0x00, 0x00, 0x00, 0x00, 0x00, 0x00, 0x77, 0x80, 0x86,
  0xff, 0xff, 0xff, 0xff, 0xff, 0xa1, 0x80, 0x80, 0x0a, 0x00, 0x00, 0x00, 0x00, 0x00, 0x00, 0x00,
  0x00, 0x00, 0x00, 0x00, 0xee, 0xff, 0xff, 0xff, 0xff, 0xff, 0xff, 0xff, 0xff, 0xff, 0xff, 0x14,
  0x00, 0x00, 0x00, 0x00, 0x00, 0x00, 0x00, 0x00, 0x00, 0x00, 0x00, 0xee, 0xff, 0xff, 0xff, 0xff,
  0xff, 0xff, 0xff, 0xff, 0xff, 0xff, 0x14, 0x00, 0x00, 0x00, 0x00, 0x00, 0x00, 0x00, 0x00, 0x00,
  0x00, 0x00, 0xee, 0xff, 0xff, 0xff, 0xff, 0xff, 0xff, 0xff, 0xff, 0xff, 0xff, 0x14, 0x00, 0x00,
  0x00, 0x00, 0x00, 0x00, 0x3d, 0x40, 0x40, 0x40, 0x40, 0x40, 0x40, 0x40, 0x40, 0x40, 0x40, 0x40,
  0x40, 0x40, 0x40, 0x32, 0x00, 0xf6, 0xff, 0xff, 0xff, 0xff, 0xff, 0xff, 0xff, 0xff, 0xff, 0xff,
  0xff, 0xff, 0xff, 0xff, 0xca, 0x00, 0xf6, 0xff, 0xff, 0xff, 0xff, 0xff, 0xff, 0xff, 0xff, 0xff,
  0xff, 0xff, 0xff, 0xff, 0xff, 0xca, 0x00, 0xf5, 0xff, 0xff, 0xff, 0xff, 0xff, 0xff, 0xff, 0xff,
  0xff, 0xff, 0xff, 0xff, 0xff, 0xff, 0xc3, 0x00, 0xf6, 0xff, 0xff, 0x7d, 0x00, 0x00, 0x00, 0x00,
  0x31, 0xfb, 0xff, 0xff, 0xff, 0xff, 0xfe, 0x3e, 0x00, 0xf6, 0xff, 0xff, 0x7d, 0x00, 0x00, 0x00,
  0x0b, 0xde, 0xff, 0xff, 0xff, 0xff, 0xff, 0x85, 0x00, 0x00, 0xf6, 0xff, 0xff, 0x7d, 0x00, 0x00,
  0x00, 0xa1, 0xff, 0xff, 0xff, 0xff, 0xff, 0xc8, 0x04, 0x00, 0x00, 0xb8, 0xc0, 0xc0, 0x5d, 0x00,
  0x00, 0x57, 0xff, 0xff, 0xff, 0xff, 0xff, 0xf2, 0x20, 0x00, 0x00, 0x00, 0x00, 0x00, 0x00, 0x00,
  0x00, 0x1d, 0xf2, 0xff, 0xff, 0xff, 0xff, 0xff, 0x53, 0x00, 0x00, 0x00, 0x00, 0x00, 0x00, 0x00,
  0x00, 0x02, 0xc8, 0xff, 0xff, 0xff, 0xff, 0xff, 0x9e, 0x00, 0x00, 0x00, 0x00, 0x00, 0x00, 0x00,
  0x00, 0x00, 0x7f, 0xff, 0xff, 0xff, 0xff, 0xff, 0xde, 0x0b, 0x00, 0x00, 0x00, 0x00, 0x00, 0x00,
  0x00, 0x00, 0x37, 0xfd, 0xff, 0xff, 0xff, 0xff, 0xf9, 0x31, 0x00, 0x00, 0x00, 0x00, 0x00, 0x00,
  0x00, 0x00, 0x0d, 0xe2, 0xff, 0xff, 0xff, 0xff, 0xff, 0x72, 0x00, 0x00, 0x00, 0x00, 0x00, 0x00,
  0x00, 0x00, 0x00, 0xa6, 0xff, 0xff, 0xff, 0xff, 0xff, 0xb7, 0x00, 0x00, 0x00, 0x1e, 0x40, 0x40,
  0x3e, 0x00, 0x00, 0x5c, 0xff, 0xff, 0xff, 0xff, 0xff, 0xeb, 0x14, 0x00, 0x00, 0x00, 0x7b, 0xff,
  0xff, 0xf8, 0x00, 0x1d, 0xf4, 0xff, 0xff, 0xff, 0xff, 0xff, 0x44, 0x00, 0x00, 0x00, 0x00, 0x7b,
  0xff, 0xff, 0xf8, 0x02, 0xc8, 0xff, 0xff, 0xff, 0xff, 0xff, 0x8b, 0x00, 0x00, 0x00, 0x00, 0x00,
  0x7b, 0xff, 0xff, 0xf8, 0x6a, 0xff, 0xff, 0xff, 0xff, 0xff, 0xfc, 0x84, 0x80, 0x80, 0x80, 0x80,
  0x80, 0xbd, 0xff, 0xff, 0xf8, 0x80, 0xff, 0xff, 0xff, 0xff, 0xff, 0xff, 0xff, 0xff, 0xff, 0xff,
  0xff, 0xff, 0xff, 0xff, 0xff, 0xf8, 0x80, 0xff, 0xff, 0xff, 0xff, 0xff, 0xff, 0xff, 0xff, 0xff,
  0xff, 0xff, 0xff, 0xff, 0xff, 0xff, 0xf8, 0x80, 0xff, 0xff, 0xff, 0xff, 0xff, 0xff, 0xff, 0xff,
  0xff, 0xff, 0xff, 0xff, 0xff, 0xff, 0xff, 0xf8, 0x2c, 0x40, 0x40, 0x40, 0x40, 0x40, 0x40, 0x40,
  0x25, 0xb3, 0xff, 0xff, 0xff, 0xff, 0xff, 0xff, 0xff, 0x94, 0xb3, 0xff, 0xff, 0xff, 0xff, 0xff,
  0xff, 0xff, 0x94, 0xb1, 0xff, 0xff, 0xff, 0xf5, 0xc0, 0xc0, 0xc0, 0x6f, 0xb3, 0xff, 0xff, 0xff,
  0xd4, 0x00, 0x00, 0x00, 0x00, 0xb3, 0xff, 0xff, 0xff, 0xd4, 0x00, 0x00, 0x00, 0x00, 0xb3, 0xff,
  0xff, 0xff, 0xd4, 0x00, 0x00, 0x00, 0x00, 0xb3, 0xff, 0xff, 0xff, 0xd4, 0x00, 0x00, 0x00, 0x00,
  0xb3, 0xff, 0xff, 0xff, 0xd4, 0x00, 0x00, 0x00, 0x00, 0xb3, 0xff, 0xff, 0xff, 0xd4, 0x00, 0x00,
  0x00, 0x00, 0xb3, 0xff, 0xff, 0xff, 0xd4, 0x00, 0x00, 0x00, 0x00, 0xb3, 0xff, 0xff, 0xff, 0xd4,
  0x00, 0x00, 0x00, 0x00, 0xb3, 0xff, 0xff, 0xff, 0xd4, 0x00, 0x00, 0x00, 0x00, 0xb3, 0xff, 0xff,
  0xff, 0xd4, 0x00, 0x00, 0x00, 0x00, 0xb3, 0xff, 0xff, 0xff, 0xd4, 0x00, 0x00, 0x00, 0x00, 0xb3,
  0xff, 0xff, 0xff, 0xd4, 0x00, 0x00, 0x00, 0x00, 0xb3, 0xff, 0xff, 0xff, 0xd4, 0x00, 0x00, 0x00,
  0x00, 0xb3, 0xff, 0xff, 0xff, 0xd4, 0x00, 0x00, 0x00, 0x00, 0xb3, 0xff, 0xff, 0xff, 0xd4, 0x00,
  0x00, 0x00, 0x00, 0xb3, 0xff, 0xff, 0xff, 0xd4, 0x00, 0x00, 0x00, 0x00, 0xb3, 0xff, 0xff, 0xff,
  0xd4, 0x00, 0x00, 0x00, 0x00, 0xb3, 0xff, 0xff, 0xff, 0xd4, 0x00, 0x00, 0x00, 0x00, 0xb3, 0xff,
  0xff, 0xff, 0xd4, 0x00, 0x00, 0x00, 0x00, 0xb3, 0xff, 0xff, 0xff, 0xd4, 0x00, 0x00, 0x00, 0x00,
  0xb3, 0xff, 0xff, 0xff, 0xff, 0xff, 0xff, 0xff, 0x94, 0xb3, 0xff, 0xff, 0xff, 0xff, 0xff, 0xff,
  0xff, 0x94, 0xb3, 0xff, 0xff, 0xff, 0xff, 0xff, 0xff, 0xff, 0x94, 0x00, 0x00, 0x00, 0x00, 0x00,
  0x00, 0x00, 0x00, 0x00, 0x83, 0xbf, 0xbf, 0xbf, 0x5f, 0x00, 0x00, 0x00, 0x00, 0x00, 0x00, 0x00,
  0x00, 0x00, 0x00, 0x00, 0x40, 0xff, 0xff, 0xff, 0xe7, 0x08, 0x00, 0x00, 0x00, 0x00, 0x00, 0x00,
  0x00, 0x00, 0x00, 0x00, 0x00, 0xb8, 0xff, 0xff, 0xff, 0x70, 0x00, 0x00, 0x00, 0x00, 0x00, 0x00,
  0x00, 0x00, 0x00, 0x00, 0x00, 0x2f, 0xff, 0xff, 0xff, 0xe7, 0x0f, 0x00, 0x00, 0x00, 0x00, 0x00,
  0x00, 0x00, 0x00, 0x00, 0x00, 0x00, 0xb0, 0xff, 0xff, 0xff, 0x80, 0x00, 0x00, 0x00, 0x00, 0x00,
  0x00, 0x00, 0x00, 0x00, 0x00, 0x00, 0x2f, 0xff, 0xff, 0xff, 0xf0, 0x0f, 0x00, 0x00, 0x00, 0x00,
  0x00, 0x00, 0x00, 0x00, 0x00, 0x00, 0x00, 0xb0, 0xff, 0xff, 0xff, 0x80, 0x00, 0x00, 0x00, 0x00,
  0x00, 0x00, 0x00, 0x00, 0x00, 0x00, 0x00, 0x2f, 0xfc, 0xff, 0xff, 0xf0, 0x18, 0x00, 0x00, 0x00,
  0x00, 0x00, 0x00, 0x00, 0x00, 0x00, 0x00, 0x00, 0xa0, 0xff, 0xff, 0xff, 0x90, 0x00, 0x00, 0x00,
  0x00, 0x00, 0x00, 0x00, 0x00, 0x00, 0x00, 0x00, 0x22, 0xfc, 0xff, 0xff, 0xf7, 0x18, 0x00, 0x00,
  0x00, 0x00, 0x00, 0x00, 0x00, 0x00, 0x00, 0x00, 0x00, 0xa0, 0xff, 0xff, 0xff, 0x90, 0x00, 0x00,
  0x00, 0x00, 0x00, 0x00, 0x00, 0x00, 0x00, 0x00, 0x00, 0x22, 0xf7, 0xff, 0xff, 0xf7, 0x22, 0x00,
  0x00, 0x00, 0x00, 0x00, 0x00, 0x00, 0x00, 0x00, 0x00, 0x00, 0x90, 0xff, 0xff, 0xff, 0xa0, 0x00,
  0x00, 0x00, 0x00, 0x00, 0x00, 0x00, 0x00, 0x00, 0x00, 0x00, 0x18, 0xf7, 0xff, 0xff, 0xfc, 0x22,
  0x00, 0x00, 0x00, 0x00, 0x00, 0x00, 0x00, 0x00, 0x00, 0x00, 0x00, 0x90, 0xff, 0xff, 0xff, 0xa0,
  0x00, 0x00, 0x00, 0x00, 0x00, 0x00, 0x00, 0x00, 0x00, 0x00, 0x00, 0x18, 0xf7, 0xff, 0xff, 0xfc,
  0x2f, 0x00, 0x00, 0x00, 0x00, 0x00, 0x00, 0x00, 0x00, 0x00, 0x00, 0x00, 0x88, 0xff, 0xff, 0xff,
  0xb0, 0x00, 0x00, 0x00, 0x00, 0x00, 0x00, 0x00, 0x00, 0x00, 0x00, 0x00, 0x0f, 0xf0, 0xff, 0xff,
  0xff, 0x2f, 0x00, 0x00, 0x00, 0x00, 0x00, 0x00, 0x00, 0x00, 0x00, 0x00, 0x00, 0x80, 0xff, 0xff,
  0xff, 0xb0, 0x00, 0x00, 0x00, 0x00, 0x00, 0x00, 0x00, 0x00, 0x00, 0x00, 0x00, 0x0f, 0xf0, 0xff,
  0xff, 0xff, 0x3e, 0x00, 0x00, 0x00, 0x00, 0x00, 0x00, 0x00, 0x00, 0x00, 0x00, 0x00, 0x78, 0xff,
  0xff, 0xff, 0xc0, 0x00, 0x00, 0x00, 0x00, 0x00, 0x00, 0x00, 0x00, 0x00, 0x00, 0x00, 0x08, 0x40,
  0x40, 0x40, 0x40, 0x04, 0x04, 0x40, 0x40, 0x40, 0x40, 0x40, 0x40, 0x40, 0x40, 0x07, 0x12, 0xff,
  0xff, 0xff, 0xff, 0xff, 0xff, 0xff, 0xff, 0x1f, 0x12, 0xff, 0xff, 0xff, 0xff, 0xff, 0xff, 0xff,
  0xff, 0x1f, 0x0d, 0xc0, 0xc0, 0xc0, 0xda, 0xff, 0xff, 0xff, 0xff, 0x1d, 0x00, 0x00, 0x00, 0x00,
  0x69, 0xff, 0xff, 0xff, 0xff, 0x1f, 0x00, 0x00, 0x00, 0x00, 0x69, 0xff, 0xff, 0xff, 0xff, 0x1f,
  0x00, 0x00, 0x00, 0x00, 0x69, 0xff, 0xff, 0xff, 0xff, 0x1f, 0x00, 0x00, 0x00, 0x00, 0x69, 0xff,
  0xff, 0xff, 0xff, 0x1f, 0x00, 0x00, 0x00, 0x00, 0x69, 0xff, 0xff, 0xff, 0xff, 0x1f, 0x00, 0x00,
  0x00, 0x00, 0x69, 0xff, 0xff, 0xff, 0xff, 0x1f, 0x00, 0x00, 0x00, 0x00, 0x69, 0xff, 0xff, 0xff,
  0xff, 0x1f, 0x00, 0x00, 0x00, 0x00, 0x69, 0xff, 0xff, 0xff, 0xff, 0x1f, 0x00, 0x00, 0x00, 0x00,
  0x69, 0xff, 0xff, 0xff, 0xff, 0x1f, 0x00, 0x00, 0x00, 0x00, 0x69, 0xff, 0xff, 0xff, 0xff, 0x1f,
  0x00, 0x00, 0x00, 0x00, 0x69, 0xff, 0xff, 0xff, 0xff, 0x1f, 0x00, 0x00, 0x00, 0x00, 0x69, 0xff,
  0xff, 0xff, 0xff, 0x1f, 0x00, 0x00, 0x00, 0x00, 0x69, 0xff, 0xff, 0xff, 0xff, 0x1f, 0x00, 0x00,
  0x00, 0x00, 0x69, 0xff, 0xff, 0xff, 0xff, 0x1f, 0x00, 0x00, 0x00, 0x00, 0x69, 0xff, 0xff, 0xff,
  0xff, 0x1f, 0x00, 0x00, 0x00, 0x00, 0x69, 0xff, 0xff, 0xff, 0xff, 0x1f, 0x00, 0x00, 0x00, 0x00,
  0x69, 0xff, 0xff, 0xff, 0xff, 0x1f, 0x00, 0x00, 0x00, 0x00, 0x69, 0xff, 0xff, 0xff, 0xff, 0x1f,
  0x00, 0x00, 0x00, 0x00, 0x69, 0xff, 0xff, 0xff, 0xff, 0x1f, 0x00, 0x00, 0x00, 0x00, 0x69, 0xff,
  0xff, 0xff, 0xff, 0x1f, 0x12, 0xff, 0xff, 0xff, 0xff, 0xff, 0xff, 0xff, 0xff, 0x1f, 0x12, 0xff,
  0xff, 0xff, 0xff, 0xff, 0xff, 0xff, 0xff, 0x1f, 0x12, 0xff, 0xff, 0xff, 0xff, 0xff, 0xff, 0xff,
  0xff, 0x1f, 0x00, 0x00, 0x00, 0x00, 0x00, 0x00, 0x00, 0x00, 0x00, 0x00, 0x00, 0x00, 0x00, 0x00,
  0x00, 0x00, 0x36, 0x1f, 0x00, 0x00, 0x00, 0x00, 0x00, 0x00, 0x00, 0x00, 0x00, 0x00, 0x00, 0x30,
  0xff, 0xd5, 0x01, 0x00, 0x00, 0x00, 0x00, 0x00, 0x00, 0x00, 0x00, 0x00, 0x00, 0xc8, 0xff, 0xff,
  0x67, 0x00, 0x00, 0x00, 0x00, 0x00, 0x00, 0x00, 0x00, 0x00, 0x5b, 0xff, 0xf6, 0xff, 0xeb, 0x0c,
  0x00, 0x00, 0x00, 0x00, 0x00, 0x00, 0x00, 0x0a, 0xe6, 0xff, 0x3d, 0xe1, 0xff, 0x86, 0x00, 0x00,
  0x00, 0x00, 0x00, 0x00, 0x00, 0x82, 0xff, 0xaf, 0x00, 0x52, 0xff, 0xf8, 0x1a, 0x00, 0x00, 0x00,
  0x00, 0x00, 0x19, 0xf8, 0xfa, 0x1f, 0x00, 0x00, 0xc1, 0xff, 0xa7, 0x00, 0x00, 0x00, 0x00, 0x00,
  0xa8, 0xff, 0x8e, 0x00, 0x00, 0x00, 0x2a, 0xfe, 0xff, 0x31, 0x00, 0x00, 0x00, 0x37, 0xff, 0xee,
  0x0e, 0x00, 0x00, 0x00, 0x00, 0x98, 0xff, 0xc7, 0x00, 0x00, 0x01, 0xcf, 0xff, 0x6c, 0x00, 0x00,
  0x00, 0x00, 0x00, 0x11, 0xf2, 0xff, 0x57, 0x00, 0x61, 0xff, 0xdb, 0x03, 0x00, 0x00, 0x00, 0x00,
  0x00, 0x00, 0x72, 0xff, 0xe0, 0x05, 0x2f, 0x40, 0x20, 0x00, 0x00, 0x00, 0x00, 0x00, 0x00, 0x00,
  0x05, 0x40, 0x40, 0x10, 0x1e, 0x70, 0x70, 0x70, 0x70, 0x70, 0x70, 0x70, 0x70, 0x70, 0x70, 0x70,
  0x70, 0x70, 0x70, 0x70, 0x1e, 0x44, 0xff, 0xff, 0xff, 0xff, 0xff, 0xff, 0xff, 0xff, 0xff, 0xff,
  0xff, 0xff, 0xff, 0xff, 0xff, 0x44, 0x21, 0x7a, 0x7a, 0x7a, 0x7a, 0x7a, 0x7a, 0x7a, 0x7a, 0x7a,
  0x7a, 0x7a, 0x7a, 0x7a, 0x7a, 0x7a, 0x21, 0x13, 0xdc, 0xff, 0xff, 0xff, 0x78, 0x00, 0x00, 0x00,
  0x23, 0xe5, 0xff, 0xff, 0xe4, 0x04, 0x00, 0x00, 0x00, 0x2c, 0xf2, 0xff, 0xff, 0x58, 0x00, 0x00,
  0x00, 0x00, 0x42, 0xfb, 0xff, 0xc8, 0x00, 0x00, 0x00, 0x00, 0x00, 0x4c, 0x80, 0x80, 0x10, 0x00,
  0x00, 0x00, 0x00, 0x2d, 0x53, 0x6e, 0x76, 0x55, 0x32, 0x0a, 0x00, 0x00, 0x00, 0x00, 0x00, 0x00,
  0x00, 0x00, 0x73, 0xeb, 0xff, 0xff, 0xff, 0xff, 0xff, 0xff, 0xfc, 0x88, 0x06, 0x00, 0x00, 0x00,
  0x00, 0x00, 0x9a, 0xff, 0xff, 0xff, 0xff, 0xff, 0xff, 0xff, 0xff, 0xff, 0xff, 0xc8, 0x07, 0x00,
  0x00, 0x00, 0x50, 0xfa, 0xff, 0xff, 0xed, 0x75, 0x4a, 0x7e, 0xed, 0xff, 0xff, 0xff, 0xff, 0x6e,
  0x00, 0x00, 0x00, 0x00, 0x04, 0x33, 0x67, 0x20, 0x00, 0x00, 0x00, 0x26, 0xfa, 0xff, 0xff, 0xff,
  0xad, 0x00, 0x00, 0x00, 0x00, 0x00, 0x00, 0x00, 0x00, 0x00, 0x00, 0x00, 0x00, 0xcb, 0xff, 0xff,
  0xff, 0xbe, 0x00, 0x00, 0x00, 0x00, 0x00, 0x1e, 0x9e, 0xd6, 0xf2, 0xee, 0xbe, 0x79, 0xcf, 0xff,
  0xff, 0xff, 0xc6, 0x00, 0x00, 0x00, 0x00, 0x56, 0xfa, 0xff, 0xff, 0xff, 0xff, 0xff, 0xff, 0xff,
  0xff, 0xff, 0xff, 0xc9, 0x00, 0x00, 0x00, 0x2a, 0xf6, 0xff, 0xff, 0xff, 0xff, 0xd2, 0xf4, 0xff,
  0xff, 0xff, 0xff, 0xff, 0xc9, 0x00, 0x00, 0x00, 0x84, 0xff, 0xff, 0xff, 0xe4, 0x26, 0x00, 0x04,
  0x4e, 0xe6, 0xff, 0xff, 0xff, 0xc8, 0x00, 0x00, 0x00, 0xb5, 0xff, 0xff, 0xff, 0xa5, 0x00, 0x00,
  0x00, 0x00, 0xbc, 0xff, 0xff, 0xff, 0xc9, 0x00, 0x00, 0x00, 0x9c, 0xff, 0xff, 0xff, 0xe3, 0x13,
  0x00, 0x05, 0x7e, 0xfb, 0xff, 0xff, 0xff, 0xd7, 0x40, 0x40, 0x06, 0x56, 0xff, 0xff, 0xff, 0xff,
  0xe1, 0x96, 0xe5, 0xff, 0xff, 0xff, 0xff, 0xff, 0xff, 0xff, 0xff, 0x19, 0x00, 0xae, 0xff, 0xff,
  0xff, 0xff, 0xff, 0xff, 0xff, 0xff, 0xff, 0xff, 0xff, 0xff, 0xff, 0xff, 0x1a, 0x00, 0x06, 0x7b,
  0xf6, 0xff, 0xff, 0xff, 0xe4, 0x66, 0xc0, 0xff, 0xff, 0xff, 0xff, 0xff, 0xff, 0x19, 0x00, 0x00,
  0x00, 0x04, 0x25, 0x38, 0x1c, 0x01, 0x00, 0x00, 0x00, 0x00, 0x00, 0x00, 0x00, 0x00, 0x00, 0x25,
  0x40, 0x40, 0x40, 0x40, 0x40, 0x40, 0x1a, 0x00, 0x00, 0x00, 0x00, 0x00, 0x00, 0x00, 0x00, 0x00,
  0x00, 0x94, 0xff, 0xff, 0xff, 0xff, 0xff, 0xff, 0x69, 0x00, 0x00, 0x00, 0x00, 0x00, 0x00, 0x00,
  0x00, 0x00, 0x00, 0x94, 0xff, 0xff, 0xff, 0xff, 0xff, 0xff, 0x69, 0x00, 0x00, 0x00, 0x00, 0x00,
  0x00, 0x00, 0x00, 0x00, 0x00, 0x94, 0xff, 0xff, 0xff, 0xff, 0xff, 0xff, 0x69, 0x00, 0x00, 0x00,
  0x00, 0x00, 0x00, 0x00, 0x00, 0x00, 0x00, 0x00, 0x00, 0x2e, 0xff, 0xff, 0xff, 0xff, 0x69, 0x00,
  0x00, 0x00, 0x00, 0x00, 0x00, 0x00, 0x00, 0x00, 0x00, 0x00, 0x00, 0x2e, 0xff, 0xff, 0xff, 0xff,
  0x69, 0x00, 0x00, 0x00, 0x00, 0x00, 0x00, 0x00, 0x00, 0x00, 0x00, 0x00, 0x00, 0x2d, 0xff, 0xff,
  0xff, 0xff, 0x68, 0x00, 0x0d, 0x47, 0x75, 0x4a, 0x13, 0x00, 0x00, 0x00, 0x00, 0x00, 0x00, 0x2e,
  0xff, 0xff, 0xff, 0xff, 0x69, 0x8b, 0xfb, 0xff, 0xff, 0xff, 0xff, 0x8f, 0x04, 0x00, 0x00, 0x00,
  0x00, 0x2d, 0xff, 0xff, 0xff, 0xff, 0xe0, 0xff, 0xff, 0xff, 0xff, 0xff, 0xff, 0xff, 0xc5, 0x03,
  0x00, 0x00, 0x00, 0x2e, 0xff, 0xff, 0xff, 0xff, 0xff, 0xff, 0xff, 0xff, 0xff, 0xff, 0xff, 0xff,
  0xff, 0x6c, 0x00, 0x00, 0x00, 0x2d, 0xff, 0xff, 0xff, 0xff, 0xff, 0xd9, 0x66, 0x4e, 0x9a, 0xfe,
  0xff, 0xff, 0xff, 0xe9, 0x0b, 0x00, 0x00, 0x2d, 0xff, 0xff, 0xff, 0xff, 0xf3, 0x13, 0x00, 0x00,
  0x00, 0x90, 0xff, 0xff, 0xff, 0xff, 0x48, 0x00, 0x00, 0x2d, 0xff, 0xff, 0xff, 0xff, 0x96, 0x00,
  0x00, 0x00, 0x00, 0x3b, 0xff, 0xff, 0xff, 0xff, 0x64, 0x00, 0x00, 0x2d, 0xff, 0xff, 0xff, 0xff,
  0x6e, 0x00, 0x00, 0x00, 0x00, 0x1b, 0xff, 0xff, 0xff, 0xff, 0x82, 0x00, 0x00, 0x2d, 0xff, 0xff,
  0xff, 0xff, 0x70, 0x00, 0x00, 0x00, 0x00, 0x25, 0xff, 0xff, 0xff, 0xff, 0x80, 0x00, 0x00, 0x2e,
  0xff, 0xff, 0xff, 0xff, 0x9a, 0x00, 0x00, 0x00, 0x00, 0x4c, 0xff, 0xff, 0xff, 0xff, 0x5d, 0x00,
  0x00, 0x2d, 0xff, 0xff, 0xff, 0xff, 0xf4, 0x15, 0x00, 0x00, 0x00, 0xb8, 0xff, 0xff, 0xff, 0xff,
  0x37, 0x25, 0x40, 0x62, 0xff, 0xff, 0xff, 0xff, 0xff, 0xde, 0x6a, 0x4f, 0xaf, 0xff, 0xff, 0xff,
  0xff, 0xda, 0x03, 0x94, 0xff, 0xff, 0xff, 0xff, 0xff, 0xff, 0xff, 0xff, 0xff, 0xff, 0xff, 0xff,
  0xff, 0xff, 0xff, 0x51, 0x00, 0x94, 0xff, 0xff, 0xff, 0xff, 0xff, 0xff, 0xcd, 0xff, 0xff, 0xff,
  0xff, 0xff, 0xff, 0xff, 0x8d, 0x00, 0x00, 0x94, 0xff, 0xff, 0xff, 0xff, 0xff, 0xff, 0x68, 0x34,
  0xc1, 0xfc, 0xff, 0xff, 0xd6, 0x53, 0x00, 0x00, 0x00, 0x00, 0x00, 0x00, 0x00, 0x00, 0x00, 0x00,
  0x00, 0x00, 0x00, 0x08, 0x34, 0x0c, 0x00, 0x00, 0x00, 0x00, 0x00, 0x00, 0x00, 0x00, 0x00, 0x00,
  0x0a, 0x38, 0x64, 0x75, 0x58, 0x22, 0x00, 0x23, 0x40, 0x40, 0x22, 0x00, 0x00, 0x00, 0x00, 0x69,
  0xf8, 0xff, 0xff, 0xff, 0xff, 0xfa, 0x8c, 0x99, 0xff, 0xff, 0x89, 0x00, 0x00, 0x06, 0xa8, 0xff,
  0xff, 0xff, 0xff, 0xff, 0xff, 0xff, 0xff, 0xff, 0xff, 0xff, 0x89, 0x00, 0x00, 0x82, 0xff, 0xff,
  0xff, 0xff, 0xff, 0xff, 0xff, 0xff, 0xff, 0xff, 0xff, 0xff, 0x8a, 0x00, 0x2e, 0xfc, 0xff, 0xff,
  0xff, 0xfe, 0x94, 0x4f, 0x6b, 0xac, 0xff, 0xff, 0xff, 0xff, 0x88, 0x00, 0x95, 0xff, 0xff, 0xff,
  0xff, 0x62, 0x00, 0x00, 0x00, 0x00, 0x7f, 0xff, 0xff, 0xff, 0x89, 0x00, 0xc4, 0xff, 0xff, 0xff,
  0xde, 0x00, 0x00, 0x00, 0x00, 0x00, 0x01, 0x74, 0x80, 0x80, 0x45, 0x00, 0xf1, 0xff, 0xff, 0xff,
  0xa7, 0x00, 0x00, 0x00, 0x00, 0x00, 0x00, 0x00, 0x00, 0x00, 0x00, 0x00, 0xf4, 0xff, 0xff, 0xff,
  0xb2, 0x00, 0x00, 0x00, 0x00, 0x00, 0x00, 0x00, 0x00, 0x00, 0x00, 0x00, 0xc3, 0xff, 0xff, 0xff,
  0xdb, 0x01, 0x00, 0x00, 0x00, 0x00, 0x00, 0x50, 0x12, 0x00, 0x00, 0x00, 0x95, 0xff, 0xff, 0xff,
  0xff, 0x59, 0x00, 0x00, 0x00, 0x00, 0x52, 0xff, 0xf9, 0x9e, 0x30, 0x00, 0x27, 0xf6, 0xff, 0xff,
  0xff, 0xfd, 0x8e, 0x4e, 0x41, 0x93, 0xff, 0xff, 0xff, 0xff, 0xa9, 0x00, 0x00, 0x61, 0xff, 0xff,
  0xff, 0xff, 0xff, 0xff, 0xff, 0xff, 0xff, 0xff, 0xff, 0xf8, 0x1d, 0x00, 0x00, 0x00, 0x6c, 0xf3,
  0xff, 0xff, 0xff, 0xff, 0xff, 0xff, 0xff, 0xff, 0xf0, 0x3f, 0x00, 0x00, 0x00, 0x00, 0x00, 0x14,
  0x98, 0xdd, 0xfd, 0xff, 0xff, 0xff, 0xe9, 0x8c, 0x1d, 0x00, 0x00, 0x00, 0x00, 0x00, 0x00, 0x00,
  0x00, 0x00, 0x05, 0x2b, 0x34, 0x18, 0x01, 0x00, 0x00, 0x00, 0x00, 0x00, 0x00, 0x00, 0x00, 0x00,
  0x00, 0x00, 0x00, 0x36, 0x40, 0x40, 0x40, 0x40, 0x40, 0x3d, 0x00, 0x00, 0x00, 0x00, 0x00, 0x00,
  0x00, 0x00, 0x00, 0x00, 0x00, 0xda, 0xff, 0xff, 0xff, 0xff, 0xff, 0xf6, 0x00, 0x00, 0x00, 0x00,
  0x00, 0x00, 0x00, 0x00, 0x00, 0x00, 0x00, 0xda, 0xff, 0xff, 0xff, 0xff, 0xff, 0xf6, 0x00, 0x00,
  0x00, 0x00, 0x00, 0x00, 0x00, 0x00, 0x00, 0x00, 0x00, 0xda, 0xff, 0xff, 0xff, 0xff, 0xff, 0xf6,
  0x00, 0x00, 0x00, 0x00, 0x00, 0x00, 0x00, 0x00, 0x00, 0x00, 0x00, 0x00, 0x00, 0xa1, 0xff, 0xff,
  0xff, 0xf6, 0x00, 0x00, 0x00, 0x00, 0x00, 0x00, 0x00, 0x00, 0x00, 0x00, 0x00, 0x00, 0x00, 0xa1,
  0xff, 0xff, 0xff, 0xf6, 0x00, 0x00, 0x00, 0x00, 0x00, 0x00, 0x00, 0x21, 0x53, 0x72, 0x3b, 0x07,
  0x00, 0xa0, 0xff, 0xff, 0xff, 0xf5, 0x00, 0x00, 0x00, 0x00, 0x00, 0x12, 0xb6, 0xff, 0xff, 0xff,
  0xff, 0xed, 0x4e, 0xa1, 0xff, 0xff, 0xff, 0xf6, 0x00, 0x00, 0x00, 0x00, 0x1d, 0xe2, 0xff, 0xff,
  0xff, 0xff, 0xff, 0xff, 0xff, 0xf1, 0xff, 0xff, 0xff, 0xf5, 0x00, 0x00, 0x00, 0x00, 0xa7, 0xff,
  0xff, 0xff, 0xff, 0xff, 0xff, 0xff, 0xff, 0xff, 0xff, 0xff, 0xff, 0xf6, 0x00, 0x00, 0x00, 0x36,
  0xff, 0xff, 0xff, 0xff, 0xea, 0x48, 0x0a, 0x39, 0xd4, 0xff, 0xff, 0xff, 0xff, 0xf5, 0x00, 0x00,
  0x00, 0x90, 0xff, 0xff, 0xff, 0xff, 0x4c, 0x00, 0x00, 0x00, 0x22, 0xfd, 0xff, 0xff, 0xff, 0xf6,
  0x00, 0x00, 0x00, 0xb2, 0xff, 0xff, 0xff, 0xef, 0x01, 0x00, 0x00, 0x00, 0x00, 0xc4, 0xff, 0xff,
  0xff, 0xf5, 0x00, 0x00, 0x00, 0xd2, 0xff, 0xff, 0xff, 0xd2, 0x00, 0x00, 0x00, 0x00, 0x00, 0xa3,
  0xff, 0xff, 0xff, 0xf5, 0x00, 0x00, 0x00, 0xbe, 0xff, 0xff, 0xff, 0xe1, 0x00, 0x00, 0x00, 0x00,
  0x00, 0xb2, 0xff, 0xff, 0xff, 0xf6, 0x00, 0x00, 0x00, 0x97, 0xff, 0xff, 0xff, 0xfd, 0x1a, 0x00,
  0x00, 0x00, 0x01, 0xe4, 0xff, 0xff, 0xff, 0xf5, 0x00, 0x00, 0x00, 0x70, 0xff, 0xff, 0xff, 0xff,
  0x9f, 0x00, 0x00, 0x00, 0x44, 0xff, 0xff, 0xff, 0xff, 0xf5, 0x00, 0x00, 0x00, 0x1a, 0xf3, 0xff,
  0xff, 0xff, 0xff, 0xbd, 0x53, 0x77, 0xf2, 0xff, 0xff, 0xff, 0xff, 0xf7, 0x40, 0x40, 0x0d, 0x00,
  0x6e, 0xff, 0xff, 0xff, 0xff, 0xff, 0xff, 0xff, 0xff, 0xff, 0xff, 0xff, 0xff, 0xff, 0xff, 0xff,
  0x36, 0x00, 0x00, 0x75, 0xfd, 0xff, 0xff, 0xff, 0xff, 0xff, 0xdd, 0xc5, 0xff, 0xff, 0xff, 0xff,
  0xff, 0xff, 0x35, 0x00, 0x00, 0x00, 0x3b, 0xb2, 0xf9, 0xff, 0xf3, 0x9e, 0x0a, 0xa0, 0xff, 0xff,
  0xff, 0xff, 0xff, 0xff, 0x35, 0x00, 0x00, 0x00, 0x00, 0x00, 0x0b, 0x30, 0x02, 0x00, 0x00, 0x00,
  0x00, 0x00, 0x00, 0x00, 0x00, 0x00, 0x00, 0x00, 0x00, 0x00, 0x00, 0x01, 0x21, 0x4b, 0x74, 0x62,
  0x37, 0x0b, 0x00, 0x00, 0x00, 0x00, 0x00, 0x00, 0x00, 0x00, 0x29, 0xd6, 0xff, 0xff, 0xff, 0xff,
  0xff, 0xfa, 0x70, 0x00, 0x00, 0x00, 0x00, 0x00, 0x00, 0x68, 0xfa, 0xff, 0xff, 0xff, 0xff, 0xff,
  0xff, 0xff, 0xff, 0xb2, 0x0c, 0x00, 0x00, 0x00, 0x3c, 0xff, 0xff, 0xff, 0xff, 0xc3, 0x8c, 0xba,
  0xff, 0xff, 0xff, 0xff, 0x8e, 0x00, 0x00, 0x0b, 0xdf, 0xff, 0xff, 0xff, 0x5f, 0x00, 0x00, 0x00,
  0x4a, 0xff, 0xff, 0xff, 0xfd, 0x2c, 0x00, 0x59, 0xff, 0xff, 0xff, 0xd2, 0x00, 0x00, 0x00, 0x00,
  0x00, 0xb0, 0xff, 0xff, 0xff, 0x8d, 0x00, 0x8e, 0xff, 0xff, 0xff, 0xea, 0xc0, 0xc0, 0xc0, 0xc0,
  0xc0, 0xde, 0xff, 0xff, 0xff, 0xbe, 0x00, 0xc4, 0xff, 0xff, 0xff, 0xff, 0xff, 0xff, 0xff, 0xff,
  0xff, 0xff, 0xff, 0xff, 0xff, 0xf5, 0x00, 0xdb, 0xff, 0xff, 0xff, 0xe6, 0xc0, 0xc0, 0xc0, 0xc0,
  0xc0, 0xc0, 0xc0, 0xc0, 0xc0, 0xc0, 0x12, 0xb1, 0xff, 0xff, 0xff, 0xb2, 0x00, 0x00, 0x00, 0x00,
  0x00, 0x00, 0x00, 0x00, 0x00, 0x00, 0x00, 0x83, 0xff, 0xff, 0xff, 0xee, 0x08, 0x00, 0x00, 0x00,
  0x00, 0x00, 0x24, 0x03, 0x00, 0x00, 0x00, 0x22, 0xf6, 0xff, 0xff, 0xff, 0xbd, 0x1e, 0x00, 0x00,
  0x05, 0x7f, 0xff, 0xf1, 0xac, 0x57, 0x00, 0x00, 0x6e, 0xff, 0xff, 0xff, 0xff, 0xf8, 0xab, 0x9b,
  0xea, 0xff, 0xff, 0xff, 0xff, 0x65, 0x00, 0x00, 0x01, 0xa1, 0xff, 0xff, 0xff, 0xff, 0xff, 0xff,
  0xff, 0xff, 0xff, 0xff, 0x76, 0x00, 0x00, 0x00, 0x00, 0x00, 0x3e, 0xd5, 0xff, 0xff, 0xff, 0xff,
  0xff, 0xf8, 0x9d, 0x2a, 0x00, 0x00, 0x00, 0x00, 0x00, 0x00, 0x00, 0x00, 0x0f, 0x22, 0x36, 0x35,
  0x1c, 0x04, 0x00, 0x00, 0x00, 0x00, 0x00, 0x00, 0x00, 0x00, 0x00, 0x00, 0x19, 0x85, 0xa6, 0xb8,
  0x8d, 0x62, 0x18, 0x00, 0x00, 0x00, 0x00, 0x00, 0x00, 0x44, 0xed, 0xff, 0xff, 0xff, 0xff, 0xff,
  0xec, 0x43, 0x00, 0x00, 0x00, 0x00, 0x1b, 0xf3, 0xff, 0xff, 0xff, 0xff, 0xff, 0xff, 0xff, 0xbe,
  0x04, 0x00, 0x00, 0x00, 0xa3, 0xff, 0xff, 0xff, 0xea, 0x67, 0xde, 0xff, 0x85, 0x03, 0x00, 0x00,
  0x00, 0x00, 0xde, 0xff, 0xff, 0xff, 0x9a, 0x00, 0x3d, 0x49, 0x00, 0x00, 0x00, 0x00, 0x00, 0x09,
  0xff, 0xff, 0xff, 0xff, 0x79, 0x00, 0x00, 0x00, 0x00, 0x00, 0x00, 0x00, 0x3e, 0x4a, 0xff, 0xff,
  0xff, 0xff, 0x9a, 0x40, 0x2c, 0x00, 0x00, 0x00, 0x00, 0x00, 0xfb, 0xff, 0xff, 0xff, 0xff, 0xff,
  0xff, 0xff, 0xb1, 0x00, 0x00, 0x00, 0x00, 0x00, 0xfb, 0xff, 0xff, 0xff, 0xff, 0xff, 0xff, 0xff,
  0xb1, 0x00, 0x00, 0x00, 0x00, 0x00, 0xfb, 0xff, 0xff, 0xff, 0xff, 0xff, 0xff, 0xff, 0xb1, 0x00,
  0x00, 0x00, 0x00, 0x00, 0x00, 0x0f, 0xff, 0xff, 0xff, 0xff, 0x78, 0x00, 0x00, 0x00, 0x00, 0x00,
  0x00, 0x00, 0x00, 0x0f, 0xff, 0xff, 0xff, 0xff, 0x78, 0x00, 0x00, 0x00, 0x00, 0x00, 0x00, 0x00,
  0x00, 0x0f, 0xff, 0xff, 0xff, 0xff, 0x78, 0x00, 0x00, 0x00, 0x00, 0x00, 0x00, 0x00, 0x00, 0x0f,
  0xff, 0xff, 0xff, 0xff, 0x78, 0x00, 0x00, 0x00, 0x00, 0x00, 0x00, 0x00, 0x00, 0x0f, 0xff, 0xff,
  0xff, 0xff, 0x78, 0x00, 0x00, 0x00, 0x00, 0x00, 0x00, 0x00, 0x00, 0x0f, 0xff, 0xff, 0xff, 0xff,
  0x78, 0x00, 0x00, 0x00, 0x00, 0x00, 0x00, 0x00, 0x00, 0x0f, 0xff, 0xff, 0xff, 0xff, 0x78, 0x00,
  0x00, 0x00, 0x00, 0x00, 0x00, 0x08, 0x40, 0x4a, 0xff, 0xff, 0xff, 0xff, 0x9a, 0x40, 0x2c, 0x00,
  0x00, 0x00, 0x00, 0x21, 0xff, 0xff, 0xff, 0xff, 0xff, 0xff, 0xff, 0xff, 0xb1, 0x00, 0x00, 0x00,
  0x00, 0x21, 0xff, 0xff, 0xff, 0xff, 0xff, 0xff, 0xff, 0xff, 0xb1, 0x00, 0x00, 0x00, 0x00, 0x21,
  0xff, 0xff, 0xff, 0xff, 0xff, 0xff, 0xff, 0xff, 0xb1, 0x00, 0x00, 0x00, 0x00, 0x00, 0x00, 0x00,
  0x00, 0x22, 0x53, 0x72, 0x3c, 0x07, 0x00, 0x28, 0x40, 0x40, 0x40, 0x40, 0x40, 0x40, 0x0f, 0x00,
  0x00, 0x07, 0xb0, 0xff, 0xff, 0xff, 0xff, 0xeb, 0x33, 0xa1, 0xff, 0xff, 0xff, 0xff, 0xff, 0xff,
  0x3d, 0x00, 0x0b, 0xc4, 0xff, 0xff, 0xff, 0xff, 0xff, 0xff, 0xf8, 0xd8, 0xff, 0xff, 0xff, 0xff,
  0xff, 0xff, 0x3c, 0x00, 0x87, 0xff, 0xff, 0xff, 0xff, 0xff, 0xff, 0xff, 0xff, 0xff, 0xff, 0xff,
  0xff, 0xff, 0xff, 0xff, 0x3d, 0x1f, 0xf8, 0xff, 0xff, 0xff, 0xfd, 0x83, 0x4a, 0x7a, 0xf6, 0xff,
  0xff, 0xff, 0xff, 0xe5, 0x00, 0x00, 0x00, 0x75, 0xff, 0xff, 0xff, 0xff, 0x6d, 0x00, 0x00, 0x00,
  0x49, 0xff, 0xff, 0xff, 0xff, 0xe5, 0x00, 0x00, 0x00, 0x9e, 0xff, 0xff, 0xff, 0xf7, 0x06, 0x00,
  0x00, 0x00, 0x00, 0xdd, 0xff, 0xff, 0xff, 0xe6, 0x00, 0x00, 0x00, 0xc8, 0xff, 0xff, 0xff, 0xd8,
  0x00, 0x00, 0x00, 0x00, 0x00, 0xb1, 0xff, 0xff, 0xff, 0xe6, 0x00, 0x00, 0x00, 0xc8, 0xff, 0xff,
  0xff, 0xd9, 0x00, 0x00, 0x00, 0x00, 0x00, 0xb2, 0xff, 0xff, 0xff, 0xe6, 0x00, 0x00, 0x00, 0xa2,
  0xff, 0xff, 0xff, 0xf8, 0x0e, 0x00, 0x00, 0x00, 0x01, 0xe1, 0xff, 0xff, 0xff, 0xe6, 0x00, 0x00,
  0x00, 0x7c, 0xff, 0xff, 0xff, 0xff, 0x9e, 0x00, 0x00, 0x00, 0x82, 0xff, 0xff, 0xff, 0xff, 0xe6,
  0x00, 0x00, 0x00, 0x21, 0xf9, 0xff, 0xff, 0xff, 0xff, 0xc9, 0x8c, 0xbe, 0xff, 0xff, 0xff, 0xff,
  0xff, 0xe5, 0x00, 0x00, 0x00, 0x00, 0x7c, 0xff, 0xff, 0xff, 0xff, 0xff, 0xff, 0xff, 0xff, 0xff,
  0xff, 0xff, 0xff, 0xe6, 0x00, 0x00, 0x00, 0x00, 0x02, 0x87, 0xff, 0xff, 0xff, 0xff, 0xff, 0xff,
  0xd5, 0xc3, 0xff, 0xff, 0xff, 0xe5, 0x00, 0x00, 0x00, 0x00, 0x00, 0x00, 0x4c, 0xc2, 0xfe, 0xff,
  0xeb, 0x82, 0x05, 0xa7, 0xff, 0xff, 0xff, 0xdf, 0x00, 0x00, 0x00, 0x00, 0x00, 0x00, 0x00, 0x00,
  0x14, 0x28, 0x00, 0x00, 0x00, 0xc0, 0xff, 0xff, 0xff, 0xbe, 0x00, 0x00, 0x00, 0x00, 0x00, 0x00,
  0x00, 0x00, 0x00, 0x00, 0x00, 0x00, 0x1a, 0xfb, 0xff, 0xff, 0xff, 0x96, 0x00, 0x00, 0x00, 0x00,
  0x00, 0x18, 0xd4, 0x83, 0x34, 0x0b, 0x01, 0x3e, 0xdb, 0xff, 0xff, 0xff, 0xff, 0x6f, 0x00, 0x00,
  0x00, 0x00, 0x01, 0xc3, 0xff, 0xff, 0xff, 0xff, 0xff, 0xff, 0xff, 0xff, 0xff, 0xff, 0xe8, 0x13,
  0x00, 0x00, 0x00, 0x00, 0x7c, 0xff, 0xff, 0xff, 0xff, 0xff, 0xff, 0xff, 0xff, 0xff, 0xff, 0xfd,
  0x39, 0x00, 0x00, 0x00, 0x00, 0x00, 0x27, 0xa4, 0xfc, 0xff, 0xff, 0xff, 0xff, 0xff, 0xff, 0xfa,
  0xa1, 0x27, 0x00, 0x00, 0x00, 0x00, 0x00, 0x00, 0x00, 0x00, 0x20, 0x4d, 0x5f, 0x70, 0x7a, 0x57,
  0x33, 0x07, 0x00, 0x00, 0x00, 0x00, 0x00, 0x00, 0x00, 0x0c, 0x40, 0x40, 0x40, 0x40, 0x40, 0x40,
  0x27, 0x00, 0x00, 0x00, 0x00, 0x00, 0x00, 0x00, 0x00, 0x00, 0x00, 0x00, 0x31, 0xff, 0xff, 0xff,
  0xff, 0xff, 0xff, 0x9f, 0x00, 0x00, 0x00, 0x00, 0x00, 0x00, 0x00, 0x00, 0x00, 0x00, 0x00, 0x31,
  0xff, 0xff, 0xff, 0xff, 0xff, 0xff, 0x9f, 0x00, 0x00, 0x00, 0x00, 0x00, 0x00, 0x00, 0x00, 0x00,
  0x00, 0x00, 0x31, 0xff, 0xff, 0xff, 0xff, 0xff, 0xff, 0x9f, 0x00, 0x00, 0x00, 0x00, 0x00, 0x00,
  0x00, 0x00, 0x00, 0x00, 0x00, 0x00, 0x00, 0x08, 0xff, 0xff, 0xff, 0xff, 0x9f, 0x00, 0x00, 0x00,
  0x00, 0x00, 0x00, 0x00, 0x00, 0x00, 0x00, 0x00, 0x00, 0x00, 0x08, 0xff, 0xff, 0xff, 0xff, 0x9f,
  0x00, 0x00, 0x00, 0x00, 0x00, 0x00, 0x00, 0x00, 0x00, 0x00, 0x00, 0x00, 0x00, 0x08, 0xff, 0xff,
  0xff, 0xff, 0x9d, 0x00, 0x21, 0x5a, 0x78, 0x52, 0x1a, 0x00, 0x00, 0x00, 0x00, 0x00, 0x00, 0x00,
  0x08, 0xff, 0xff, 0xff, 0xff, 0xa8, 0x90, 0xfc, 0xff, 0xff, 0xff, 0xff, 0x8a, 0x00, 0x00, 0x00,
  0x00, 0x00, 0x00, 0x08, 0xff, 0xff, 0xff, 0xff, 0xff, 0xff, 0xff, 0xff, 0xff, 0xff, 0xff, 0xff,
  0x4f, 0x00, 0x00, 0x00, 0x00, 0x00, 0x08, 0xff, 0xff, 0xff, 0xff, 0xff, 0xff, 0xff, 0xff, 0xff,
  0xff, 0xff, 0xff, 0xc2, 0x00, 0x00, 0x00, 0x00, 0x00, 0x08, 0xff, 0xff, 0xff, 0xff, 0xfa, 0xa7,
  0x5e, 0x5a, 0xe0, 0xff, 0xff, 0xff, 0xf2, 0x00, 0x00, 0x00, 0x00, 0x00, 0x08, 0xff, 0xff, 0xff,
  0xff, 0x9d, 0x00, 0x00, 0x00, 0x96, 0xff, 0xff, 0xff, 0xf8, 0x00, 0x00, 0x00, 0x00, 0x00, 0x08,
  0xff, 0xff, 0xff, 0xff, 0x9f, 0x00, 0x00, 0x00, 0x8a, 0xff, 0xff, 0xff, 0xfd, 0x00, 0x00, 0x00,
  0x00, 0x00, 0x08, 0xff, 0xff, 0xff, 0xff, 0x9f, 0x00, 0x00, 0x00, 0x8a, 0xff, 0xff, 0xff, 0xfd,
  0x00, 0x00, 0x00, 0x00, 0x00, 0x08, 0xff, 0xff, 0xff, 0xff, 0x9f, 0x00, 0x00, 0x00, 0x8a, 0xff,
  0xff, 0xff, 0xfd, 0x00, 0x00, 0x00, 0x00, 0x00, 0x08, 0xff, 0xff, 0xff, 0xff, 0x9f, 0x00, 0x00,
  0x00, 0x8a, 0xff, 0xff, 0xff, 0xfd, 0x00, 0x00, 0x00, 0x00, 0x00, 0x08, 0xff, 0xff, 0xff, 0xff,
  0x9f, 0x00, 0x00, 0x00, 0x8a, 0xff, 0xff, 0xff, 0xfd, 0x00, 0x00, 0x00, 0x0c, 0x40, 0x46, 0xff,
  0xff, 0xff, 0xff, 0xb6, 0x40, 0x28, 0x00, 0x89, 0xff, 0xff, 0xff, 0xfd, 0x40, 0x40, 0x03, 0x31,
  0xff, 0xff, 0xff, 0xff, 0xff, 0xff, 0xff, 0xff, 0xa1, 0x00, 0x8a, 0xff, 0xff, 0xff, 0xff, 0xff,
  0xff, 0x0f, 0x31, 0xff, 0xff, 0xff, 0xff, 0xff, 0xff, 0xff, 0xff, 0xa1, 0x00, 0x8a, 0xff, 0xff,
  0xff, 0xff, 0xff, 0xff, 0x0f, 0x31, 0xff, 0xff, 0xff, 0xff, 0xff, 0xff, 0xff, 0xff, 0xa1, 0x00,
  0x8a, 0xff, 0xff, 0xff, 0xff, 0xff, 0xff, 0x0f, 0x00, 0x00, 0x00, 0x57, 0xae, 0x86, 0x0f, 0x00,
  0x00, 0x00, 0x00, 0x00, 0x62, 0xff, 0xff, 0xff, 0xcc, 0x00, 0x00, 0x00, 0x00, 0x00, 0xb6, 0xff,
  0xff, 0xff, 0xff, 0x1f, 0x00, 0x00, 0x00, 0x00, 0x9c, 0xff, 0xff, 0xff, 0xfc, 0x0d, 0x00, 0x00,
  0x00, 0x00, 0x1c, 0xd3, 0xff, 0xf9, 0x62, 0x00, 0x00, 0x00, 0x00, 0x00, 0x00, 0x01, 0x2e, 0x0d,
  0x00, 0x00, 0x00, 0x00, 0x2f, 0x40, 0x40, 0x40, 0x40, 0x40, 0x3c, 0x00, 0x00, 0x00, 0xbd, 0xff,
  0xff, 0xff, 0xff, 0xff, 0xf3, 0x00, 0x00, 0x00, 0xbd, 0xff, 0xff, 0xff, 0xff, 0xff, 0xf3, 0x00,
  0x00, 0x00, 0xbd, 0xff, 0xff, 0xff, 0xff, 0xff, 0xf3, 0x00, 0x00, 0x00, 0x00, 0x00, 0xa4, 0xff,
  0xff, 0xff, 0xf3, 0x00, 0x00, 0x00, 0x00, 0x00, 0xa4, 0xff, 0xff, 0xff, 0xf3, 0x00, 0x00, 0x00,
  0x00, 0x00, 0xa4, 0xff, 0xff, 0xff, 0xf3, 0x00, 0x00, 0x00, 0x00, 0x00, 0xa4, 0xff, 0xff, 0xff,
  0xf3, 0x00, 0x00, 0x00, 0x00, 0x00, 0xa4, 0xff, 0xff, 0xff, 0xf3, 0x00, 0x00, 0x00, 0x00, 0x00,
  0xa4, 0xff, 0xff, 0xff, 0xf3, 0x00, 0x00, 0x00, 0x00, 0x00, 0xa4, 0xff, 0xff, 0xff, 0xf3, 0x00,
  0x00, 0x00, 0x2f, 0x40, 0xbb, 0xff, 0xff, 0xff, 0xf5, 0x40, 0x40, 0x03, 0xbd, 0xff, 0xff, 0xff,
  0xff, 0xff, 0xff, 0xff, 0xff, 0x0d, 0xbd, 0xff, 0xff, 0xff, 0xff, 0xff, 0xff, 0xff, 0xff, 0x0d,
  0xbd, 0xff, 0xff, 0xff, 0xff, 0xff, 0xff, 0xff, 0xff, 0x0d, 0x00, 0x00, 0x00, 0x00, 0x02, 0x3b,
  0x71, 0x3b, 0x02, 0x00, 0x00, 0x00, 0x00, 0x97, 0xff, 0xff, 0xff, 0x98, 0x00, 0x00, 0x00, 0x00,
  0xe9, 0xff, 0xff, 0xff, 0xeb, 0x00, 0x00, 0x00, 0x00, 0xd1, 0xff, 0xff, 0xff, 0xd2, 0x00, 0x00,
  0x00, 0x00, 0x3c, 0xea, 0xff, 0xeb, 0x3c, 0x00, 0x00, 0x00, 0x00, 0x00, 0x07, 0x31, 0x06, 0x00,
  0x00, 0x00, 0x35, 0x40, 0x40, 0x40, 0x40, 0x40, 0x39, 0x00, 0x00, 0xd4, 0xff, 0xff, 0xff, 0xff,
  0xff, 0xe4, 0x00, 0x00, 0xd4, 0xff, 0xff, 0xff, 0xff, 0xff, 0xe4, 0x00, 0x00, 0xd4, 0xff, 0xff,
  0xff, 0xff, 0xff, 0xe4, 0x00, 0x00, 0x00, 0x00, 0xac, 0xff, 0xff, 0xff, 0xe4, 0x00, 0x00, 0x00,
  0x00, 0xac, 0xff, 0xff, 0xff, 0xe4, 0x00, 0x00, 0x00, 0x00, 0xac, 0xff, 0xff, 0xff, 0xe4, 0x00,
  0x00, 0x00, 0x00, 0xac, 0xff, 0xff, 0xff, 0xe4, 0x00, 0x00, 0x00, 0x00, 0xac, 0xff, 0xff, 0xff,
  0xe4, 0x00, 0x00, 0x00, 0x00, 0xac, 0xff, 0xff, 0xff, 0xe4, 0x00, 0x00, 0x00, 0x00, 0xac, 0xff,
  0xff, 0xff, 0xe4, 0x00, 0x00, 0x00, 0x00, 0xac, 0xff, 0xff, 0xff, 0xe4, 0x00, 0x00, 0x00, 0x00,
  0xac, 0xff, 0xff, 0xff, 0xe4, 0x00, 0x00, 0x00, 0x00, 0xac, 0xff, 0xff, 0xff, 0xe4, 0x00, 0x00,
  0x00, 0x00, 0xac, 0xff, 0xff, 0xff, 0xe4, 0x00, 0x00, 0x00, 0x00, 0xb9, 0xff, 0xff, 0xff, 0xe1,
  0x00, 0x00, 0x00, 0x09, 0xeb, 0xff, 0xff, 0xff, 0xce, 0x1b, 0x82, 0xa9, 0xe5, 0xff, 0xff, 0xff,
  0xff, 0xa9, 0x36, 0xff, 0xff, 0xff, 0xff, 0xff, 0xff, 0xff, 0x54, 0x36, 0xff, 0xff, 0xff, 0xff,
  0xff, 0xff, 0xc3, 0x00, 0x35, 0xff, 0xff, 0xff, 0xff, 0xe4, 0x74, 0x0a, 0x00, 0x0d, 0x40, 0x40,
  0x40, 0x32, 0x00, 0x00, 0x00, 0x00, 0x3c, 0x40, 0x40, 0x40, 0x40, 0x40, 0x37, 0x00, 0x00, 0x00,
  0x00, 0x00, 0x00, 0x00, 0x00, 0x00, 0x00, 0x00, 0xf3, 0xff, 0xff, 0xff, 0xff, 0xff, 0xdc, 0x00,
  0x00, 0x00, 0x00, 0x00, 0x00, 0x00, 0x00, 0x00, 0x00, 0x00, 0xf3, 0xff, 0xff, 0xff, 0xff, 0xff,
  0xdc, 0x00, 0x00, 0x00, 0x00, 0x00, 0x00, 0x00, 0x00, 0x00, 0x00, 0x00, 0xf3, 0xff, 0xff, 0xff,
  0xff, 0xff, 0xdc, 0x00, 0x00, 0x00, 0x00, 0x00, 0x00, 0x00, 0x00, 0x00, 0x00, 0x00, 0x00, 0x00,
  0xc3, 0xff, 0xff, 0xff, 0xdc, 0x00, 0x00, 0x00, 0x00, 0x00, 0x00, 0x00, 0x00, 0x00, 0x00, 0x00,
  0x00, 0x00, 0xc3, 0xff, 0xff, 0xff, 0xdc, 0x00, 0x00, 0x00, 0x00, 0x00, 0x00, 0x00, 0x00, 0x00,
  0x00, 0x00, 0x00, 0x00, 0xc1, 0xff, 0xff, 0xff, 0xdc, 0x00, 0x12, 0x40, 0x40, 0x40, 0x40, 0x40,
  0x40, 0x40, 0x40, 0x13, 0x00, 0x00, 0xc3, 0xff, 0xff, 0xff, 0xdc, 0x00, 0x48, 0xff, 0xff, 0xff,
  0xff, 0xff, 0xff, 0xff, 0xff, 0x4d, 0x00, 0x00, 0xc3, 0xff, 0xff, 0xff, 0xdc, 0x00, 0x48, 0xff,
  0xff, 0xff, 0xff, 0xff, 0xff, 0xff, 0xff, 0x4d, 0x00, 0x00, 0xc1, 0xff, 0xff, 0xff, 0xdc, 0x00,
  0x24, 0x80, 0x80, 0xca, 0xff, 0xff, 0xff, 0xed, 0xc0, 0x39, 0x00, 0x00, 0xc3, 0xff, 0xff, 0xff,
  0xdc, 0x00, 0x00, 0x00, 0x7f, 0xfe, 0xff, 0xff, 0xd9, 0x22, 0x00, 0x00, 0x00, 0x00, 0xc3, 0xff,
  0xff, 0xff, 0xdc, 0x00, 0x0a, 0xb0, 0xff, 0xff, 0xff, 0xbe, 0x0f, 0x00, 0x00, 0x00, 0x00, 0x00,
  0xc2, 0xff, 0xff, 0xff, 0xdb, 0x1d, 0xd3, 0xff, 0xff, 0xff, 0x9a, 0x03, 0x00, 0x00, 0x00, 0x00,
  0x00, 0x00, 0xc1, 0xff, 0xff, 0xff, 0xdd, 0xdb, 0xff, 0xff, 0xff, 0xee, 0x11, 0x00, 0x00, 0x00,
  0x00, 0x00, 0x00, 0x00, 0xc2, 0xff, 0xff, 0xff, 0xdb, 0x41, 0xfd, 0xff, 0xff, 0xff, 0xc4, 0x05,
  0x00, 0x00, 0x00, 0x00, 0x00, 0x00, 0xc2, 0xff, 0xff, 0xff, 0xdb, 0x00, 0x6e, 0xff, 0xff, 0xff,
  0xff, 0xa3, 0x00, 0x00, 0x00, 0x00, 0x00, 0x00, 0xc3, 0xff, 0xff, 0xff, 0xdc, 0x00, 0x00, 0xa3,
  0xff, 0xff, 0xff, 0xff, 0x73, 0x00, 0x00, 0x00, 0x3c, 0x40, 0xd1, 0xff, 0xff, 0xff, 0xdc, 0x00,
  0x00, 0x05, 0xc2, 0xff, 0xff, 0xff, 0xfe, 0x65, 0x40, 0x1c, 0xf3, 0xff, 0xff, 0xff, 0xff, 0xff,
  0xff, 0xff, 0x8a, 0x00, 0x15, 0xe2, 0xff, 0xff, 0xff, 0xff, 0xff, 0x73, 0xf3, 0xff, 0xff, 0xff,
  0xff, 0xff, 0xff, 0xff, 0x8a, 0x00, 0x00, 0x2a, 0xf6, 0xff, 0xff, 0xff, 0xff, 0x73, 0xf3, 0xff,
  0xff, 0xff, 0xff, 0xff, 0xff, 0xff, 0x8a, 0x00, 0x00, 0x00, 0x4e, 0xff, 0xff, 0xff, 0xff, 0x73,
  0x39, 0x40, 0x40, 0x40, 0x40, 0x40, 0x3b, 0x00, 0x00, 0xe4, 0xff, 0xff, 0xff, 0xff, 0xff, 0xec,
  0x00, 0x00, 0xe4, 0xff, 0xff, 0xff, 0xff, 0xff, 0xec, 0x00, 0x00, 0xe4, 0xff, 0xff, 0xff, 0xff,
  0xff, 0xec, 0x00, 0x00, 0x00, 0x00, 0xbb, 0xff, 0xff, 0xff, 0xec, 0x00, 0x00, 0x00, 0x00, 0xbb,
  0xff, 0xff, 0xff, 0xec, 0x00, 0x00, 0x00, 0x00, 0xbb, 0xff, 0xff, 0xff, 0xec, 0x00, 0x00, 0x00,
  0x00, 0xbb, 0xff, 0xff, 0xff, 0xec, 0x00, 0x00, 0x00, 0x00, 0xbb, 0xff, 0xff, 0xff, 0xec, 0x00,
  0x00, 0x00, 0x00, 0xbb, 0xff, 0xff, 0xff, 0xec, 0x00, 0x00, 0x00, 0x00, 0xbb, 0xff, 0xff, 0xff,
  0xec, 0x00, 0x00, 0x00, 0x00, 0xbb, 0xff, 0xff, 0xff, 0xec, 0x00, 0x00, 0x00, 0x00, 0xbb, 0xff,
  0xff, 0xff, 0xec, 0x00, 0x00, 0x00, 0x00, 0xbb, 0xff, 0xff, 0xff, 0xec, 0x00, 0x00, 0x00, 0x00,
  0xbb, 0xff, 0xff, 0xff, 0xec, 0x00, 0x00, 0x00, 0x00, 0xbb, 0xff, 0xff, 0xff, 0xec, 0x00, 0x00,
  0x00, 0x00, 0xbb, 0xff, 0xff, 0xff, 0xec, 0x00, 0x00, 0x39, 0x40, 0xcb, 0xff, 0xff, 0xff, 0xf1,
  0x40, 0x39, 0xe4, 0xff, 0xff, 0xff, 0xff, 0xff, 0xff, 0xff, 0xe6, 0xe4, 0xff, 0xff, 0xff, 0xff,
  0xff, 0xff, 0xff, 0xe6, 0xe4, 0xff, 0xff, 0xff, 0xff, 0xff, 0xff, 0xff, 0xe6, 0x19, 0x40, 0x40,
  0x40, 0x40, 0x40, 0x40, 0x2f, 0x00, 0x0b, 0x4a, 0x6a, 0x74, 0x44, 0x0f, 0x00, 0x00, 0x00, 0x00,
  0x07, 0x32, 0x5d, 0x74, 0x41, 0x0c, 0x00, 0x00, 0x00, 0x00, 0x00, 0x65, 0xff, 0xff, 0xff, 0xff,
  0xff, 0xff, 0xc0, 0x6a, 0xe8, 0xff, 0xff, 0xff, 0xff, 0xfd, 0x65, 0x00, 0x0e, 0x85, 0xf5, 0xff,
  0xff, 0xff, 0xff, 0xf9, 0x5b, 0x00, 0x00, 0x00, 0x00, 0x65, 0xff, 0xff, 0xff, 0xff, 0xff, 0xff,
  0xff, 0xff, 0xff, 0xff, 0xff, 0xff, 0xff, 0xff, 0xff, 0xae, 0xed, 0xff, 0xff, 0xff, 0xff, 0xff,
  0xff, 0xff, 0xff, 0x5d, 0x00, 0x00, 0x00, 0x65, 0xff, 0xff, 0xff, 0xff, 0xff, 0xff, 0xff, 0xff,
  0xff, 0xff, 0xff, 0xff, 0xff, 0xff, 0xff, 0xff, 0xff, 0xff, 0xff, 0xff, 0xff, 0xff, 0xff, 0xff,
  0xff, 0xda, 0x00, 0x00, 0x00, 0x00, 0x00, 0x00, 0xc1, 0xff, 0xff, 0xff, 0xff, 0xff, 0xc8, 0x96,
  0xa3, 0xf7, 0xff, 0xff, 0xff, 0xff, 0xff, 0xf7, 0xb1, 0x8c, 0xc9, 0xff, 0xff, 0xff, 0xff, 0xff,
  0x0a, 0x00, 0x00, 0x00, 0x00, 0x00, 0xc1, 0xff, 0xff, 0xff, 0xdb, 0x2a, 0x00, 0x00, 0x00, 0x55,
  0xff, 0xff, 0xff, 0xff, 0xa0, 0x0e, 0x00, 0x00, 0x00, 0xc1, 0xff, 0xff, 0xff, 0xff, 0x17, 0x00,
  0x00, 0x00, 0x00, 0x00, 0xc1, 0xff, 0xff, 0xff, 0xbc, 0x00, 0x00, 0x00, 0x00, 0x23, 0xff, 0xff,
  0xff, 0xff, 0x65, 0x00, 0x00, 0x00, 0x00, 0x7d, 0xff, 0xff, 0xff, 0xff, 0x1c, 0x00, 0x00, 0x00,
  0x00, 0x00, 0xc3, 0xff, 0xff, 0xff, 0xbd, 0x00, 0x00, 0x00, 0x00, 0x1a, 0xff, 0xff, 0xff, 0xff,
  0x66, 0x00, 0x00, 0x00, 0x00, 0x69, 0xff, 0xff, 0xff, 0xff, 0x1f, 0x00, 0x00, 0x00, 0x00, 0x00,
  0xc3, 0xff, 0xff, 0xff, 0xbd, 0x00, 0x00, 0x00, 0x00, 0x1a, 0xff, 0xff, 0xff, 0xff, 0x66, 0x00,
  0x00, 0x00, 0x00, 0x69, 0xff, 0xff, 0xff, 0xff, 0x1f, 0x00, 0x00, 0x00, 0x00, 0x00, 0xc3, 0xff,
  0xff, 0xff, 0xbd, 0x00, 0x00, 0x00, 0x00, 0x1a, 0xff, 0xff, 0xff, 0xff, 0x66, 0x00, 0x00, 0x00,
  0x00, 0x69, 0xff, 0xff, 0xff, 0xff, 0x1f, 0x00, 0x00, 0x00, 0x00, 0x00, 0xc3, 0xff, 0xff, 0xff,
  0xbd, 0x00, 0x00, 0x00, 0x00, 0x1a, 0xff, 0xff, 0xff, 0xff, 0x66, 0x00, 0x00, 0x00, 0x00, 0x69,
  0xff, 0xff, 0xff, 0xff, 0x1f, 0x00, 0x00, 0x19, 0x40, 0x40, 0xd1, 0xff, 0xff, 0xff, 0xcd, 0x40,
  0x40, 0x16, 0x00, 0x19, 0xff, 0xff, 0xff, 0xff, 0x8c, 0x40, 0x40, 0x00, 0x00, 0x68, 0xff, 0xff,
  0xff, 0xff, 0x56, 0x40, 0x3c, 0x66, 0xff, 0xff, 0xff, 0xff, 0xff, 0xff, 0xff, 0xff, 0xff, 0x5a,
  0x00, 0x1a, 0xff, 0xff, 0xff, 0xff, 0xff, 0xff, 0xff, 0x03, 0x00, 0x69, 0xff, 0xff, 0xff, 0xff,
  0xff, 0xff, 0xf1, 0x66, 0xff, 0xff, 0xff, 0xff, 0xff, 0xff, 0xff, 0xff, 0xff, 0x5a, 0x00, 0x1a,
  0xff, 0xff, 0xff, 0xff, 0xff, 0xff, 0xff, 0x03, 0x00, 0x69, 0xff, 0xff, 0xff, 0xff, 0xff, 0xff,
  0xf1, 0x66, 0xff, 0xff, 0xff, 0xff, 0xff, 0xff, 0xff, 0xff, 0xff, 0x5a, 0x00, 0x1a, 0xff, 0xff,
  0xff, 0xff, 0xff, 0xff, 0xff, 0x03, 0x00, 0x69, 0xff, 0xff, 0xff, 0xff, 0xff, 0xff, 0xf1, 0x39,
  0x40, 0x40, 0x40, 0x40, 0x40, 0x35, 0x00, 0x00, 0x26, 0x64, 0x64, 0x19, 0x00, 0x00, 0x00, 0x00,
  0x00, 0xe4, 0xff, 0xff, 0xff, 0xff, 0xff, 0xd4, 0x28, 0xbd, 0xff, 0xff, 0xff, 0xf9, 0x76, 0x00,
  0x00, 0x00, 0x00, 0xe4, 0xff, 0xff, 0xff, 0xff, 0xff, 0xf6, 0xfc, 0xff, 0xff, 0xff, 0xff, 0xff,
  0xff, 0x82, 0x00, 0x00, 0x00, 0xe4, 0xff, 0xff, 0xff, 0xff, 0xff, 0xff, 0xff, 0xff, 0xff, 0xff,
  0xff, 0xff, 0xff, 0xf0, 0x03, 0x00, 0x00, 0x00, 0x00, 0xb1, 0xff, 0xff, 0xff, 0xff, 0xf3, 0xae,
  0x8c, 0xda, 0xff, 0xff, 0xff, 0xff, 0x21, 0x00, 0x00, 0x00, 0x00, 0xb1, 0xff, 0xff, 0xff, 0xde,
  0x09, 0x00, 0x00, 0x51, 0xff, 0xff, 0xff, 0xff, 0x35, 0x00, 0x00, 0x00, 0x00, 0xb2, 0xff, 0xff,
  0xff, 0xd4, 0x00, 0x00, 0x00, 0x3f, 0xff, 0xff, 0xff, 0xff, 0x42, 0x00, 0x00, 0x00, 0x00, 0xb3,
  0xff, 0xff, 0xff, 0xd4, 0x00, 0x00, 0x00, 0x3d, 0xff, 0xff, 0xff, 0xff, 0x43, 0x00, 0x00, 0x00,
  0x00, 0xb3, 0xff, 0xff, 0xff, 0xd4, 0x00, 0x00, 0x00, 0x3d, 0xff, 0xff, 0xff, 0xff, 0x43, 0x00,
  0x00, 0x00, 0x00, 0xb3, 0xff, 0xff, 0xff, 0xd4, 0x00, 0x00, 0x00, 0x3d, 0xff, 0xff, 0xff, 0xff,
  0x43, 0x00, 0x00, 0x00, 0x00, 0xb3, 0xff, 0xff, 0xff, 0xd4, 0x00, 0x00, 0x00, 0x3d, 0xff, 0xff,
  0xff, 0xff, 0x43, 0x00, 0x00, 0x39, 0x40, 0xc5, 0xff, 0xff, 0xff, 0xdf, 0x40, 0x3f, 0x00, 0x3c,
  0xff, 0xff, 0xff, 0xff, 0x71, 0x40, 0x19, 0xe4, 0xff, 0xff, 0xff, 0xff, 0xff, 0xff, 0xff, 0xfd,
  0x00, 0x3d, 0xff, 0xff, 0xff, 0xff, 0xff, 0xff, 0x64, 0xe4, 0xff, 0xff, 0xff, 0xff, 0xff, 0xff,
  0xff, 0xfd, 0x00, 0x3d, 0xff, 0xff, 0xff, 0xff, 0xff, 0xff, 0x64, 0xe4, 0xff, 0xff, 0xff, 0xff,
  0xff, 0xff, 0xff, 0xfd, 0x00, 0x3d, 0xff, 0xff, 0xff, 0xff, 0xff, 0xff, 0x64, 0x00, 0x00, 0x00,
  0x00, 0x04, 0x29, 0x53, 0x76, 0x5a, 0x2f, 0x07, 0x00, 0x00, 0x00, 0x00, 0x00, 0x00, 0x00, 0x00,
  0x5a, 0xe9, 0xff, 0xff, 0xff, 0xff, 0xff, 0xf3, 0x6e, 0x01, 0x00, 0x00, 0x00, 0x00, 0x04, 0xb5,
  0xff, 0xff, 0xff, 0xff, 0xff, 0xff, 0xff, 0xff, 0xff, 0xc9, 0x0f, 0x00, 0x00, 0x00, 0x7d, 0xff,
  0xff, 0xff, 0xff, 0xff, 0xff, 0xff, 0xff, 0xff, 0xff, 0xff, 0x9f, 0x00, 0x00, 0x2a, 0xf9, 0xff,
  0xff, 0xff, 0xe5, 0x43, 0x0a, 0x3a, 0xd7, 0xff, 0xff, 0xff, 0xff, 0x42, 0x00, 0x8b, 0xff, 0xff,
  0xff, 0xff, 0x43, 0x00, 0x00, 0x00, 0x29, 0xfe, 0xff, 0xff, 0xff, 0xa8, 0x00, 0xae, 0xff, 0xff,
  0xff, 0xea, 0x00, 0x00, 0x00, 0x00, 0x00, 0xca, 0xff, 0xff, 0xff, 0xca, 0x00, 0xd2, 0xff, 0xff,
  0xff, 0xce, 0x00, 0x00, 0x00, 0x00, 0x00, 0xaa, 0xff, 0xff, 0xff, 0xf0, 0x00, 0xce, 0xff, 0xff,
  0xff, 0xce, 0x00, 0x00, 0x00, 0x00, 0x00, 0xb4, 0xff, 0xff, 0xff, 0xef, 0x00, 0xa3, 0xff, 0xff,
  0xff, 0xeb, 0x00, 0x00, 0x00, 0x00, 0x00, 0xdb, 0xff, 0xff, 0xff, 0xc2, 0x00, 0x78, 0xff, 0xff,
  0xff, 0xff, 0x5f, 0x00, 0x00, 0x00, 0x45, 0xff, 0xff, 0xff, 0xff, 0x95, 0x00, 0x1c, 0xf1, 0xff,
  0xff, 0xff, 0xfd, 0x83, 0x4a, 0x77, 0xf4, 0xff, 0xff, 0xff, 0xfa, 0x2e, 0x00, 0x00, 0x5c, 0xff,
  0xff, 0xff, 0xff, 0xff, 0xff, 0xff, 0xff, 0xff, 0xff, 0xff, 0x7b, 0x00, 0x00, 0x00, 0x00, 0x75,
  0xf7, 0xff, 0xff, 0xff, 0xff, 0xff, 0xff, 0xff, 0xfe, 0x8b, 0x02, 0x00, 0x00, 0x00, 0x00, 0x00,
  0x21, 0xad, 0xe9, 0xff, 0xff, 0xff, 0xf0, 0xbc, 0x31, 0x00, 0x00, 0x00, 0x00, 0x00, 0x00, 0x00,
  0x00, 0x00, 0x00, 0x11, 0x37, 0x19, 0x00, 0x00, 0x00, 0x00, 0x00, 0x00, 0x00, 0x0a, 0x40, 0x40,
  0x40, 0x40, 0x40, 0x40, 0x16, 0x00, 0x07, 0x3f, 0x75, 0x4c, 0x15, 0x00, 0x00, 0x00, 0x00, 0x28,
  0xff, 0xff, 0xff, 0xff, 0xff, 0xff, 0x59, 0x76, 0xf2, 0xff, 0xff, 0xff, 0xff, 0x82, 0x00, 0x00,
  0x00, 0x28, 0xff, 0xff, 0xff, 0xff, 0xff, 0xff, 0xdb, 0xff, 0xff, 0xff, 0xff, 0xff, 0xff, 0xff,
  0x9d, 0x00, 0x00, 0x29, 0xff, 0xff, 0xff, 0xff, 0xff, 0xff, 0xff, 0xff, 0xff, 0xff, 0xff, 0xff,
  0xff, 0xff, 0xff, 0x51, 0x00, 0x00, 0x00, 0x2d, 0xff, 0xff, 0xff, 0xff, 0xff, 0xd4, 0x65, 0x4e,
  0xa9, 0xff, 0xff, 0xff, 0xff, 0xd8, 0x03, 0x00, 0x00, 0x2d, 0xff, 0xff, 0xff, 0xff, 0xec, 0x0e,
  0x00, 0x00, 0x00, 0xaa, 0xff, 0xff, 0xff, 0xff, 0x35, 0x00, 0x00, 0x2e, 0xff, 0xff, 0xff, 0xff,
  0x8b, 0x00, 0x00, 0x00, 0x00, 0x3c, 0xff, 0xff, 0xff, 0xff, 0x60, 0x00, 0x00, 0x2e, 0xff, 0xff,
  0xff, 0xff, 0x61, 0x00, 0x00, 0x00, 0x00, 0x13, 0xff, 0xff, 0xff, 0xff, 0x8b, 0x00, 0x00, 0x2e,
  0xff, 0xff, 0xff, 0xff, 0x61, 0x00, 0x00, 0x00, 0x00, 0x13, 0xff, 0xff, 0xff, 0xff, 0x90, 0x00,
  0x00, 0x2e, 0xff, 0xff, 0xff, 0xff, 0x8c, 0x00, 0x00, 0x00, 0x00, 0x3c, 0xff, 0xff, 0xff, 0xff,
  0x6a, 0x00, 0x00, 0x2d, 0xff, 0xff, 0xff, 0xff, 0xef, 0x13, 0x00, 0x00, 0x00, 0xa6, 0xff, 0xff,
  0xff, 0xff, 0x43, 0x00, 0x00, 0x2d, 0xff, 0xff, 0xff, 0xff, 0xff, 0xe0, 0x6b, 0x4e, 0xa5, 0xff,
  0xff, 0xff, 0xff, 0xe3, 0x07, 0x00, 0x00, 0x2e, 0xff, 0xff, 0xff, 0xff, 0xff, 0xff, 0xff, 0xff,
  0xff, 0xff, 0xff, 0xff, 0xff, 0x5c, 0x00, 0x00, 0x00, 0x2d, 0xff, 0xff, 0xff, 0xff, 0xca, 0xff,
  0xff, 0xff, 0xff, 0xff, 0xff, 0xff, 0x93, 0x00, 0x00, 0x00, 0x00, 0x2d, 0xff, 0xff, 0xff, 0xff,
  0x59, 0x37, 0xc2, 0xfc, 0xff, 0xff, 0xd6, 0x58, 0x00, 0x00, 0x00, 0x00, 0x00, 0x2d, 0xff, 0xff,
  0xff, 0xff, 0x59, 0x00, 0x00, 0x08, 0x34, 0x0c, 0x00, 0x00, 0x00, 0x00, 0x00, 0x00, 0x00, 0x2e,
  0xff, 0xff, 0xff, 0xff, 0x5a, 0x00, 0x00, 0x00, 0x00, 0x00, 0x00, 0x00, 0x00, 0x00, 0x00, 0x00,
  0x00, 0x2e, 0xff, 0xff, 0xff, 0xff, 0x5a, 0x00, 0x00, 0x00, 0x00, 0x00, 0x00, 0x00, 0x00, 0x00,
  0x00, 0x8d, 0xff, 0xff, 0xff, 0xff, 0xff, 0xff, 0xff, 0xff, 0xff, 0x33, 0x00, 0x00, 0x00, 0x00,
  0x00, 0x00, 0x00, 0x8d, 0xff, 0xff, 0xff, 0xff, 0xff, 0xff, 0xff, 0xff, 0xff, 0x33, 0x00, 0x00,
  0x00, 0x00, 0x00, 0x00, 0x00, 0x8d, 0xff, 0xff, 0xff, 0xff, 0xff, 0xff, 0xff, 0xff, 0xff, 0x33,
  0x00, 0x00, 0x00, 0x00, 0x00, 0x00, 0x00, 0x46, 0x80, 0x80, 0x80, 0x80, 0x80, 0x80, 0x80, 0x80,
  0x80, 0x19, 0x00, 0x00, 0x00, 0x00, 0x00, 0x00, 0x00, 0x00, 0x00, 0x00, 0x00, 0x24, 0x55, 0x70,
  0x35, 0x03, 0x00, 0x28, 0x40, 0x40, 0x40, 0x40, 0x40, 0x40, 0x17, 0x00, 0x00, 0x07, 0xb6, 0xff,
  0xff, 0xff, 0xff, 0xde, 0x2d, 0xa1, 0xff, 0xff, 0xff, 0xff, 0xff, 0xff, 0x5c, 0x00, 0x0b, 0xc4,
  0xff, 0xff, 0xff, 0xff, 0xff, 0xff, 0xf9, 0xdd, 0xff, 0xff, 0xff, 0xff, 0xff, 0xff, 0x5c, 0x00,
  0x84, 0xff, 0xff, 0xff, 0xff, 0xff, 0xff, 0xff, 0xff, 0xff, 0xff, 0xff, 0xff, 0xff, 0xff, 0xff,
  0x5c, 0x1a, 0xf7, 0xff, 0xff, 0xff, 0xfe, 0x8a, 0x4b, 0x77, 0xf6, 0xff, 0xff, 0xff, 0xff, 0xe5,
  0x00, 0x00, 0x00, 0x6b, 0xff, 0xff, 0xff, 0xff, 0x75, 0x00, 0x00, 0x00, 0x42, 0xff, 0xff, 0xff,
  0xff, 0xe5, 0x00, 0x00, 0x00, 0x97, 0xff, 0xff, 0xff, 0xfb, 0x09, 0x00, 0x00, 0x00, 0x00, 0xd6,
  0xff, 0xff, 0xff, 0xe6, 0x00, 0x00, 0x00, 0xc1, 0xff, 0xff, 0xff, 0xdf, 0x00, 0x00, 0x00, 0x00,
  0x00, 0xa4, 0xff, 0xff, 0xff, 0xe5, 0x00, 0x00, 0x00, 0xc1, 0xff, 0xff, 0xff, 0xe0, 0x00, 0x00,
  0x00, 0x00, 0x00, 0xb0, 0xff, 0xff, 0xff, 0xe6, 0x00, 0x00, 0x00, 0x9b, 0xff, 0xff, 0xff, 0xfb,
  0x0a, 0x00, 0x00, 0x00, 0x00, 0xda, 0xff, 0xff, 0xff, 0xe6, 0x00, 0x00, 0x00, 0x76, 0xff, 0xff,
  0xff, 0xff, 0x71, 0x00, 0x00, 0x00, 0x45, 0xff, 0xff, 0xff, 0xff, 0xe5, 0x00, 0x00, 0x00, 0x22,
  0xf9, 0xff, 0xff, 0xff, 0xfe, 0x86, 0x4b, 0x7a, 0xf6, 0xff, 0xff, 0xff, 0xff, 0xe5, 0x00, 0x00,
  0x00, 0x00, 0x8d, 0xff, 0xff, 0xff, 0xff, 0xff, 0xff, 0xff, 0xff, 0xff, 0xff, 0xff, 0xff, 0xe6,
  0x00, 0x00, 0x00, 0x00, 0x0c, 0xb9, 0xff, 0xff, 0xff, 0xff, 0xff, 0xff, 0xf3, 0xd9, 0xff, 0xff,
  0xff, 0xe5, 0x00, 0x00, 0x00, 0x00, 0x00, 0x01, 0x7e, 0xe5, 0xff, 0xff, 0xf3, 0xa7, 0x19, 0xa0,
  0xff, 0xff, 0xff, 0xe5, 0x00, 0x00, 0x00, 0x00, 0x00, 0x00, 0x00, 0x00, 0x16, 0x30, 0x02, 0x00,
  0x00, 0xa0, 0xff, 0xff, 0xff, 0xe5, 0x00, 0x00, 0x00, 0x00, 0x00, 0x00, 0x00, 0x00, 0x00, 0x00,
  0x00, 0x00, 0x00, 0xa1, 0xff, 0xff, 0xff, 0xe6, 0x00, 0x00, 0x00, 0x00, 0x00, 0x00, 0x00, 0x00,
  0x00, 0x00, 0x00, 0x00, 0x00, 0xa1, 0xff, 0xff, 0xff, 0xe6, 0x00, 0x00, 0x00, 0x00, 0x00, 0x00,
  0x00, 0x00, 0x00, 0x00, 0x6c, 0xff, 0xff, 0xff, 0xff, 0xff, 0xff, 0xff, 0xff, 0xff, 0x5c, 0x00,
  0x00, 0x00, 0x00, 0x00, 0x00, 0x00, 0x6c, 0xff, 0xff, 0xff, 0xff, 0xff, 0xff, 0xff, 0xff, 0xff,
  0x5c, 0x00, 0x00, 0x00, 0x00, 0x00, 0x00, 0x00, 0x6c, 0xff, 0xff, 0xff, 0xff, 0xff, 0xff, 0xff,
  0xff, 0xff, 0x5c, 0x00, 0x00, 0x00, 0x00, 0x00, 0x00, 0x00, 0x36, 0x80, 0x80, 0x80, 0x80, 0x80,
  0x80, 0x80, 0x80, 0x80, 0x2e, 0x02, 0x40, 0x40, 0x40, 0x40, 0x40, 0x40, 0x23, 0x00, 0x00, 0x18,
  0x59, 0x7b, 0x1c, 0x0a, 0xff, 0xff, 0xff, 0xff, 0xff, 0xff, 0x8e, 0x00, 0x7d, 0xf9, 0xff, 0xff,
  0x3a, 0x09, 0xff, 0xff, 0xff, 0xff, 0xff, 0xff, 0x8d, 0x76, 0xff, 0xff, 0xff, 0xff, 0x39, 0x09,
  0xff, 0xff, 0xff, 0xff, 0xff, 0xff, 0x98, 0xf5, 0xff, 0xff, 0xff, 0xff, 0x3a, 0x00, 0x00, 0x00,
  0x94, 0xff, 0xff, 0xff, 0xea, 0xff, 0xff, 0xff, 0xff, 0xff, 0x39, 0x00, 0x00, 0x00, 0x94, 0xff,
  0xff, 0xff, 0xff, 0xff, 0xf2, 0x78, 0x41, 0x0e, 0x00, 0x00, 0x00, 0x00, 0x94, 0xff, 0xff, 0xff,
  0xff, 0xe0, 0x27, 0x00, 0x00, 0x00, 0x00, 0x00, 0x00, 0x00, 0x94, 0xff, 0xff, 0xff, 0xff, 0x6b,
  0x00, 0x00, 0x00, 0x00, 0x00, 0x00, 0x00, 0x00, 0x94, 0xff, 0xff, 0xff, 0xff, 0x1c, 0x00, 0x00,
  0x00, 0x00, 0x00, 0x00, 0x00, 0x00, 0x94, 0xff, 0xff, 0xff, 0xfe, 0x01, 0x00, 0x00, 0x00, 0x00,
  0x00, 0x00, 0x00, 0x00, 0x94, 0xff, 0xff, 0xff, 0xf3, 0x00, 0x00, 0x00, 0x00, 0x00, 0x00, 0x0c,
  0x40, 0x40, 0xaf, 0xff, 0xff, 0xff, 0xf5, 0x40, 0x40, 0x31, 0x00, 0x00, 0x00, 0x31, 0xff, 0xff,
  0xff, 0xff, 0xff, 0xff, 0xff, 0xff, 0xff, 0xc5, 0x00, 0x00, 0x00, 0x31, 0xff, 0xff, 0xff, 0xff,
  0xff, 0xff, 0xff, 0xff, 0xff, 0xc5, 0x00, 0x00, 0x00, 0x31, 0xff, 0xff, 0xff, 0xff, 0xff, 0xff,
  0xff, 0xff, 0xff, 0xc5, 0x00, 0x00, 0x00, 0x00, 0x00, 0x00, 0x3c, 0x63, 0x78, 0x5c, 0x30, 0x00,
  0x3c, 0x40, 0x40, 0x12, 0x00, 0x00, 0x20, 0xbb, 0xff, 0xff, 0xff, 0xff, 0xff, 0xe9, 0xfc, 0xff,
  0xff, 0x49, 0x00, 0x17, 0xe1, 0xff, 0xff, 0xff, 0xff, 0xff, 0xff, 0xff, 0xff, 0xff, 0xff, 0x4a,
  0x00, 0x82, 0xff, 0xff, 0xff, 0xce, 0x90, 0x92, 0xb0, 0xf7, 0xff, 0xff, 0xff, 0x49, 0x00, 0xb3,
  0xff, 0xff, 0xff, 0x08, 0x00, 0x00, 0x00, 0x5a, 0xff, 0xff, 0xff, 0x49, 0x00, 0x9e, 0xff, 0xff,
  0xff, 0xc3, 0x6f, 0x39, 0x02, 0x00, 0x00, 0x00, 0x00, 0x00, 0x00, 0x54, 0xff, 0xff, 0xff, 0xff,
  0xff, 0xff, 0xff, 0xe6, 0xa6, 0x38, 0x00, 0x00, 0x00, 0x00, 0x81, 0xff, 0xff, 0xff, 0xff, 0xff,
  0xff, 0xff, 0xff, 0xff, 0x88, 0x04, 0x00, 0x00, 0x00, 0x31, 0xb6, 0xfc, 0xff, 0xff, 0xff, 0xff,
  0xff, 0xff, 0xff, 0x9b, 0x00, 0x00, 0x00, 0x00, 0x00, 0x0e, 0x55, 0x80, 0x8f, 0xe1, 0xff, 0xff,
  0xff, 0xee, 0x01, 0x42, 0xff, 0xff, 0xff, 0x32, 0x00, 0x00, 0x00, 0x00, 0xc7, 0xff, 0xff, 0xff,
  0x2d, 0x41, 0xff, 0xff, 0xff, 0xba, 0x0c, 0x00, 0x00, 0x02, 0xbc, 0xff, 0xff, 0xfe, 0x0c, 0x41,
  0xff, 0xff, 0xff, 0xff, 0xec, 0xc0, 0xc0, 0xe0, 0xff, 0xff, 0xff, 0xc4, 0x00, 0x43, 0xff, 0xff,
  0xff, 0xff, 0xff, 0xff, 0xff, 0xff, 0xff, 0xff, 0xf0, 0x1e, 0x00, 0x41, 0xff, 0xff, 0xff, 0x87,
  0xf3, 0xff, 0xff, 0xff, 0xff, 0xa7, 0x20, 0x00, 0x00, 0x00, 0x00, 0x00, 0x00, 0x00, 0x03, 0x21,
  0x3a, 0x26, 0x09, 0x00, 0x00, 0x00, 0x00, 0x00, 0x00, 0x00, 0x00, 0x00, 0x01, 0x66, 0x00, 0x00,
  0x00, 0x00, 0x00, 0x00, 0x00, 0x18, 0xc1, 0xe6, 0x00, 0x00, 0x00, 0x00, 0x00, 0x00, 0x48, 0xef,
  0xff, 0xe6, 0x00, 0x00, 0x00, 0x00, 0x00, 0x72, 0xff, 0xff, 0xff, 0xe6, 0x00, 0x00, 0x00, 0x00,
  0x00, 0xa1, 0xff, 0xff, 0xff, 0xe6, 0x00, 0x00, 0x00, 0x1b, 0x40, 0xb8, 0xff, 0xff, 0xff, 0xec,
  0x40, 0x40, 0x20, 0x6e, 0xff, 0xff, 0xff, 0xff, 0xff, 0xff, 0xff, 0xff, 0x83, 0x6e, 0xff, 0xff,
  0xff, 0xff, 0xff, 0xff, 0xff, 0xff, 0x83, 0x6e, 0xff, 0xff, 0xff, 0xff, 0xff, 0xff, 0xff, 0xff,
  0x83, 0x00, 0x00, 0xa1, 0xff, 0xff, 0xff, 0xe6, 0x00, 0x00, 0x00, 0x00, 0x00, 0xa1, 0xff, 0xff,
  0xff, 0xe6, 0x00, 0x00, 0x00, 0x00, 0x00, 0xa1, 0xff, 0xff, 0xff, 0xe6, 0x00, 0x00, 0x00, 0x00,
  0x00, 0xa1, 0xff, 0xff, 0xff, 0xe6, 0x00, 0x00, 0x00, 0x00, 0x00, 0xa1, 0xff, 0xff, 0xff, 0xe6,
  0x00, 0x00, 0x00, 0x00, 0x00, 0xa1, 0xff, 0xff, 0xff, 0xe6, 0x00, 0x00, 0x00, 0x00, 0x00, 0xa0,
  0xff, 0xff, 0xff, 0xe8, 0x00, 0x00, 0x00, 0x00, 0x00, 0x9e, 0xff, 0xff, 0xff, 0xff, 0x87, 0x67,
  0x57, 0x00, 0x00, 0x8f, 0xff, 0xff, 0xff, 0xff, 0xff, 0xff, 0x81, 0x00, 0x00, 0x42, 0xff, 0xff,
  0xff, 0xff, 0xff, 0xff, 0x82, 0x00, 0x00, 0x00, 0x5f, 0xfa, 0xff, 0xff, 0xff, 0xcc, 0x4a, 0x00,
  0x00, 0x00, 0x00, 0x08, 0x2c, 0x33, 0x09, 0x00, 0x00, 0x0e, 0x40, 0x40, 0x40, 0x40, 0x40, 0x40,
  0x1e, 0x00, 0x32, 0x40, 0x40, 0x40, 0x40, 0x40, 0x3b, 0x00, 0x00, 0x00, 0x38, 0xff, 0xff, 0xff,
  0xff, 0xff, 0xff, 0x78, 0x00, 0xca, 0xff, 0xff, 0xff, 0xff, 0xff, 0xee, 0x00, 0x00, 0x00, 0x38,
  0xff, 0xff, 0xff, 0xff, 0xff, 0xff, 0x78, 0x00, 0xca, 0xff, 0xff, 0xff, 0xff, 0xff, 0xee, 0x00,
  0x00, 0x00, 0x38, 0xff, 0xff, 0xff, 0xff, 0xff, 0xff, 0x78, 0x00, 0xca, 0xff, 0xff, 0xff, 0xff,
  0xff, 0xee, 0x00, 0x00, 0x00, 0x00, 0x00, 0x1f, 0xff, 0xff, 0xff, 0xff, 0x78, 0x00, 0x00, 0x00,
  0xa1, 0xff, 0xff, 0xff, 0xee, 0x00, 0x00, 0x00, 0x00, 0x00, 0x1f, 0xff, 0xff, 0xff, 0xff, 0x78,
  0x00, 0x00, 0x00, 0xa1, 0xff, 0xff, 0xff, 0xee, 0x00, 0x00, 0x00, 0x00, 0x00, 0x1f, 0xff, 0xff,
  0xff, 0xff, 0x78, 0x00, 0x00, 0x00, 0xa1, 0xff, 0xff, 0xff, 0xee, 0x00, 0x00, 0x00, 0x00, 0x00,
  0x1f, 0xff, 0xff, 0xff, 0xff, 0x78, 0x00, 0x00, 0x00, 0xa1, 0xff, 0xff, 0xff, 0xee, 0x00, 0x00,
  0x00, 0x00, 0x00, 0x1f, 0xff, 0xff, 0xff, 0xff, 0x78, 0x00, 0x00, 0x00, 0xa1, 0xff, 0xff, 0xff,
  0xee, 0x00, 0x00, 0x00, 0x00, 0x00, 0x1d, 0xff, 0xff, 0xff, 0xff, 0x78, 0x00, 0x00, 0x00, 0xa0,
  0xff, 0xff, 0xff, 0xed, 0x00, 0x00, 0x00, 0x00, 0x00, 0x1c, 0xff, 0xff, 0xff, 0xff, 0x96, 0x00,
  0x00, 0x12, 0xc8, 0xff, 0xff, 0xff, 0xed, 0x00, 0x00, 0x00, 0x00, 0x00, 0x04, 0xfc, 0xff, 0xff,
  0xff, 0xfe, 0xa7, 0xa2, 0xee, 0xff, 0xff, 0xff, 0xff, 0xf1, 0x40, 0x40, 0x0d, 0x00, 0x00, 0x00,
  0xc8, 0xff, 0xff, 0xff, 0xff, 0xff, 0xff, 0xff, 0xff, 0xff, 0xff, 0xff, 0xff, 0xff, 0xff, 0x36,
  0x00, 0x00, 0x00, 0x3e, 0xff, 0xff, 0xff, 0xff, 0xff, 0xff, 0xff, 0xef, 0xff, 0xff, 0xff, 0xff,
  0xff, 0xff, 0x35, 0x00, 0x00, 0x00, 0x00, 0x51, 0xef, 0xff, 0xff, 0xf3, 0xa6, 0x2b, 0xa0, 0xff,
  0xff, 0xff, 0xff, 0xff, 0xff, 0x35, 0x00, 0x00, 0x00, 0x00, 0x00, 0x05, 0x26, 0x31, 0x02, 0x00,
  0x00, 0x00, 0x00, 0x00, 0x00, 0x00, 0x00, 0x00, 0x00, 0x03, 0x40, 0x40, 0x40, 0x40, 0x40, 0x40,
  0x40, 0x40, 0x21, 0x10, 0x40, 0x40, 0x40, 0x40, 0x40, 0x40, 0x40, 0x10, 0x0f, 0xff, 0xff, 0xff,
  0xff, 0xff, 0xff, 0xff, 0xff, 0x85, 0x40, 0xff, 0xff, 0xff, 0xff, 0xff, 0xff, 0xff, 0x40, 0x0f,
  0xff, 0xff, 0xff, 0xff, 0xff, 0xff, 0xff, 0xff, 0x85, 0x40, 0xff, 0xff, 0xff, 0xff, 0xff, 0xff,
  0xff, 0x40, 0x0f, 0xff, 0xff, 0xff, 0xff, 0xff, 0xff, 0xff, 0xff, 0x85, 0x40, 0xff, 0xff, 0xff,
  0xff, 0xff, 0xff, 0xff, 0x40, 0x00, 0x00, 0x00, 0xce, 0xff, 0xff, 0xff, 0xee, 0x03, 0x00, 0x00,
  0x00, 0x97, 0xff, 0xff, 0xf8, 0x0e, 0x00, 0x00, 0x00, 0x00, 0x00, 0x61, 0xff, 0xff, 0xff, 0xff,
  0x4b, 0x00, 0x00, 0x0b, 0xf4, 0xff, 0xff, 0x9f, 0x00, 0x00, 0x00, 0x00, 0x00, 0x00, 0x07, 0xed,
  0xff, 0xff, 0xff, 0xa2, 0x00, 0x00, 0x64, 0xff, 0xff, 0xff, 0x35, 0x00, 0x00, 0x00, 0x00, 0x00,
  0x00, 0x00, 0x86, 0xff, 0xff, 0xff, 0xf2, 0x05, 0x00, 0xcb, 0xff, 0xff, 0xd4, 0x00, 0x00, 0x00,
  0x00, 0x00, 0x00, 0x00, 0x00, 0x1d, 0xfd, 0xff, 0xff, 0xff, 0x51, 0x2c, 0xff, 0xff, 0xff, 0x63,
  0x00, 0x00, 0x00, 0x00, 0x00, 0x00, 0x00, 0x00, 0x00, 0xab, 0xff, 0xff, 0xff, 0xa7, 0x99, 0xff,
  0xff, 0xf1, 0x07, 0x00, 0x00, 0x00, 0x00, 0x00, 0x00, 0x00, 0x00, 0x00, 0x3f, 0xff, 0xff, 0xff,
  0xf4, 0xf2, 0xff, 0xff, 0x90, 0x00, 0x00, 0x00, 0x00, 0x00, 0x00, 0x00, 0x00, 0x00, 0x00, 0x00,
  0xd5, 0xff, 0xff, 0xff, 0xff, 0xff, 0xff, 0x24, 0x00, 0x00, 0x00, 0x00, 0x00, 0x00, 0x00, 0x00,
  0x00, 0x00, 0x00, 0x65, 0xff, 0xff, 0xff, 0xff, 0xff, 0xbe, 0x00, 0x00, 0x00, 0x00, 0x00, 0x00,
  0x00, 0x00, 0x00, 0x00, 0x00, 0x00, 0x07, 0xf1, 0xff, 0xff, 0xff, 0xff, 0x55, 0x00, 0x00, 0x00,
  0x00, 0x00, 0x00, 0x00, 0x00, 0x00, 0x00, 0x00, 0x00, 0x00, 0x8a, 0xff, 0xff, 0xff, 0xe7, 0x04,
  0x00, 0x00, 0x00, 0x00, 0x00, 0x00, 0x00, 0x00, 0x00, 0x00, 0x00, 0x00, 0x00, 0x11, 0x40, 0x40,
  0x40, 0x2a, 0x00, 0x00, 0x00, 0x00, 0x00, 0x00, 0x00, 0x40, 0x40, 0x40, 0x40, 0x40, 0x40, 0x40,
  0x2d, 0x00, 0x00, 0x0f, 0x40, 0x40, 0x40, 0x25, 0x00, 0x00, 0x1e, 0x40, 0x40, 0x40, 0x40, 0x40,
  0x40, 0x17, 0xff, 0xff, 0xff, 0xff, 0xff, 0xff, 0xff, 0xb6, 0x00, 0x00, 0x73, 0xff, 0xff, 0xff,
  0xcb, 0x00, 0x00, 0x7b, 0xff, 0xff, 0xff, 0xff, 0xff, 0xff, 0x5c, 0xff, 0xff, 0xff, 0xff, 0xff,
  0xff, 0xff, 0xb6, 0x00, 0x00, 0xc9, 0xff, 0xff, 0xff, 0xff, 0x1e, 0x00, 0x7b, 0xff, 0xff, 0xff,
  0xff, 0xff, 0xff, 0x5c, 0xff, 0xff, 0xff, 0xff, 0xff, 0xff, 0xff, 0xb6, 0x00, 0x1e, 0xff, 0xff,
  0xff, 0xff, 0xff, 0x73, 0x00, 0x7b, 0xff, 0xff, 0xff, 0xff, 0xff, 0xff, 0x5c, 0x00, 0x0e, 0xfa,
  0xff, 0xff, 0xff, 0x57, 0x00, 0x00, 0x74, 0xff, 0xff, 0xff, 0xff, 0xff, 0xc6, 0x00, 0x00, 0x11,
  0xfb, 0xff, 0xff, 0x6c, 0x00, 0x00, 0x00, 0x00, 0xb4, 0xff, 0xff, 0xff, 0xaa, 0x00, 0x00, 0xcc,
  0xff, 0xff, 0xff, 0xff, 0xff, 0xff, 0x18, 0x00, 0x61, 0xff, 0xff, 0xfe, 0x18, 0x00, 0x00, 0x00,
  0x00, 0x5d, 0xff, 0xff, 0xff, 0xf6, 0x08, 0x21, 0xff, 0xff, 0xff, 0xf6, 0xff, 0xff, 0xff, 0x6d,
  0x00, 0xb4, 0xff, 0xff, 0xc5, 0x00, 0x00, 0x00, 0x00, 0x00, 0x0d, 0xfc, 0xff, 0xff, 0xff, 0x4f,
  0x77, 0xff, 0xff, 0xf1, 0x86, 0xff, 0xff, 0xff, 0xc1, 0x0d, 0xf9, 0xff, 0xff, 0x72, 0x00, 0x00,
  0x00, 0x00, 0x00, 0x00, 0xb5, 0xff, 0xff, 0xff, 0xa2, 0xcd, 0xff, 0xff, 0x9e, 0x31, 0xff, 0xff,
  0xff, 0xfe, 0x74, 0xff, 0xff, 0xff, 0x1f, 0x00, 0x00, 0x00, 0x00, 0x00, 0x00, 0x61, 0xff, 0xff,
  0xff, 0xf5, 0xff, 0xff, 0xff, 0x4d, 0x00, 0xdf, 0xff, 0xff, 0xff, 0xf6, 0xff, 0xff, 0xca, 0x00,
  0x00, 0x00, 0x00, 0x00, 0x00, 0x00, 0x0d, 0xfc, 0xff, 0xff, 0xff, 0xff, 0xff, 0xf6, 0x06, 0x00,
  0x8c, 0xff, 0xff, 0xff, 0xff, 0xff, 0xff, 0x77, 0x00, 0x00, 0x00, 0x00, 0x00, 0x00, 0x00, 0x00,
  0xb8, 0xff, 0xff, 0xff, 0xff, 0xff, 0xab, 0x00, 0x00, 0x39, 0xff, 0xff, 0xff, 0xff, 0xff, 0xff,
  0x1f, 0x00, 0x00, 0x00, 0x00, 0x00, 0x00, 0x00, 0x00, 0x63, 0xff, 0xff, 0xff, 0xff, 0xff, 0x59,
  0x00, 0x00, 0x01, 0xe7, 0xff, 0xff, 0xff, 0xff, 0xd0, 0x00, 0x00, 0x00, 0x00, 0x00, 0x00, 0x00,
  0x00, 0x00, 0x12, 0xfc, 0xff, 0xff, 0xff, 0xf9, 0x0e, 0x00, 0x00, 0x00, 0x93, 0xff, 0xff, 0xff,
  0xff, 0x7d, 0x00, 0x00, 0x00, 0x00, 0x00, 0x00, 0x00, 0x00, 0x00, 0x00, 0xba, 0xff, 0xff, 0xff,
  0xb7, 0x00, 0x00, 0x00, 0x00, 0x41, 0xff, 0xff, 0xff, 0xff, 0x26, 0x00, 0x00, 0x00, 0x00, 0x00,
  0x00, 0x00, 0x00, 0x00, 0x00, 0x21, 0x40, 0x40, 0x40, 0x21, 0x00, 0x00, 0x00, 0x00, 0x03, 0x40,
  0x40, 0x40, 0x3d, 0x00, 0x00, 0x00, 0x00, 0x00, 0x00, 0x0e, 0x40, 0x40, 0x40, 0x40, 0x40, 0x12,
  0x00, 0x00, 0x00, 0x00, 0x22, 0x40, 0x40, 0x40, 0x35, 0x00, 0x38, 0xff, 0xff, 0xff, 0xff, 0xff,
  0xb1, 0x00, 0x00, 0x00, 0x11, 0xe6, 0xff, 0xff, 0xff, 0xd7, 0x00, 0x38, 0xff, 0xff, 0xff, 0xff,
  0xff, 0xff, 0x53, 0x00, 0x00, 0xb2, 0xff, 0xff, 0xff, 0xff, 0xd7, 0x00, 0x37, 0xff, 0xff, 0xff,
  0xff, 0xff, 0xff, 0xe8, 0x0c, 0x5f, 0xff, 0xff, 0xff, 0xff, 0xff, 0xd7, 0x00, 0x00, 0x00, 0x04,
  0xc6, 0xff, 0xff, 0xff, 0xff, 0xad, 0xf2, 0xff, 0xff, 0xff, 0x82, 0x00, 0x00, 0x00, 0x00, 0x00,
  0x00, 0x1b, 0xec, 0xff, 0xff, 0xff, 0xff, 0xff, 0xff, 0xff, 0xb6, 0x01, 0x00, 0x00, 0x00, 0x00,
  0x00, 0x00, 0x00, 0x48, 0xfe, 0xff, 0xff, 0xff, 0xff, 0xff, 0xd8, 0x0c, 0x00, 0x00, 0x00, 0x00,
  0x00, 0x00, 0x00, 0x00, 0x00, 0x83, 0xff, 0xff, 0xff, 0xff, 0xff, 0x44, 0x00, 0x00, 0x00, 0x00,
  0x00, 0x00, 0x00, 0x00, 0x00, 0x00, 0x87, 0xff, 0xff, 0xff, 0xff, 0xff, 0xd2, 0x07, 0x00, 0x00,
  0x00, 0x00, 0x00, 0x00, 0x00, 0x00, 0x57, 0xff, 0xff, 0xff, 0xff, 0xff, 0xff, 0xff, 0xa5, 0x00,
  0x00, 0x00, 0x00, 0x00, 0x00, 0x00, 0x31, 0xf8, 0xff, 0xff, 0xff, 0xff, 0xff, 0xff, 0xff, 0xff,
  0x6b, 0x00, 0x00, 0x00, 0x0e, 0x40, 0x43, 0xe4, 0xff, 0xff, 0xff, 0xba, 0x8c, 0xff, 0xff, 0xff,
  0xff, 0xfb, 0x59, 0x40, 0x14, 0x38, 0xff, 0xff, 0xff, 0xff, 0xff, 0xe7, 0x14, 0x06, 0xd7, 0xff,
  0xff, 0xff, 0xff, 0xff, 0xff, 0x52, 0x38, 0xff, 0xff, 0xff, 0xff, 0xfe, 0x43, 0x00, 0x00, 0x2e,
  0xf9, 0xff, 0xff, 0xff, 0xff, 0xff, 0x52, 0x38, 0xff, 0xff, 0xff, 0xff, 0x84, 0x00, 0x00, 0x00,
  0x00, 0x77, 0xff, 0xff, 0xff, 0xff, 0xff, 0x52, 0x36, 0x40, 0x40, 0x40, 0x40, 0x40, 0x40, 0x40,
  0x29, 0x00, 0x3e, 0x40, 0x40, 0x40, 0x40, 0x40, 0x40, 0x1d, 0xda, 0xff, 0xff, 0xff, 0xff, 0xff,
  0xff, 0xff, 0xa4, 0x00, 0xfb, 0xff, 0xff, 0xff, 0xff, 0xff, 0xff, 0x76, 0xda, 0xff, 0xff, 0xff,
  0xff, 0xff, 0xff, 0xff, 0xa4, 0x00, 0xfb, 0xff, 0xff, 0xff, 0xff, 0xff, 0xff, 0x76, 0xda, 0xff,
  0xff, 0xff, 0xff, 0xff, 0xff, 0xff, 0xa4, 0x00, 0xfb, 0xff, 0xff, 0xff, 0xff, 0xff, 0xff, 0x76,
  0x00, 0x00, 0x95, 0xff, 0xff, 0xff, 0xff, 0x2a, 0x00, 0x00, 0x00, 0x57, 0xff, 0xff, 0xff, 0x41,
  0x00, 0x00, 0x00, 0x00, 0x21, 0xfe, 0xff, 0xff, 0xff, 0x86, 0x00, 0x00, 0x00, 0xbb, 0xff, 0xff,
  0xdf, 0x00, 0x00, 0x00, 0x00, 0x00, 0x00, 0xb0, 0xff, 0xff, 0xff, 0xe3, 0x01, 0x00, 0x20, 0xfe,
  0xff, 0xff, 0x79, 0x00, 0x00, 0x00, 0x00, 0x00, 0x00, 0x3d, 0xff, 0xff, 0xff, 0xff, 0x3d, 0x00,
  0x82, 0xff, 0xff, 0xfd, 0x19, 0x00, 0x00, 0x00, 0x00, 0x00, 0x00, 0x00, 0xd1, 0xff, 0xff, 0xff,
  0x99, 0x02, 0xe6, 0xff, 0xff, 0xb2, 0x00, 0x00, 0x00, 0x00, 0x00, 0x00, 0x00, 0x00, 0x56, 0xff,
  0xff, 0xff, 0xee, 0x4e, 0xff, 0xff, 0xff, 0x4d, 0x00, 0x00, 0x00, 0x00, 0x00, 0x00, 0x00, 0x00,
  0x04, 0xe2, 0xff, 0xff, 0xff, 0xe6, 0xff, 0xff, 0xe8, 0x04, 0x00, 0x00, 0x00, 0x00, 0x00, 0x00,
  0x00, 0x00, 0x00, 0x72, 0xff, 0xff, 0xff, 0xff, 0xff, 0xff, 0x87, 0x00, 0x00, 0x00, 0x00, 0x00,
  0x00, 0x00, 0x00, 0x00, 0x00, 0x0d, 0xf2, 0xff, 0xff, 0xff, 0xff, 0xff, 0x20, 0x00, 0x00, 0x00,
  0x00, 0x00, 0x00, 0x00, 0x00, 0x00, 0x00, 0x00, 0x8c, 0xff, 0xff, 0xff, 0xff, 0xc0, 0x00, 0x00,
  0x00, 0x00, 0x00, 0x00, 0x00, 0x00, 0x00, 0x00, 0x00, 0x00, 0x1b, 0xfd, 0xff, 0xff, 0xff, 0x5c,
  0x00, 0x00, 0x00, 0x00, 0x00, 0x00, 0x00, 0x00, 0x00, 0x00, 0x00, 0x00, 0x00, 0xc0, 0xff, 0xff,
  0xf0, 0x08, 0x00, 0x00, 0x00, 0x00, 0x00, 0x00, 0x00, 0x00, 0x00, 0x00, 0x00, 0x00, 0x0b, 0xf7,
  0xff, 0xff, 0x95, 0x00, 0x00, 0x00, 0x00, 0x00, 0x00, 0x00, 0x00, 0x00, 0x00, 0x00, 0x00, 0x00,
  0x66, 0xff, 0xff, 0xff, 0x2e, 0x00, 0x00, 0x00, 0x00, 0x00, 0x00, 0x00, 0x00, 0x00, 0x00, 0x4f,
  0xff, 0xff, 0xff, 0xff, 0xff, 0xcd, 0x00, 0x00, 0x00, 0x00, 0x00, 0x00, 0x00, 0x00, 0x00, 0x00,
  0x00, 0x4f, 0xff, 0xff, 0xff, 0xff, 0xff, 0x6a, 0x00, 0x00, 0x00, 0x00, 0x00, 0x00, 0x00, 0x00,
  0x00, 0x00, 0x00, 0x4f, 0xff, 0xff, 0xff, 0xff, 0xf7, 0x0f, 0x00, 0x00, 0x00, 0x00, 0x00, 0x00,
  0x00, 0x00, 0x00, 0x00, 0x00, 0x27, 0x80, 0x80, 0x80, 0x80, 0x5d, 0x00, 0x00, 0x00, 0x00, 0x00,
  0x00, 0x00, 0x00, 0x00, 0x10, 0x40, 0x40, 0x40, 0x40, 0x40, 0x40, 0x40, 0x40, 0x40, 0x40, 0x40,
  0x40, 0x34, 0x43, 0xff, 0xff, 0xff, 0xff, 0xff, 0xff, 0xff, 0xff, 0xff, 0xff, 0xff, 0xff, 0xd2,
  0x43, 0xff, 0xff, 0xff, 0xff, 0xff, 0xff, 0xff, 0xff, 0xff, 0xff, 0xff, 0xff, 0xd2, 0x41, 0xff,
  0xff, 0xf5, 0xc0, 0xc0, 0xc0, 0xc0, 0xef, 0xff, 0xff, 0xff, 0xff, 0xc9, 0x43, 0xff, 0xff, 0xd4,
  0x00, 0x00, 0x00, 0x58, 0xfe, 0xff, 0xff, 0xff, 0xea, 0x28, 0x43, 0xff, 0xff, 0xd4, 0x00, 0x00,
  0x5e, 0xfe, 0xff, 0xff, 0xff, 0xed, 0x28, 0x00, 0x00, 0x00, 0x00, 0x00, 0x00, 0x5e, 0xfe, 0xff,
  0xff, 0xff, 0xf0, 0x2d, 0x00, 0x00, 0x00, 0x00, 0x00, 0x00, 0x65, 0xfe, 0xff, 0xff, 0xff, 0xf0,
  0x32, 0x00, 0x00, 0x00, 0x00, 0x00, 0x00, 0x65, 0xff, 0xff, 0xff, 0xff, 0xf3, 0x32, 0x00, 0x00,
  0x00, 0x00, 0x00, 0x00, 0x6c, 0xff, 0xff, 0xff, 0xff, 0xf3, 0x37, 0x00, 0x0b, 0x40, 0x40, 0x34,
  0x00, 0x6c, 0xff, 0xff, 0xff, 0xff, 0xf5, 0x37, 0x00, 0x00, 0x2e, 0xff, 0xff, 0xd2, 0x6c, 0xff,
  0xff, 0xff, 0xff, 0xf7, 0x3c, 0x00, 0x00, 0x00, 0x2e, 0xff, 0xff, 0xd2, 0xf1, 0xff, 0xff, 0xff,
  0xff, 0xe6, 0xc0, 0xc0, 0xc0, 0xc0, 0xcb, 0xff, 0xff, 0xd1, 0xf3, 0xff, 0xff, 0xff, 0xff, 0xff,
  0xff, 0xff, 0xff, 0xff, 0xff, 0xff, 0xff, 0xd2, 0xf3, 0xff, 0xff, 0xff, 0xff, 0xff, 0xff, 0xff,
  0xff, 0xff, 0xff, 0xff, 0xff, 0xd2, 0x00, 0x00, 0x00, 0x00, 0x00, 0x00, 0x02, 0x34, 0x40, 0x40,
  0x39, 0x00, 0x00, 0x00, 0x00, 0x00, 0x2d, 0xdb, 0xff, 0xff, 0xff, 0xe4, 0x00, 0x00, 0x00, 0x00,
  0x1e, 0xef, 0xff, 0xff, 0xff, 0xff, 0xe4, 0x00, 0x00, 0x00, 0x00, 0x8a, 0xff, 0xff, 0xff, 0xff,
  0xff, 0xe4, 0x00, 0x00, 0x00, 0x00, 0xc5, 0xff, 0xff, 0xff, 0x5a, 0x22, 0x05, 0x00, 0x00, 0x00,
  0x00, 0xdb, 0xff, 0xff, 0xfb, 0x00, 0x00, 0x00, 0x00, 0x00, 0x00, 0x00, 0xe8, 0xff, 0xff, 0xe4,
  0x00, 0x00, 0x00, 0x00, 0x00, 0x00, 0x00, 0xef, 0xff, 0xff, 0xd7, 0x00, 0x00, 0x00, 0x00, 0x00,
  0x00, 0x00, 0xfd, 0xff, 0xff, 0xcc, 0x00, 0x00, 0x00, 0x00, 0x00, 0x00, 0x21, 0xff, 0xff, 0xff,
  0xb1, 0x00, 0x00, 0x00, 0x00, 0x00, 0x00, 0x56, 0xff, 0xff, 0xff, 0x86, 0x00, 0x00, 0x00, 0x00,
  0x00, 0x0b, 0xcf, 0xff, 0xff, 0xff, 0x54, 0x00, 0x00, 0x00, 0x18, 0xc0, 0xef, 0xff, 0xff, 0xff,
  0xd9, 0x04, 0x00, 0x00, 0x00, 0x20, 0xff, 0xff, 0xff, 0xff, 0xc9, 0x20, 0x00, 0x00, 0x00, 0x00,
  0x21, 0xff, 0xff, 0xff, 0xff, 0xc3, 0x19, 0x00, 0x00, 0x00, 0x00, 0x18, 0xd9, 0xfb, 0xff, 0xff,
  0xff, 0xcd, 0x00, 0x00, 0x00, 0x00, 0x00, 0x00, 0x12, 0xcb, 0xff, 0xff, 0xff, 0x4d, 0x00, 0x00,
  0x00, 0x00, 0x00, 0x00, 0x4d, 0xff, 0xff, 0xff, 0x88, 0x00, 0x00, 0x00, 0x00, 0x00, 0x00, 0x11,
  0xff, 0xff, 0xff, 0xb7, 0x00, 0x00, 0x00, 0x00, 0x00, 0x00, 0x00, 0xfd, 0xff, 0xff, 0xd4, 0x00,
  0x00, 0x00, 0x00, 0x00, 0x00, 0x00, 0xee, 0xff, 0xff, 0xd7, 0x00, 0x00, 0x00, 0x00, 0x00, 0x00,
  0x00, 0xe7, 0xff, 0xff, 0xde, 0x00, 0x00, 0x00, 0x00, 0x00, 0x00, 0x00, 0xdc, 0xff, 0xff, 0xf6,
  0x00, 0x00, 0x00, 0x00, 0x00, 0x00, 0x00, 0xd0, 0xff, 0xff, 0xff, 0x5e, 0x02, 0x00, 0x00, 0x00,
  0x00, 0x00, 0x9e, 0xff, 0xff, 0xff, 0xff, 0xff, 0xe4, 0x00, 0x00, 0x00, 0x00, 0x21, 0xef, 0xff,
  0xff, 0xff, 0xff, 0xe4, 0x00, 0x00, 0x00, 0x00, 0x00, 0x2e, 0xdb, 0xff, 0xff, 0xff, 0xe4, 0x00,
  0x00, 0x00, 0x00, 0x00, 0x00, 0x02, 0x35, 0x40, 0x40, 0x39, 0x45, 0x6b, 0x6b, 0x6b, 0x00, 0xa5,
  0xff, 0xff, 0xff, 0x00, 0xa5, 0xff, 0xff, 0xff, 0x00, 0xa5, 0xff, 0xff, 0xff, 0x00, 0xa5, 0xff,
  0xff, 0xff, 0x00, 0xa5, 0xff, 0xff, 0xff, 0x00, 0xa5, 0xff, 0xff, 0xff, 0x00, 0xa5, 0xff, 0xff,
  0xff, 0x00, 0xa5, 0xff, 0xff, 0xff, 0x00, 0xa5, 0xff, 0xff, 0xff, 0x00, 0xa5, 0xff, 0xff, 0xff,
  0x00, 0xa5, 0xff, 0xff, 0xff, 0x00, 0xa5, 0xff, 0xff, 0xff, 0x00, 0xa5, 0xff, 0xff, 0xff, 0x00,
  0xa5, 0xff, 0xff, 0xff, 0x00, 0xa5, 0xff, 0xff, 0xff, 0x00, 0xa5, 0xff, 0xff, 0xff, 0x00, 0xa5,
  0xff, 0xff, 0xff, 0x00, 0xa5, 0xff, 0xff, 0xff, 0x00, 0xa5, 0xff, 0xff, 0xff, 0x00, 0xa5, 0xff,
  0xff, 0xff, 0x00, 0xa5, 0xff, 0xff, 0xff, 0x00, 0xa5, 0xff, 0xff, 0xff, 0x00, 0xa5, 0xff, 0xff,
  0xff, 0x00, 0xa5, 0xff, 0xff, 0xff, 0x00, 0x59, 0x89, 0x89, 0x89, 0x00, 0x15, 0x40, 0x40, 0x40,
  0x17, 0x00, 0x00, 0x00, 0x00, 0x00, 0x00, 0x56, 0xff, 0xff, 0xff, 0xff, 0x8f, 0x02, 0x00, 0x00,
  0x00, 0x00, 0x55, 0xff, 0xff, 0xff, 0xff, 0xff, 0x9a, 0x00, 0x00, 0x00, 0x00, 0x57, 0xff, 0xff,
  0xff, 0xff, 0xff, 0xff, 0x1a, 0x00, 0x00, 0x00, 0x00, 0x13, 0x2f, 0xb1, 0xff, 0xff, 0xff, 0x51,
  0x00, 0x00, 0x00, 0x00, 0x00, 0x00, 0x66, 0xff, 0xff, 0xff, 0x65, 0x00, 0x00, 0x00, 0x00, 0x00,
  0x00, 0x51, 0xff, 0xff, 0xff, 0x71, 0x00, 0x00, 0x00, 0x00, 0x00, 0x00, 0x48, 0xff, 0xff, 0xff,
  0x7a, 0x00, 0x00, 0x00, 0x00, 0x00, 0x00, 0x3f, 0xff, 0xff, 0xff, 0x84, 0x00, 0x00, 0x00, 0x00,
  0x00, 0x00, 0x24, 0xff, 0xff, 0xff, 0x99, 0x00, 0x00, 0x00, 0x00, 0x00, 0x00, 0x00, 0xf7, 0xff,
  0xff, 0xdc, 0x03, 0x00, 0x00, 0x00, 0x00, 0x00, 0x00, 0xc3, 0xff, 0xff, 0xff, 0x8a, 0x00, 0x00,
  0x00, 0x00, 0x00, 0x00, 0x3e, 0xfa, 0xff, 0xff, 0xff, 0xd7, 0x82, 0x00, 0x00, 0x00, 0x00, 0x00,
  0x37, 0xee, 0xff, 0xff, 0xff, 0xad, 0x00, 0x00, 0x00, 0x00, 0x00, 0x50, 0xf0, 0xff, 0xff, 0xff,
  0xae, 0x00, 0x00, 0x00, 0x00, 0x3c, 0xff, 0xff, 0xff, 0xff, 0xfd, 0x8e, 0x00, 0x00, 0x00, 0x00,
  0xc1, 0xff, 0xff, 0xff, 0x69, 0x00, 0x00, 0x00, 0x00, 0x00, 0x02, 0xf8, 0xff, 0xff, 0xe0, 0x00,
  0x00, 0x00, 0x00, 0x00, 0x00, 0x2e, 0xff, 0xff, 0xff, 0x9a, 0x00, 0x00, 0x00, 0x00, 0x00, 0x00,
  0x4a, 0xff, 0xff, 0xff, 0x86, 0x00, 0x00, 0x00, 0x00, 0x00, 0x00, 0x4f, 0xff, 0xff, 0xff, 0x7a,
  0x00, 0x00, 0x00, 0x00, 0x00, 0x00, 0x54, 0xff, 0xff, 0xff, 0x73, 0x00, 0x00, 0x00, 0x00, 0x00,
  0x00, 0x69, 0xff, 0xff, 0xff, 0x67, 0x00, 0x00, 0x00, 0x00, 0x00, 0x11, 0xc0, 0xff, 0xff, 0xff,
  0x58, 0x00, 0x00, 0x00, 0x57, 0xff, 0xff, 0xff, 0xff, 0xff, 0xff, 0x24, 0x00, 0x00, 0x00, 0x55,
  0xff, 0xff, 0xff, 0xff, 0xff, 0x9e, 0x00, 0x00, 0x00, 0x00, 0x56, 0xff, 0xff, 0xff, 0xfe, 0x90,
  0x02, 0x00, 0x00, 0x00, 0x00, 0x15, 0x40, 0x40, 0x40, 0x17, 0x00, 0x00, 0x00, 0x00, 0x00, 0x00,
  0x00, 0x00, 0x00, 0x1c, 0x4f, 0x78, 0x5a, 0x24, 0x00, 0x00, 0x00, 0x00, 0x00, 0x00, 0x00, 0x12,
  0x4b, 0x00, 0x0d, 0xa9, 0xff, 0xff, 0xff, 0xff, 0xff, 0xbd, 0x73, 0x22, 0x00, 0x00, 0x00, 0x42,
  0xe2, 0x88, 0x05, 0xdb, 0xff, 0xff, 0xff, 0xff, 0xff, 0xff, 0xff, 0xff, 0xff, 0xc3, 0x92, 0xdc,
  0xff, 0xff, 0x88, 0x0a, 0xff, 0xff, 0xff, 0xff, 0xff, 0xff, 0xff, 0xff, 0xff, 0xff, 0xff, 0xff,
  0xff, 0xff, 0xff, 0x88, 0x08, 0xff, 0xf3, 0x9a, 0x5a, 0x56, 0x85, 0xde, 0xff, 0xff, 0xff, 0xff,
  0xff, 0xff, 0xff, 0xf0, 0x3e, 0x09, 0xd1, 0x24, 0x00, 0x00, 0x00, 0x00, 0x00, 0x3d, 0x9c, 0xef,
  0xff, 0xff, 0xff, 0xb6, 0x1e, 0x00, 0x03, 0x07, 0x00, 0x00, 0x00, 0x00, 0x00, 0x00, 0x00, 0x00,
  0x01, 0x23, 0x3f, 0x27, 0x00, 0x00, 0x00, 0x00, 0x00, 0x00, 0x2b, 0x91, 0xb2, 0xae, 0x8c, 0x1b,
  0x00, 0x00, 0x00, 0x00, 0x00, 0x53, 0xf5, 0xff, 0xff, 0xff, 0xff, 0xeb, 0x3e, 0x00, 0x00, 0x00,
  0x27, 0xf8, 0xfc, 0x9b, 0x55, 0x5e, 0xa7, 0xff, 0xea, 0x13, 0x00, 0x00, 0xb6, 0xff, 0x5c, 0x00,
  0x00, 0x00, 0x00, 0x7d, 0xff, 0x93, 0x00, 0x02, 0xf6, 0xef, 0x00, 0x00, 0x00, 0x00, 0x00, 0x0b,
  0xff, 0xd8, 0x00, 0x0e, 0xff, 0xd6, 0x00, 0x00, 0x00, 0x00, 0x00, 0x00, 0xf7, 0xf5, 0x00, 0x00,
  0xe7, 0xfe, 0x16, 0x00, 0x00, 0x00, 0x00, 0x34, 0xff, 0xc6, 0x00, 0x00, 0x97, 0xff, 0xba, 0x0c,
  0x00, 0x00, 0x17, 0xd1, 0xff, 0x75, 0x00, 0x00, 0x10, 0xe7, 0xff, 0xe2, 0x93, 0x9e, 0xea, 0xff,
  0xd0, 0x03, 0x00, 0x00, 0x00, 0x1d, 0xb8, 0xff, 0xff, 0xff, 0xfe, 0x9f, 0x13, 0x00, 0x00, 0x00,
  0x00, 0x00, 0x00, 0x23, 0x64, 0x5b, 0x18, 0x00, 0x00, 0x00, 0x00, 0x0f, 0x54, 0x54, 0x54, 0x54,
  0x54, 0x54, 0x54, 0x54, 0x54, 0x54, 0x54, 0x54, 0x54, 0x54, 0x54, 0x54, 0x54, 0x54, 0x54, 0x54,
  0x54, 0x54, 0x54, 0x54, 0x54, 0x54, 0x54, 0x54, 0x54, 0x54, 0x0f, 0x2d, 0xff, 0xff, 0xff, 0xff,
  0xff, 0xff, 0xff, 0xff, 0xff, 0xff, 0xff, 0xff, 0xff, 0xff, 0xff, 0xff, 0xff, 0xff, 0xff, 0xff,
  0xff, 0xff, 0xff, 0xff, 0xff, 0xff, 0xff, 0xff, 0xff, 0xff, 0x2d, 0x2d, 0xff, 0xff, 0xff, 0xff,
  0xff, 0xff, 0xff, 0xff, 0xff, 0xff, 0xff, 0xff, 0xff, 0xff, 0xff, 0xff, 0xff, 0xff, 0xff, 0xff,
  0xff, 0xff, 0xff, 0xff, 0xff, 0xff, 0xff, 0xff, 0xff, 0xff, 0x2d, 0x2d, 0xff, 0xff, 0xff, 0xff,
  0xff, 0xff, 0xff, 0xff, 0xff, 0xff, 0xff, 0xff, 0xff, 0xff, 0xff, 0xff, 0xff, 0xff, 0xff, 0xff,
  0xff, 0xff, 0xff, 0xff, 0xff, 0xff, 0xff, 0xff, 0xff, 0xff, 0x2d, 0x0f, 0x54, 0x54, 0x54, 0x54,
  0x54, 0x54, 0x54, 0x54, 0x54, 0x54, 0x54, 0x54, 0x54, 0x54, 0x54, 0x54, 0x54, 0x54, 0x54, 0x54,
  0x54, 0x54, 0x54, 0x54, 0x54, 0x54, 0x54, 0x54, 0x54, 0x54, 0x0f, 0x00, 0x08, 0x52, 0x6f, 0x63,
  0x6b, 0x77, 0x65, 0x6c, 0x6c, 0x00, 0x0e, 0x4d, 0x52, 0x6f, 0x63, 0x6b, 0x77, 0x65, 0x6c, 0x6c,
  0x2d, 0x42, 0x6f, 0x6c, 0x64, 0x01,
};
